주요 업무,자격요건 및 우대사항
 솔루션 및 프로젝트 기획  콘셉트와 내외부의 문제 요구 사항 필요한 기능 등 정의  초기 기획을 위해 구현하고자 하는 기술을 분석하고 고도화를 위한 방안 모색  기획한 바에 대한 일정 및 로드맵 수립 및 고도화 과정 전반 관여, 해당 직무에서 2 년 이상 경험을 보유하시고 스토리보드 작성이 가능하신 분  수단을 불문하고 협업자에게 정확한 의사와 의도 전달이 가능하신 분  직군을 불문하고 누구와도 적극적이고 원활한 소통이 가능하신 분  클라우드의 A to Z를 알고 싶고 기획자로서 서비스의 A to Z를 경험하고 싶으신 분  포트폴리오 제출 필수 다양한 B2B 프로젝트 케이스를 경험해 보신 분  애자일 방법론으로 Jira 또는 협업 Tool 사용을 해 보신 분  Web 특히 Back Office 기획 경험이 있으신 분  도메인을 불문하고 기술 기반의 Web Service 정책 수립 및 프로세스를 설계해 보신 분  DevOps에 대한 관심이 있으신 분  개발 경험이 있으신 분
 VitalCare 서비스 기획 웹 UIUX설계 시스템 구축에 대한 요구사항 분석 및 개선사항 도출 프로세스 및 정책 수립, 웹 서비스 기획 및 운영 5년 이상 경력 유저 스토리 기반의 요구사항을 기반으로 UIUX 디자인 경험 보유  데이터 흐름을 기반으로 흐름 제어 로직 디자인 경험 보유 개발 디자인 등 다양한 관련부서와 대면문서 커뮤니케이션 경험 보유 데이터를 통한 서비스 개선 전략 도출이 가능하신 분 고객 중심의 business 개발 서비스 기획 마인드 가지신 분 AIML 서비스 기획 경험이 있으신 분 머신러닝 서비스 개발 전체 파이프라인 데이터 구축 및 검수 모델 학습에 익숙하신 분  메디컬 도메인 기획 경험이 있으신 분
 온라인 마케팅 자동화 플랫폼 서비스 기획 및 운영 사용자의 문제를 정의하고 해결하는 서비스 전략의 설계 프로젝트의 성과 지표를 정의하고 타 포지션의 동료들과 협업해 프로젝트 운영 Customer Success 팀과의 커뮤니케이션 통해 고객의 성공을 위한 서비스 점검 및 개선, 3년 이상의 웹 서비스 기획 경험이 있는 분 IA 설계 와이어프레임 Flow Chart User Journey Map 등 전략적인 기획 역량이 있는 분 신규 프로젝트의 초기기획 및 런칭 경험이 있는 분 포트폴리오 제출 필수 B2B SaaS 기획 및 운영 경험이 있는 분 동영상 서비스를 기획한 경험이 있는 분 광고 도메인에서의 서비스 기획 및 운영 경험이 있는 분 글로벌 서비스를 기획한 경험이 있는 분 광고 산업에서 커리어를 쌓은 분
 프로젝트 매니징 업무 자사 서비스웹모바일 신규 기획 및 개선 데이터 분석 경쟁사 분석 등을 통한 인사이트 발굴, 웹모바일 기획 경력 5년 이상 PM 경력 보유자 B2C 플랫폼 경험 포트폴리오 제출 필요 기여도 50 이상 석사 이상 학위를 보유하셨거나 학술 시장에 대한 이해가 높으신 분 서비스에 대한 Ownership을 보유하신 분 적극적이고 능동적인 성향을 보유하신 분 팀 협업 타 부서와 원활하고 유연한 커뮤니케이션이 가능하신 분 데이터 기반으로 문제 파악 등 지표 개선을 경험하신 분
IT Vendor 및 사업계획 관리정보화 전략계획수립  시스템 TO_BE 구성안 수립IT타당성 검토 및 효과분석IT도입 및 운영관리  프로젝트 Management비즈니스 프로세스 분석 업무 수행ERP  BSI JDE legacy System 운영신규 ERP 프로젝트 관리infra  AWSAmazon Web ServicesDB  mysqlsystem  java spring boot,학력  4년제 대졸 이상경력  업무경력 10년 이상ERPWMS 운영 및 PM경력자IT 시스템 통합 구축 및 운영 경력자ITHWSWDBMS 기타 솔루션 등에 대한 전반적인 지식 보유자기업체 IT기획운영 팀장 경험자더존ERP 운영자 유통 생산 및MLM 이력 우대영어능통자Cloud computing operating system database networking securityIT Project Management Global Communication Problem Solving Skill 경험자
 미래에 가장 부가가치 높은 기술스킬노하우 교육 상품 런칭의 A to Z를 진행합니다 주제에 대한 시장성을 분석하고 리포트를 작성합니다 학습자 고객관점의 강의 콘텐츠의 컨셉과 내용을 기획하고 커리큘럼을 구성합니다 영상 콘텐츠 제작을 관리하고 콘텐츠 퀄리티 검수를 담당합니다 업계 TopTier 연사를 섭외합니다 마케터와 협업해 코스를 런칭합니다신입의 경우 PM과 함께 기획 단계에 참여하여 기획력을 습득하고 전반적인 운영관리 업무를 담당하는 APMAssistant PM으로 시작하게 됩니다, 경력 신사업기획개발  리서치  상품기획  MD 등 분야에서 3년미만의 경력이 있으신 분 고객이 선택하는 교육 콘텐츠의 미묘한 차이를 이해하고 개선점을 찾을 수 있는 분  다양한 자료와 과거 성과 분석을 통해 스스로 의사결정하고 이를 기획과 실행으로 옮길 수 있는 분 엑셀 구글스프레드시트 Keynote PPT 등의 본인이 선호하는 툴을 통해 사업 방향과 시장성에 대해 논리적으로 설득하고 커뮤니케이션 할 수 있는 분  문과 계열 학과 졸업생 인문학 어학 철학 경영 상경 교육 등 사업 및 창업 경험 우대 
 쿡앱스에서 앞으로 담당하실 업무예요 쿡앱스 사업지원팀에서 팀배틀 RPG 장르의 프로젝트 무명기사단을 글로벌 시장에 맞춰 서브컬쳐향으로 리메이크 합니다  서브컬쳐 유저를 타겟으로 한 스텔라 나이츠의 사업PM 으로서 사업 관점에서 글로벌 서비스 전체를 고민하고 대응해야 합니다 사업계획 BM 및 상품 기획을 통한 수익화 지표 분석 등의 업무를 담당합니다,이에요 사업 PM 업무 5년 이상이신 분 사업 전략에 따라 주요 KPI를 설정하고 방향을 잡을 수 있으신 분 BM  모델 설계에 따라 상품을 기획하실 수 있으신 분 마케팅 데이터 등의 유관 부서와 원활한 커뮤니케이션이 가능하신 분 지표를 확인하고 데이터를 리딩할 수 있으신 분 필수포트폴리오 제출  업무 포트폴리오 사업계획 상품기획 BM 설계 지표분석 이런 분이면 더 좋아요 일본을 비롯한 글로벌 시장에 출시 및 라이브 경험이 있으신 분 제2외국어 활용이 가능하신 분 영어 일본어 등 수집형을 비롯한 RPG 게임의 출시 및 라이브 경험이 있으신 분
이런 팀에서 일을 합니다  사업개발팀은 사업확대를 위해 반도체 관련 사업기회를 발굴하며 MA 및 사업투자검토를 진행합니다 사업기획 특허 법무 국책과제 담당자가 협업하여 업무를 수행합니다 반도체 산업에 대한 시장분석 경쟁사 또는 인수대상기업에 대해 기술가치평가를 통해 사업기회를 찾습니다이런 업무를 합니다  신사업을 기획 및 사업전략을 수립합니다 기업의 비전을 검토하고 방향성을 수립합니다 신사업에 대한 투자 타상성을 분석하고 평가합니다 투자사를 분석합니다 신규사업을 위한 선행기술을 조합니다 신규사업을 위한 기술 및 사업성을 평가합니다 사내 신규사업의 기술로드맵을 작성합니다 경영기획을 수행합니다 경영비전 및 경영전략을 수립합니다 중장기 전략 및 장단기 사업계획을 수립합니다 연도별 경영분석 및 지표를 산출합니다 법무 특허업무를 총괄합니다 계약서를 검토합니다 경영분쟁 및 소송이슈 발생시 대응합니다 신사업 기술을 분석합니다 사내 특허 출원유지보상 프로세스를 수립합니다 본사 및 자회사 특허를 출원합니다 특허 분쟁 발생시 대응합니다, 신사업 기획 및 관리 15년 이상 경력이 필요합니다팀을 리드한 5년이상 팀장경력을 포함합니다 전기전자공학 재료공학 기계공학 화학공학 전공이 필요합니다 반도체 산업내 신사업 기획 관리 경력이 필요합니다 다양한 분야에 대한 관심 및 학습 능력이 필요합니다 문제해결 및 원인 분석능력이 필요합니다 주도적 능동적 과제를 창출할 수 있는 능력이 필요합니다 최고수준의 투명성과 도덕성이 필요합니다 기획 법무 특허 전반 수행 또는 관리 경력이 있으면 좋습니다 전략기획 프로세스 실무경력이 있으면 좋습니다 제조 유통 대기업 상장기업 경력이 있으면 좋습니다 영어회화가 가능하면 더 좋습니다
사업계획 수립 및 운영사업분석 및 중장기 사업전략 수립정기 그룹사 회의 운영경영기획 관한 전반 업무,해당 유사 경력 최소 2년 이상 MS OFFICE  활용능력 우수자기업 경영기획 관련 업무 경험자보고서 작성 능력 우수자계획수립 및 분석 문제해결 능력 우수자
지자체 농업농촌 분야 사업 계획 수립 및 컨설팅농업경영체농협 영농조합법인 농업회사법인 등 사업계획 수립 및 컨설팅발식량작물 공동경영체 육성 컨설팅 및 농가 교육 진행학교급식로컬푸드직거래장터 기획생산체계 구축로컬푸드 직매장장터 개설 및 운영 컨설팅자료조사 및 수집 자료 정리교육계획 및 현장 진행사업계획 수립 및 컨설팅 업무 지원결과정산보고서 작성,대졸이상 석사동종업계 경력 2년 이상현장진행경험자교육 및 견학 연수진행MSoffice 활용운전가능
 글로벌 투자사들과 전기차 충전 태양광 풍력 등 친환경에너지 프로젝트의 금융구조 최적화를 위한 사업계획 재무  모델 구축 펀딩 전략 및 집행안 마련대출약정서 임대차계약 양수도 계약 EPCOM 계약 등을 포함한 관련 계약 검토협의 및 관리 투자 합작법인 설립 투자 이후 자금 출금 및 인출 자산관리 투자자 보고 등 어드민 업무 신규 투자 유치 및 투자자 대응, 재무 회계에 대한 기초적인 지식을 보유하신 분 새로운 시도와 실패를 두려워하지 않는 도전적인 정신을 보유하신 분 다양한 관계부서와의 커뮤니케이션에 능통하신 분 MS Office PowerPoint Excel Word 활용 중상급 이상이신 분금융기관컨설팅 회계법인 관련 경험이 있으신 분 발전 에너지 등 인프라 자산 투자 경험이 있으신 분 영어가 능통하신 분
전기차 충전기의 운영데이터 모니터링 및 분석 전기차 충전기 운영문제 해결 및 재발 방지전기차 충전기 운영보고서 작성운영 업무의 효율성을 높이기 위한 방안 제시,데이터에 기반하여 문제를 파악하고 지표를 개선한 경험이 있으신 분 사용자 관점으로 충전경험에서 발생하는 불편함의 원인을 고민하고 답을 찾기 위해 노력하시는 분 Excel 활용 능력이 중상급 이상이신 분동료 간 수평적인 구조를 중시하고 의견을 표현하는데 주저함이 없으며 다양한 팀과의 협업을 위한 커뮤니케이션이 원활하신 분새로운 시도와 실패를 두려워하지 않는 도전적인 성격을 지니신 분CX 개발자 디자이너 등 협업 부서와의 커뮤니케이션에 능통하신 분전기자동차 및 충전 관련 유사업무 경험이 있으신 분디바이스를 활용한 서비스나 IoT 기반 서비스 BM에 대한 이해도가 높으신 분창업 혹은 스타트업에서 근무한 경험이 있으신 분
채용직급  차부장급 1명 분야 컨슈머 및 헬스케어 비즈니스 전사 영업 사업전략 기획 및 현황 분석 단기 중장기 계획 수립 및 관리 사업 전략 수립 신규 사업 발굴 타당성 분석 경영성과 및 실적관리 매출 관리 손익 분석 사업 계획 단기 중장기 계획 수립 및 관리 신규 상품 기획 및 출시 주요 사업 제휴 및 기술 파트너 발굴 경쟁사 분석 및 시장 조사 국내외 시장 및 트렌드 조사 분석,학력  대졸 이상 4년경력  업무 경력 10년 이상어학  영어회화 가능자 경영 및 상경계열 전공 해외대학 졸업자 재무 회계 관련 기본 지식 신규 사업 경험 기획부터 런칭까지 전략기획 신사업 개발 및 검토 관련 경험 데이터 분석 및 OA 활용 능력 우수
 전사 경영전략 및 Revenue 전략 전사 경영혁신 주주사 대응 및 경영진 수명업무,  대졸 이상 전사전략 유관 경력 4년 이상 비즈니스 수준의 영어 커뮤니케이션 대기업 전략기획경영관리 또는 전략오퍼레이션 컨설팅 경력자 중장기 전략 설립 경험자 Finance Modeling 및 장표화 역량 보유자
MGRV가 전개하는 다양한 형태의 사업의 수익성 개선 및 고객 만족도 제고를 위한 영업 및 운영 전략을 수립합니다 재무적인 지표는 물론 customer journey 전반에 걸친 다양한 지표들을 테이터베이스화하고 분석하여 전략적 시사점을 도출하는 역할을 합니다 소규모 프로젝트를 독립적으로 맡아 이끌어 나가기도 하며 부동산개발운영시설브랜드 디자인개발 등 전사 모든 부서들과 밀접하게 협업합니다  Revenue manager로 가격 정책 운영을 통한 매출 증대  운영 중인 지점의 재무 및 운영 관련 선행 지표 관리  비즈니스 수익성 개선을 위한 전략 과제 선정 및 문제 해결  고객 및 공간 운영 데이터 분석을 통한 전략적 시사점 도출,  기업의 PL 지표에 대한 이해를 바탕으로 수익성 개선을 위한 과제 정의가 가능하신 분  문제 정의해결방안 탐색실행의 일련의 과정을 수행할 수 있는 분  데이터를 활용하여 실제 사업에 적용할 수 있는 분  각 종 데이터를 취합 분석 시각화가 가능한 분SQL 태블로 등 경험 우대  근성Grit을 가지고 새롭게 시도하며 끊임없이 성장하고자 하는 마음가짐Growth mindset을 지니신 분  코리빙Coliving 또는 O2O 비즈니스에 대한 이해와 열정이 있으신 분
 사업기획   사업전략 및 사업계획 수립   대외협력국내외 관련업체   IR  홍보업무 기술기획   기술조사 시장조사 기술로드맵 작성   RD 과제기획   국내외 RD 대외협력   정부과제 발굴 및 진행, 전장업체 경력자 전자컴퓨터정보통신 관련 전공자 시장과 기술에 대한 이해도가 높은 분 MS office 능숙자 영어 가능자 컴퓨터시스템 공학 전공 해당 직무 근무 경험 AVNIVI 시스템 개발 경험 QT 개발 경험 Git 활용 경험
IR  PR     코넥스 협회 정기 IRPR 자료 작성     기관투자자 등 IR 투자자 대응     주식현황 관련 홈페이지 관리 보도자료 작성,학력   대졸이상학력   3년 이상 컴퓨터 활용능력 우수 PPT EXCEL 보고자료 작성 등영어 회화 능력 토익 800점 이상 OPIC IH 등상장사 IR 업무 경력자 우대바이오  제약 업종 경력자 우대
MGRV가 전개하는 다양한 형태의 사업의 수익성 개선 및 고객 만족도 제고를 위한 영업 및 운영 전략을 수립합니다 재무적인 지표는 물론 customer journey 전반에 걸친 다양한 지표들을 테이터베이스화하고 분석하여 전략적 시사점을 도출하는 역할을 합니다 소규모 프로젝트를 독립적으로 맡아 이끌어 나가기도 하며 부동산개발운영시설브랜드 디자인개발 등 전사 모든 부서들과 밀접하게 협업합니다  Revenue manager로 가격 정책 운영을 통한 매출 증대  운영 중인 지점의 재무 및 운영 관련 선행 지표 관리  비즈니스 수익성 개선을 위한 전략 과제 선정 및 문제 해결  고객 및 공간 운영 데이터 분석을 통한 전략적 시사점 도출,  기업의 PL 지표에 대한 이해를 바탕으로 수익성 개선을 위한 과제 정의가 가능하신 분  문제 정의해결방안 탐색실행의 일련의 과정을 수행할 수 있는 분  데이터를 활용하여 실제 사업에 적용할 수 있는 분  각 종 데이터를 취합 분석 시각화가 가능한 분SQL 태블로 등 경험 우대  근성Grit을 가지고 새롭게 시도하며 끊임없이 성장하고자 하는 마음가짐Growth mindset을 지니신 분  코리빙Coliving 또는 O2O 비즈니스에 대한 이해와 열정이 있으신 분
 국제회의 등 행사 제안서 작성 및 실행PM 기업행사  나라장터 등 행사 제안서 작성 및 실행PM,  대졸이상 학력 보유자  제안서 및 경쟁 PT발표 가능자  PPT 작성 포토샵 일러스트 등 디자인 가능자 이벤트 BTL 등 기타 MICE분야 업무경험우대
이런 팀에서 일을 합니다  사업개발팀은 사업확대를 위해 반도체 관련 사업기회를 발굴하며 MA 및 사업투자검토를 진행합니다 사업기획 특허 법무 국책과제 담당자가 협업하여 업무를 수행합니다 반도체 산업에 대한 시장분석 경쟁사 또는 인수대상기업에 대해 기술가치평가를 통해 사업기회를 찾습니다이런 업무를 합니다  투자 및 MA 인수 대상 기업에 대한 특허 및 기술가치 사업성 등을 검토합니다 신규사업에 대한 선행기술 검토 개발로드맵 수립 경쟁사 검토 등을 통해 사업성을 검토합니다 신규사업 또는 기존 사업의 기술을 활용한 RD 기획 특허 아이디어 도출 등을 진행합니다 진행 중인 신규사업 신규 RD 과제 등을 과니하고 방향을 설정합니다, 전기전자공학 기계공학 반도체공학 재료공학 화학공학 등 이공계 전공 또는 5년이상 관련 사업 경력이 필요합니다 반도체 8대 공정 장비에 대한 기본적인 지식이 필요합니다 특허 및 선행기술 조사 RD 기획 등의 경험이 필요합니다 문제해결 및 원인분석 능력이 필요합니다 주도적이고 능동적으로 과제를 창출할 수 있어야 합니다 최고수준의 투명성과 도덕성이 필요합니다 ALD Etcher CVD CMP 등 반도체 장비 관련 경험이 있으면 좋겠습니다 다양한 분야에 대한 관심과 강한 학습욕구과 있으면 좋겠습니다 영어회화가 가능하면 더 좋습니다
이런 팀에서 일을 합니다  사업개발팀은 사업확대를 위해 반도체 관련 사업기회를 발굴하며 MA 및 사업투자검토를 진행합니다 사업기획 특허 법무 국책과제 담당자가 협업하여 업무를 수행합니다 반도체 산업에 대한 시장분석 경쟁사 또는 인수대상기업에 대해 기술가치평가를 통해 사업기회를 찾습니다이런 업무를 합니다  신사업을 기획 및 사업전략을 수립합니다 기업의 비전을 검토하고 방향성을 수립합니다 신사업에 대한 투자 타상성을 분석하고 평가합니다 투자사를 분석합니다 신규사업을 위한 선행기술을 조합니다 신규사업을 위한 기술 및 사업성을 평가합니다 사내 신규사업의 기술로드맵을 작성합니다 경영기획을 수행합니다 경영비전 및 경영전략을 수립합니다 중장기 전략 및 장단기 사업계획을 수립합니다 연도별 경영분석 및 지표를 산출합니다 법무 특허업무를 총괄합니다 계약서를 검토합니다 경영분쟁 및 소송이슈 발생시 대응합니다 신사업 기술을 분석합니다 사내 특허 출원유지보상 프로세스를 수립합니다 본사 및 자회사 특허를 출원합니다 특허 분쟁 발생시 대응합니다, 신사업 기획 및 관리 15년 이상 경력이 필요합니다팀을 리드한 5년이상 팀장경력을 포함합니다 전기전자공학 재료공학 기계공학 화학공학 전공이 필요합니다 반도체 산업내 신사업 기획 관리 경력이 필요합니다 다양한 분야에 대한 관심 및 학습 능력이 필요합니다 문제해결 및 원인 분석능력이 필요합니다 주도적 능동적 과제를 창출할 수 있는 능력이 필요합니다 최고수준의 투명성과 도덕성이 필요합니다 기획 법무 특허 전반 수행 또는 관리 경력이 있으면 좋습니다 전략기획 프로세스 실무경력이 있으면 좋습니다 제조 유통 대기업 상장기업 경력이 있으면 좋습니다 영어회화가 가능하면 더 좋습니다
직무 그룹DT전략기획주요RR그룹 DTAI전략 수립 데이터 통합을 위해 다양한 수요를 파악하여 개선 과제 도출 그룹 사업 및 DTAI기술 이해도 기반한 계열사 커뮤니케이션 역량 필요그룹DTAI 전략 수립 그룹 DTAI 전략 방향성 및 중장기 전략 수립 신기술 사업 발굴 및 기획 타당성 검토분석 시장기술 트렌드 기반 선도사경쟁사 분석그룹DT 기획 및 관리 DT핵심 전략 과제 발굴 로드맵 수립 등 전반적인 기획 업무 주요 과제 지원 및 실행 점검 대내외 커뮤니케이션 및 CLevel 보고 자료 작성그룹 데이터 정책 수립 데이터 거버넌스 체계 마련계열사 데이터 관련 협의관리 계열사 데이터 현황 파악 계열사 데이터 취합 수준 협의 계열사 間 데이터 통합 Use Case 발굴,Education 경영경제 또는 컴퓨터산업공학 관련 학사 학위 이상Experience 전략기획 또는 데이터 분석 프로젝트 기획 업무 경력 2년 이상SkillKnowledge 데이터 관련 지식 보유Experience 데이터 정책 수립 및 관련 협의체 운영 관련 경험 DTAI 전략 수립 경험 주요 경영진 보고 경험 대내외 커뮤니케이션 경험SkillKnowledge 그룹 데이터 특성에 대한 높은 이해도
 뷰티헬스케어리빙반려동물 등 제품별로 적합한 인플루언서 발굴 및 컨택 유튜버인스타그래머 등 인플루언서 협찬 콘텐츠 기획 및 가이드 작성 ppl 브랜디드 광고 등, 인플루언서 마케팅 경력 1년 이상 온라인 트렌드에 매우 민감하고 콘텐츠 소비량이 많으신 분 원활한 커뮤니케이션을 바탕으로 공감 및 설득 능력이 뛰어나신 분 기획력을 바탕으로 업무를 주도적으로 이끌어 가실 수 있는 분 뷰티 건강기능식품 카테고리 경험이 있으신 분 다양한 분야의 컨택 포인트를 갖춘 분ppl 작가 mcn 소속사 등
사업계획 수립 및 운영사업분석 및 중장기 사업전략 수립정기 그룹사 회의 운영경영기획 관한 전반 업무,해당 유사 경력 최소 2년 이상 MS OFFICE  활용능력 우수자기업 경영기획 관련 업무 경험자보고서 작성 능력 우수자계획수립 및 분석 문제해결 능력 우수자
광고 운영 컨텐츠 기획라이브커머스 기획제작홍보  바이럴 영상 기획제작클라이언트 관리광고 효과 분석 및 마케팅 전략 제안디자인 업무 포토샵, 경력  경력 4년 이상대리급과장급기획서 작성 유경험자Office 프로그램 활용 우수자유사업무 경력 보유자광고대행사 경력자광고홍보학과  마케팅 관련 전공자
지자체 농업농촌 분야 사업 계획 수립 및 컨설팅농업경영체농협 영농조합법인 농업회사법인 등 사업계획 수립 및 컨설팅발식량작물 공동경영체 육성 컨설팅 및 농가 교육 진행학교급식로컬푸드직거래장터 기획생산체계 구축로컬푸드 직매장장터 개설 및 운영 컨설팅자료조사 및 수집 자료 정리교육계획 및 현장 진행사업계획 수립 및 컨설팅 업무 지원결과정산보고서 작성,대졸이상 석사동종업계 경력 2년 이상현장진행경험자교육 및 견학 연수진행MSoffice 활용운전가능
 서비스 시장 분석 사용자 경험을 기반으로 서비스 개선  스프린트 단위로 개발되는 서비스에 대한 QA 진행  서비스 운영 정책 수립 및 운영  서비스 홍보 및 브랜딩을 위한 콘텐츠 기획 및 관리 서비스 홍보 및 관리 해외 , Figma PPT JIRA 등 디자인개발 협력 툴 사용에 능숙하신 분 관련 실무 경험을 보유하고 있는 분  시장을 이해하고 계속해서 방향성을 찾고 새로운 아이디어를 제안할 수 있는 분  디자이너 개발자와 소통 경험이 있으신 분  QA 경험이 있으신 분 스타트업 실무 경험을 보유하고 있으신 분  개발자 디자이너와 직접 협력해본 실무 경험을 보유하고 있으신 분  영어 능력 우수자의사소통이 원활히 가능한 자
에너지절감 및 탄소배출권 관련 사업관리 및 기획 인력스킬 OA,학력  대졸이상경력 경력 5년이상전공  에너지공학 산업공학 화학공학
 글로벌 투자사들과 전기차 충전 태양광 풍력 등 친환경에너지 프로젝트의 금융구조 최적화를 위한 사업계획 재무  모델 구축 펀딩 전략 및 집행안 마련대출약정서 임대차계약 양수도 계약 EPCOM 계약 등을 포함한 관련 계약 검토협의 및 관리 투자 합작법인 설립 투자 이후 자금 출금 및 인출 자산관리 투자자 보고 등 어드민 업무 신규 투자 유치 및 투자자 대응, 재무 회계에 대한 기초적인 지식을 보유하신 분 새로운 시도와 실패를 두려워하지 않는 도전적인 정신을 보유하신 분 다양한 관계부서와의 커뮤니케이션에 능통하신 분 MS Office PowerPoint Excel Word 활용 중상급 이상이신 분금융기관컨설팅 회계법인 관련 경험이 있으신 분 발전 에너지 등 인프라 자산 투자 경험이 있으신 분 영어가 능통하신 분
전기차 충전기의 운영데이터 모니터링 및 분석 전기차 충전기 운영문제 해결 및 재발 방지전기차 충전기 운영보고서 작성운영 업무의 효율성을 높이기 위한 방안 제시,데이터에 기반하여 문제를 파악하고 지표를 개선한 경험이 있으신 분 사용자 관점으로 충전경험에서 발생하는 불편함의 원인을 고민하고 답을 찾기 위해 노력하시는 분 Excel 활용 능력이 중상급 이상이신 분동료 간 수평적인 구조를 중시하고 의견을 표현하는데 주저함이 없으며 다양한 팀과의 협업을 위한 커뮤니케이션이 원활하신 분새로운 시도와 실패를 두려워하지 않는 도전적인 성격을 지니신 분CX 개발자 디자이너 등 협업 부서와의 커뮤니케이션에 능통하신 분전기자동차 및 충전 관련 유사업무 경험이 있으신 분디바이스를 활용한 서비스나 IoT 기반 서비스 BM에 대한 이해도가 높으신 분창업 혹은 스타트업에서 근무한 경험이 있으신 분
채용직급  차부장급 1명 분야 컨슈머 및 헬스케어 비즈니스 전사 영업 사업전략 기획 및 현황 분석 단기 중장기 계획 수립 및 관리 사업 전략 수립 신규 사업 발굴 타당성 분석 경영성과 및 실적관리 매출 관리 손익 분석 사업 계획 단기 중장기 계획 수립 및 관리 신규 상품 기획 및 출시 주요 사업 제휴 및 기술 파트너 발굴 경쟁사 분석 및 시장 조사 국내외 시장 및 트렌드 조사 분석,학력  대졸 이상 4년경력  업무 경력 10년 이상어학  영어회화 가능자 경영 및 상경계열 전공 해외대학 졸업자 재무 회계 관련 기본 지식 신규 사업 경험 기획부터 런칭까지 전략기획 신사업 개발 및 검토 관련 경험 데이터 분석 및 OA 활용 능력 우수
IT Vendor 및 사업계획 관리정보화 전략계획수립  시스템 TO_BE 구성안 수립IT타당성 검토 및 효과분석IT도입 및 운영관리  프로젝트 Management비즈니스 프로세스 분석 업무 수행ERP  BSI JDE legacy System 운영신규 ERP 프로젝트 관리infra  AWSAmazon Web ServicesDB  mysqlsystem  java spring boot,학력  4년제 대졸 이상경력  업무경력 10년 이상ERPWMS 운영 및 PM경력자IT 시스템 통합 구축 및 운영 경력자ITHWSWDBMS 기타 솔루션 등에 대한 전반적인 지식 보유자기업체 IT기획운영 팀장 경험자더존ERP 운영자 유통 생산 및MLM 이력 우대영어능통자Cloud computing operating system database networking securityIT Project Management Global Communication Problem Solving Skill 경험자
 더즌의 금융 솔루션 이용자B2B를 대상으로 한 admin 및 back office 기획 간단한 조작으로 솔루션 기능을 이용 가능하도록 하고 각종 데이터를 시각화하여 제공하는 대시보드 기획 이용자 feedback을 반영한 시스템 개선 사항 도출, Back office 화면 기획 Admin기획 경력 보유 이용자에게 최적화된 UIUX 설계가 가능하신 분 주도적으로 본인 의견을 제시하고 의사 결정하는데 능숙한 분 함께 오랫동안 일하고 서로 힘이 되어 줄 분 펌뱅킹 가상계좌 관련 서비스 기획 경험이 있으신 분 은행 업무 경험이 있으신 분
 미래에 가장 부가가치 높은 기술스킬노하우 교육 상품 런칭의 A to Z를 진행합니다 주제에 대한 시장성을 분석하고 리포트를 작성합니다 학습자 고객관점의 강의 콘텐츠의 컨셉과 내용을 기획하고 커리큘럼을 구성합니다 영상 콘텐츠 제작을 관리하고 콘텐츠 퀄리티 검수를 담당합니다 업계 TopTier 연사를 섭외합니다 마케터와 협업해 코스를 런칭합니다신입의 경우 PM과 함께 기획 단계에 참여하여 기획력을 습득하고 전반적인 운영관리 업무를 담당하는 APMAssistant PM으로 시작하게 됩니다, 경력 신사업기획개발  리서치  상품기획  MD 등 분야에서 3년미만의 경력이 있으신 분 고객이 선택하는 교육 콘텐츠의 미묘한 차이를 이해하고 개선점을 찾을 수 있는 분  다양한 자료와 과거 성과 분석을 통해 스스로 의사결정하고 이를 기획과 실행으로 옮길 수 있는 분 엑셀 구글스프레드시트 Keynote PPT 등의 본인이 선호하는 툴을 통해 사업 방향과 시장성에 대해 논리적으로 설득하고 커뮤니케이션 할 수 있는 분  문과 계열 학과 졸업생 인문학 어학 철학 경영 상경 교육 등 사업 및 창업 경험 우대 
IR  PR     코넥스 협회 정기 IRPR 자료 작성     기관투자자 등 IR 투자자 대응     주식현황 관련 홈페이지 관리 보도자료 작성,학력   대졸이상학력   3년 이상 컴퓨터 활용능력 우수 PPT EXCEL 보고자료 작성 등영어 회화 능력 토익 800점 이상 OPIC IH 등상장사 IR 업무 경력자 우대바이오  제약 업종 경력자 우대
IPX 부문 전략 수립   대내외 환경 분석 기반의 단기중장기 IP 사업 전략 수립신사업 개발 및 추진   NFT AI 버추얼 휴먼 등 Tech 기반 신사업 및 플랫폼 사업 기획실행 신사업 인큐베이팅   IP 기반 신규 BM 발굴 사업화 추진투자 검토 및 실행   사업적 시너지를 보유한 파트너사 지분 인수 및 MA 검토   Valuation 및 Due Diligence Term sheet 작성 계약 검토 등 실행 프로세스 진행, 대학교 4년제 졸업생 이상 경력 3년 이상필수역량전략기획팀 사업기획팀 또는 컨설팅펌에서 IP 기반 전략 수립 업무 경험 보유신규 사업 기회 발굴 및 사업 기획 경험 보유구조화 역량 및 전략적 사고 기반 보고서 작성 능력투자 검토를 위한 재무 회계 지식 및 Due Diligence 경험 보유자신의 의견을 명확하게 전달하고 소통하는 커뮤니케이션 스킬문제에 대한 명확한 인식과 분석을 토대로 최적의 대안을 도출하는 전략적 사고아티스트 캐릭터 IP 사업 또는 팬덤 비즈니스에 대한 이해도 보유자엔터테인먼트 콘텐츠 미디어 업종 또는 관련 컨설팅 업무 경력자영어 능통자경영학과 졸업자
 쿡앱스에서 앞으로 담당하실 업무예요 쿡앱스 사업지원팀에서 팀배틀 RPG 장르의 프로젝트 무명기사단을 글로벌 시장에 맞춰 서브컬쳐향으로 리메이크 합니다  서브컬쳐 유저를 타겟으로 한 스텔라 나이츠의 사업PM 으로서 사업 관점에서 글로벌 서비스 전체를 고민하고 대응해야 합니다 사업계획 BM 및 상품 기획을 통한 수익화 지표 분석 등의 업무를 담당합니다,이에요 사업 PM 업무 5년 이상이신 분 사업 전략에 따라 주요 KPI를 설정하고 방향을 잡을 수 있으신 분 BM  모델 설계에 따라 상품을 기획하실 수 있으신 분 마케팅 데이터 등의 유관 부서와 원활한 커뮤니케이션이 가능하신 분 지표를 확인하고 데이터를 리딩할 수 있으신 분 필수포트폴리오 제출  업무 포트폴리오 사업계획 상품기획 BM 설계 지표분석 이런 분이면 더 좋아요 일본을 비롯한 글로벌 시장에 출시 및 라이브 경험이 있으신 분 제2외국어 활용이 가능하신 분 영어 일본어 등 수집형을 비롯한 RPG 게임의 출시 및 라이브 경험이 있으신 분
 사업기획   사업전략 및 사업계획 수립   대외협력국내외 관련업체   IR  홍보업무 기술기획   기술조사 시장조사 기술로드맵 작성   RD 과제기획   국내외 RD 대외협력   정부과제 발굴 및 진행, 전장업체 경력자 전자컴퓨터정보통신 관련 전공자 시장과 기술에 대한 이해도가 높은 분 MS office 능숙자 영어 가능자 컴퓨터시스템 공학 전공 해당 직무 근무 경험 AVNIVI 시스템 개발 경험 QT 개발 경험 Git 활용 경험
 치과시장 동향 분석 서비스 전략 수립 및 신규 사업 발굴 플랫폼 사업 운영 및 서비스 확장, 영어 회화 능통 대학교 졸업 이상 관련 경력 3년 이상 치과 또는 의료 산업의 이해와 경험 보유자 해외출장에 결격사유가 없는 자 구강 보철 분야 또는 의료기기 분야에서의 경험 치과 관련 경력 또는 면허
직무 그룹DT전략기획주요RR그룹 DTAI전략 수립 데이터 통합을 위해 다양한 수요를 파악하여 개선 과제 도출 그룹 사업 및 DTAI기술 이해도 기반한 계열사 커뮤니케이션 역량 필요그룹DTAI 전략 수립 그룹 DTAI 전략 방향성 및 중장기 전략 수립 신기술 사업 발굴 및 기획 타당성 검토분석 시장기술 트렌드 기반 선도사경쟁사 분석그룹DT 기획 및 관리 DT핵심 전략 과제 발굴 로드맵 수립 등 전반적인 기획 업무 주요 과제 지원 및 실행 점검 대내외 커뮤니케이션 및 CLevel 보고 자료 작성그룹 데이터 정책 수립 데이터 거버넌스 체계 마련계열사 데이터 관련 협의관리 계열사 데이터 현황 파악 계열사 데이터 취합 수준 협의 계열사 間 데이터 통합 Use Case 발굴,Education 경영경제 또는 컴퓨터산업공학 관련 학사 학위 이상Experience 전략기획 또는 데이터 분석 프로젝트 기획 업무 경력 2년 이상SkillKnowledge 데이터 관련 지식 보유Experience 데이터 정책 수립 및 관련 협의체 운영 관련 경험 DTAI 전략 수립 경험 주요 경영진 보고 경험 대내외 커뮤니케이션 경험SkillKnowledge 그룹 데이터 특성에 대한 높은 이해도
 솔루션 및 프로젝트 기획  콘셉트와 내외부의 문제 요구 사항 필요한 기능 등 정의  초기 기획을 위해 구현하고자 하는 기술을 분석하고 고도화를 위한 방안 모색  기획한 바에 대한 일정 및 로드맵 수립 및 고도화 과정 전반 관여, 해당 직무에서 2 년 이상 경험을 보유하시고 스토리보드 작성이 가능하신 분  수단을 불문하고 협업자에게 정확한 의사와 의도 전달이 가능하신 분  직군을 불문하고 누구와도 적극적이고 원활한 소통이 가능하신 분  클라우드의 A to Z를 알고 싶고 기획자로서 서비스의 A to Z를 경험하고 싶으신 분  포트폴리오 제출 필수 다양한 B2B 프로젝트 케이스를 경험해 보신 분  애자일 방법론으로 Jira 또는 협업 Tool 사용을 해 보신 분  Web 특히 Back Office 기획 경험이 있으신 분  도메인을 불문하고 기술 기반의 Web Service 정책 수립 및 프로세스를 설계해 보신 분  DevOps에 대한 관심이 있으신 분  개발 경험이 있으신 분
 뷰티헬스케어리빙반려동물 등 제품별로 적합한 인플루언서 발굴 및 컨택 유튜버인스타그래머 등 인플루언서 협찬 콘텐츠 기획 및 가이드 작성 ppl 브랜디드 광고 등, 인플루언서 마케팅 경력 1년 이상 온라인 트렌드에 매우 민감하고 콘텐츠 소비량이 많으신 분 원활한 커뮤니케이션을 바탕으로 공감 및 설득 능력이 뛰어나신 분 기획력을 바탕으로 업무를 주도적으로 이끌어 가실 수 있는 분 뷰티 건강기능식품 카테고리 경험이 있으신 분 다양한 분야의 컨택 포인트를 갖춘 분ppl 작가 mcn 소속사 등
 VitalCare 서비스 기획 웹 UIUX설계 시스템 구축에 대한 요구사항 분석 및 개선사항 도출 프로세스 및 정책 수립, 웹 서비스 기획 및 운영 5년 이상 경력 유저 스토리 기반의 요구사항을 기반으로 UIUX 디자인 경험 보유  데이터 흐름을 기반으로 흐름 제어 로직 디자인 경험 보유 개발 디자인 등 다양한 관련부서와 대면문서 커뮤니케이션 경험 보유 데이터를 통한 서비스 개선 전략 도출이 가능하신 분 고객 중심의 business 개발 서비스 기획 마인드 가지신 분 AIML 서비스 기획 경험이 있으신 분 머신러닝 서비스 개발 전체 파이프라인 데이터 구축 및 검수 모델 학습에 익숙하신 분  메디컬 도메인 기획 경험이 있으신 분
 온라인 마케팅 자동화 플랫폼 서비스 기획 및 운영 사용자의 문제를 정의하고 해결하는 서비스 전략의 설계 프로젝트의 성과 지표를 정의하고 타 포지션의 동료들과 협업해 프로젝트 운영 Customer Success 팀과의 커뮤니케이션 통해 고객의 성공을 위한 서비스 점검 및 개선, 3년 이상의 웹 서비스 기획 경험이 있는 분 IA 설계 와이어프레임 Flow Chart User Journey Map 등 전략적인 기획 역량이 있는 분 신규 프로젝트의 초기기획 및 런칭 경험이 있는 분 포트폴리오 제출 필수 B2B SaaS 기획 및 운영 경험이 있는 분 동영상 서비스를 기획한 경험이 있는 분 광고 도메인에서의 서비스 기획 및 운영 경험이 있는 분 글로벌 서비스를 기획한 경험이 있는 분 광고 산업에서 커리어를 쌓은 분
광고 운영 컨텐츠 기획라이브커머스 기획제작홍보  바이럴 영상 기획제작클라이언트 관리광고 효과 분석 및 마케팅 전략 제안디자인 업무 포토샵, 경력  경력 4년 이상대리급과장급기획서 작성 유경험자Office 프로그램 활용 우수자유사업무 경력 보유자광고대행사 경력자광고홍보학과  마케팅 관련 전공자
 서비스 시장 분석 사용자 경험을 기반으로 서비스 개선  스프린트 단위로 개발되는 서비스에 대한 QA 진행  서비스 운영 정책 수립 및 운영  서비스 홍보 및 브랜딩을 위한 콘텐츠 기획 및 관리 서비스 홍보 및 관리 해외 , Figma PPT JIRA 등 디자인개발 협력 툴 사용에 능숙하신 분 관련 실무 경험을 보유하고 있는 분  시장을 이해하고 계속해서 방향성을 찾고 새로운 아이디어를 제안할 수 있는 분  디자이너 개발자와 소통 경험이 있으신 분  QA 경험이 있으신 분 스타트업 실무 경험을 보유하고 있으신 분  개발자 디자이너와 직접 협력해본 실무 경험을 보유하고 있으신 분  영어 능력 우수자의사소통이 원활히 가능한 자
 프로젝트 매니징 업무 자사 서비스웹모바일 신규 기획 및 개선 데이터 분석 경쟁사 분석 등을 통한 인사이트 발굴, 웹모바일 기획 경력 5년 이상 PM 경력 보유자 B2C 플랫폼 경험 포트폴리오 제출 필요 기여도 50 이상 석사 이상 학위를 보유하셨거나 학술 시장에 대한 이해가 높으신 분 서비스에 대한 Ownership을 보유하신 분 적극적이고 능동적인 성향을 보유하신 분 팀 협업 타 부서와 원활하고 유연한 커뮤니케이션이 가능하신 분 데이터 기반으로 문제 파악 등 지표 개선을 경험하신 분
 더즌의 금융 솔루션 이용자B2B를 대상으로 한 admin 및 back office 기획 간단한 조작으로 솔루션 기능을 이용 가능하도록 하고 각종 데이터를 시각화하여 제공하는 대시보드 기획 이용자 feedback을 반영한 시스템 개선 사항 도출, Back office 화면 기획 Admin기획 경력 보유 이용자에게 최적화된 UIUX 설계가 가능하신 분 주도적으로 본인 의견을 제시하고 의사 결정하는데 능숙한 분 함께 오랫동안 일하고 서로 힘이 되어 줄 분 펌뱅킹 가상계좌 관련 서비스 기획 경험이 있으신 분 은행 업무 경험이 있으신 분
 글로벌 치과업체 및 랩과의 커뮤니케이션 진행비즈니스 마케팅 기술 협업 관련 논의 및 협약 파트너십 목표 및 전략 설정 파트너 업체와 랩 유치 및 관계 강화 해외출장에 결격사유가 없는 자, 영어 능통자 사업 및 파트너십 업무 경력 1년 이상 해외출장에 결격사유가 없는 자 다국어 능통자 글로벌 치과업체 및 랩과의 파트너십 경험 개발 관련 기초지식
 직무개요신규 3세대 블록체인 기반의 분산 애플리케이션dApp 서비스 기획과 전략을 개발하고 사용자 중심의 dApp 서비스 경험을 제공 및 관리 부가적으로 기술영업 및 컨퍼런스 등 커뮤니티 활동 지원 주요직무 dApp 서비스 기획 및 전략 개발 사용자 요구사항 분석 개발 요구 및 테스트 블록체인 솔루션 기술영업 및 개발자 교육 프로그램 운영 지원, 유관 경력 5년 이상 학력 무관해외 커뮤니티 활동 지원을 위한 영어회화
 치과시장 동향 분석 서비스 전략 수립 및 신규 사업 발굴 플랫폼 사업 운영 및 서비스 확장, 영어 회화 능통 대학교 졸업 이상 관련 경력 3년 이상 치과 또는 의료 산업의 이해와 경험 보유자 해외출장에 결격사유가 없는 자 구강 보철 분야 또는 의료기기 분야에서의 경험 치과 관련 경력 또는 면허
이런 팀에서 일을 합니다  사업개발팀은 사업확대를 위해 반도체 관련 사업기회를 발굴하며 MA 및 사업투자검토를 진행합니다 사업기획 특허 법무 국책과제 담당자가 협업하여 업무를 수행합니다 반도체 산업에 대한 시장분석 경쟁사 또는 인수대상기업에 대해 기술가치평가를 통해 사업기회를 찾습니다이런 업무를 합니다  투자 및 MA 인수 대상 기업에 대한 특허 및 기술가치 사업성 등을 검토합니다 신규사업에 대한 선행기술 검토 개발로드맵 수립 경쟁사 검토 등을 통해 사업성을 검토합니다 신규사업 또는 기존 사업의 기술을 활용한 RD 기획 특허 아이디어 도출 등을 진행합니다 진행 중인 신규사업 신규 RD 과제 등을 과니하고 방향을 설정합니다, 전기전자공학 기계공학 반도체공학 재료공학 화학공학 등 이공계 전공 또는 5년이상 관련 사업 경력이 필요합니다 반도체 8대 공정 장비에 대한 기본적인 지식이 필요합니다 특허 및 선행기술 조사 RD 기획 등의 경험이 필요합니다 문제해결 및 원인분석 능력이 필요합니다 주도적이고 능동적으로 과제를 창출할 수 있어야 합니다 최고수준의 투명성과 도덕성이 필요합니다 ALD Etcher CVD CMP 등 반도체 장비 관련 경험이 있으면 좋겠습니다 다양한 분야에 대한 관심과 강한 학습욕구과 있으면 좋겠습니다 영어회화가 가능하면 더 좋습니다
이런 팀에서 일을 합니다  사업개발팀은 사업확대를 위해 반도체 관련 사업기회를 발굴하며 MA 및 사업투자검토를 진행합니다 사업기획 특허 법무 국책과제 담당자가 협업하여 업무를 수행합니다 반도체 산업에 대한 시장분석 경쟁사 또는 인수대상기업에 대해 기술가치평가를 통해 사업기회를 찾습니다이런 업무를 합니다  신사업을 기획 및 사업전략을 수립합니다 기업의 비전을 검토하고 방향성을 수립합니다 신사업에 대한 투자 타상성을 분석하고 평가합니다 투자사를 분석합니다 신규사업을 위한 선행기술을 조합니다 신규사업을 위한 기술 및 사업성을 평가합니다 사내 신규사업의 기술로드맵을 작성합니다 경영기획을 수행합니다 경영비전 및 경영전략을 수립합니다 중장기 전략 및 장단기 사업계획을 수립합니다 연도별 경영분석 및 지표를 산출합니다 법무 특허업무를 총괄합니다 계약서를 검토합니다 경영분쟁 및 소송이슈 발생시 대응합니다 신사업 기술을 분석합니다 사내 특허 출원유지보상 프로세스를 수립합니다 본사 및 자회사 특허를 출원합니다 특허 분쟁 발생시 대응합니다, 신사업 기획 및 관리 15년 이상 경력이 필요합니다팀을 리드한 5년이상 팀장경력을 포함합니다 전기전자공학 재료공학 기계공학 화학공학 전공이 필요합니다 반도체 산업내 신사업 기획 관리 경력이 필요합니다 다양한 분야에 대한 관심 및 학습 능력이 필요합니다 문제해결 및 원인 분석능력이 필요합니다 주도적 능동적 과제를 창출할 수 있는 능력이 필요합니다 최고수준의 투명성과 도덕성이 필요합니다 기획 법무 특허 전반 수행 또는 관리 경력이 있으면 좋습니다 전략기획 프로세스 실무경력이 있으면 좋습니다 제조 유통 대기업 상장기업 경력이 있으면 좋습니다 영어회화가 가능하면 더 좋습니다
직무 그룹DT전략기획주요RR그룹 DTAI전략 수립 데이터 통합을 위해 다양한 수요를 파악하여 개선 과제 도출 그룹 사업 및 DTAI기술 이해도 기반한 계열사 커뮤니케이션 역량 필요그룹DTAI 전략 수립 그룹 DTAI 전략 방향성 및 중장기 전략 수립 신기술 사업 발굴 및 기획 타당성 검토분석 시장기술 트렌드 기반 선도사경쟁사 분석그룹DT 기획 및 관리 DT핵심 전략 과제 발굴 로드맵 수립 등 전반적인 기획 업무 주요 과제 지원 및 실행 점검 대내외 커뮤니케이션 및 CLevel 보고 자료 작성그룹 데이터 정책 수립 데이터 거버넌스 체계 마련계열사 데이터 관련 협의관리 계열사 데이터 현황 파악 계열사 데이터 취합 수준 협의 계열사 間 데이터 통합 Use Case 발굴,Education 경영경제 또는 컴퓨터산업공학 관련 학사 학위 이상Experience 전략기획 또는 데이터 분석 프로젝트 기획 업무 경력 2년 이상SkillKnowledge 데이터 관련 지식 보유Experience 데이터 정책 수립 및 관련 협의체 운영 관련 경험 DTAI 전략 수립 경험 주요 경영진 보고 경험 대내외 커뮤니케이션 경험SkillKnowledge 그룹 데이터 특성에 대한 높은 이해도
 솔루션 및 프로젝트 기획  콘셉트와 내외부의 문제 요구 사항 필요한 기능 등 정의  초기 기획을 위해 구현하고자 하는 기술을 분석하고 고도화를 위한 방안 모색  기획한 바에 대한 일정 및 로드맵 수립 및 고도화 과정 전반 관여, 해당 직무에서 2 년 이상 경험을 보유하시고 스토리보드 작성이 가능하신 분  수단을 불문하고 협업자에게 정확한 의사와 의도 전달이 가능하신 분  직군을 불문하고 누구와도 적극적이고 원활한 소통이 가능하신 분  클라우드의 A to Z를 알고 싶고 기획자로서 서비스의 A to Z를 경험하고 싶으신 분  포트폴리오 제출 필수 다양한 B2B 프로젝트 케이스를 경험해 보신 분  애자일 방법론으로 Jira 또는 협업 Tool 사용을 해 보신 분  Web 특히 Back Office 기획 경험이 있으신 분  도메인을 불문하고 기술 기반의 Web Service 정책 수립 및 프로세스를 설계해 보신 분  DevOps에 대한 관심이 있으신 분  개발 경험이 있으신 분
 뷰티헬스케어리빙반려동물 등 제품별로 적합한 인플루언서 발굴 및 컨택 유튜버인스타그래머 등 인플루언서 협찬 콘텐츠 기획 및 가이드 작성 ppl 브랜디드 광고 등, 인플루언서 마케팅 경력 1년 이상 온라인 트렌드에 매우 민감하고 콘텐츠 소비량이 많으신 분 원활한 커뮤니케이션을 바탕으로 공감 및 설득 능력이 뛰어나신 분 기획력을 바탕으로 업무를 주도적으로 이끌어 가실 수 있는 분 뷰티 건강기능식품 카테고리 경험이 있으신 분 다양한 분야의 컨택 포인트를 갖춘 분ppl 작가 mcn 소속사 등
 VitalCare 서비스 기획 웹 UIUX설계 시스템 구축에 대한 요구사항 분석 및 개선사항 도출 프로세스 및 정책 수립, 웹 서비스 기획 및 운영 5년 이상 경력 유저 스토리 기반의 요구사항을 기반으로 UIUX 디자인 경험 보유  데이터 흐름을 기반으로 흐름 제어 로직 디자인 경험 보유 개발 디자인 등 다양한 관련부서와 대면문서 커뮤니케이션 경험 보유 데이터를 통한 서비스 개선 전략 도출이 가능하신 분 고객 중심의 business 개발 서비스 기획 마인드 가지신 분 AIML 서비스 기획 경험이 있으신 분 머신러닝 서비스 개발 전체 파이프라인 데이터 구축 및 검수 모델 학습에 익숙하신 분  메디컬 도메인 기획 경험이 있으신 분
 온라인 마케팅 자동화 플랫폼 서비스 기획 및 운영 사용자의 문제를 정의하고 해결하는 서비스 전략의 설계 프로젝트의 성과 지표를 정의하고 타 포지션의 동료들과 협업해 프로젝트 운영 Customer Success 팀과의 커뮤니케이션 통해 고객의 성공을 위한 서비스 점검 및 개선, 3년 이상의 웹 서비스 기획 경험이 있는 분 IA 설계 와이어프레임 Flow Chart User Journey Map 등 전략적인 기획 역량이 있는 분 신규 프로젝트의 초기기획 및 런칭 경험이 있는 분 포트폴리오 제출 필수 B2B SaaS 기획 및 운영 경험이 있는 분 동영상 서비스를 기획한 경험이 있는 분 광고 도메인에서의 서비스 기획 및 운영 경험이 있는 분 글로벌 서비스를 기획한 경험이 있는 분 광고 산업에서 커리어를 쌓은 분
사업계획 수립 및 운영사업분석 및 중장기 사업전략 수립정기 그룹사 회의 운영경영기획 관한 전반 업무,해당 유사 경력 최소 2년 이상 MS OFFICE  활용능력 우수자기업 경영기획 관련 업무 경험자보고서 작성 능력 우수자계획수립 및 분석 문제해결 능력 우수자
광고 운영 컨텐츠 기획라이브커머스 기획제작홍보  바이럴 영상 기획제작클라이언트 관리광고 효과 분석 및 마케팅 전략 제안디자인 업무 포토샵, 경력  경력 4년 이상대리급과장급기획서 작성 유경험자Office 프로그램 활용 우수자유사업무 경력 보유자광고대행사 경력자광고홍보학과  마케팅 관련 전공자
지자체 농업농촌 분야 사업 계획 수립 및 컨설팅농업경영체농협 영농조합법인 농업회사법인 등 사업계획 수립 및 컨설팅발식량작물 공동경영체 육성 컨설팅 및 농가 교육 진행학교급식로컬푸드직거래장터 기획생산체계 구축로컬푸드 직매장장터 개설 및 운영 컨설팅자료조사 및 수집 자료 정리교육계획 및 현장 진행사업계획 수립 및 컨설팅 업무 지원결과정산보고서 작성,대졸이상 석사동종업계 경력 2년 이상현장진행경험자교육 및 견학 연수진행MSoffice 활용운전가능
 서비스 시장 분석 사용자 경험을 기반으로 서비스 개선  스프린트 단위로 개발되는 서비스에 대한 QA 진행  서비스 운영 정책 수립 및 운영  서비스 홍보 및 브랜딩을 위한 콘텐츠 기획 및 관리 서비스 홍보 및 관리 해외 , Figma PPT JIRA 등 디자인개발 협력 툴 사용에 능숙하신 분 관련 실무 경험을 보유하고 있는 분  시장을 이해하고 계속해서 방향성을 찾고 새로운 아이디어를 제안할 수 있는 분  디자이너 개발자와 소통 경험이 있으신 분  QA 경험이 있으신 분 스타트업 실무 경험을 보유하고 있으신 분  개발자 디자이너와 직접 협력해본 실무 경험을 보유하고 있으신 분  영어 능력 우수자의사소통이 원활히 가능한 자
 정보보안 트렌드 리서치 정보보안 서비스 및 제품 전략 수립 정보보안 기술 분석 및 정보보안 아키텍쳐 수립, 학력  초대졸 이상 경력 4년이상   유관경력인정  정보보호 IT네트워크시스템 기획 인증 컨설팅업무 등 정보보안 아키텍쳐 및 제품에 대한 이해를 하는 자 기본 문서 작성이 가능한 자 해외여행에 결격사유가 없는 자 정보보안 관련 전공 우대 정보보안 업무 유경험자 우대 외부조직과의 협업에 거부감이 없는 자
 글로벌 투자사들과 전기차 충전 태양광 풍력 등 친환경에너지 프로젝트의 금융구조 최적화를 위한 사업계획 재무  모델 구축 펀딩 전략 및 집행안 마련대출약정서 임대차계약 양수도 계약 EPCOM 계약 등을 포함한 관련 계약 검토협의 및 관리 투자 합작법인 설립 투자 이후 자금 출금 및 인출 자산관리 투자자 보고 등 어드민 업무 신규 투자 유치 및 투자자 대응, 재무 회계에 대한 기초적인 지식을 보유하신 분 새로운 시도와 실패를 두려워하지 않는 도전적인 정신을 보유하신 분 다양한 관계부서와의 커뮤니케이션에 능통하신 분 MS Office PowerPoint Excel Word 활용 중상급 이상이신 분금융기관컨설팅 회계법인 관련 경험이 있으신 분 발전 에너지 등 인프라 자산 투자 경험이 있으신 분 영어가 능통하신 분
전기차 충전기의 운영데이터 모니터링 및 분석 전기차 충전기 운영문제 해결 및 재발 방지전기차 충전기 운영보고서 작성운영 업무의 효율성을 높이기 위한 방안 제시,데이터에 기반하여 문제를 파악하고 지표를 개선한 경험이 있으신 분 사용자 관점으로 충전경험에서 발생하는 불편함의 원인을 고민하고 답을 찾기 위해 노력하시는 분 Excel 활용 능력이 중상급 이상이신 분동료 간 수평적인 구조를 중시하고 의견을 표현하는데 주저함이 없으며 다양한 팀과의 협업을 위한 커뮤니케이션이 원활하신 분새로운 시도와 실패를 두려워하지 않는 도전적인 성격을 지니신 분CX 개발자 디자이너 등 협업 부서와의 커뮤니케이션에 능통하신 분전기자동차 및 충전 관련 유사업무 경험이 있으신 분디바이스를 활용한 서비스나 IoT 기반 서비스 BM에 대한 이해도가 높으신 분창업 혹은 스타트업에서 근무한 경험이 있으신 분
채용직급  차부장급 1명 분야 컨슈머 및 헬스케어 비즈니스 전사 영업 사업전략 기획 및 현황 분석 단기 중장기 계획 수립 및 관리 사업 전략 수립 신규 사업 발굴 타당성 분석 경영성과 및 실적관리 매출 관리 손익 분석 사업 계획 단기 중장기 계획 수립 및 관리 신규 상품 기획 및 출시 주요 사업 제휴 및 기술 파트너 발굴 경쟁사 분석 및 시장 조사 국내외 시장 및 트렌드 조사 분석,학력  대졸 이상 4년경력  업무 경력 10년 이상어학  영어회화 가능자 경영 및 상경계열 전공 해외대학 졸업자 재무 회계 관련 기본 지식 신규 사업 경험 기획부터 런칭까지 전략기획 신사업 개발 및 검토 관련 경험 데이터 분석 및 OA 활용 능력 우수
 프로젝트 매니징 업무 자사 서비스웹모바일 신규 기획 및 개선 데이터 분석 경쟁사 분석 등을 통한 인사이트 발굴, 웹모바일 기획 경력 5년 이상 PM 경력 보유자 B2C 플랫폼 경험 포트폴리오 제출 필요 기여도 50 이상 석사 이상 학위를 보유하셨거나 학술 시장에 대한 이해가 높으신 분 서비스에 대한 Ownership을 보유하신 분 적극적이고 능동적인 성향을 보유하신 분 팀 협업 타 부서와 원활하고 유연한 커뮤니케이션이 가능하신 분 데이터 기반으로 문제 파악 등 지표 개선을 경험하신 분
IT Vendor 및 사업계획 관리정보화 전략계획수립  시스템 TO_BE 구성안 수립IT타당성 검토 및 효과분석IT도입 및 운영관리  프로젝트 Management비즈니스 프로세스 분석 업무 수행ERP  BSI JDE legacy System 운영신규 ERP 프로젝트 관리infra  AWSAmazon Web ServicesDB  mysqlsystem  java spring boot,학력  4년제 대졸 이상경력  업무경력 10년 이상ERPWMS 운영 및 PM경력자IT 시스템 통합 구축 및 운영 경력자ITHWSWDBMS 기타 솔루션 등에 대한 전반적인 지식 보유자기업체 IT기획운영 팀장 경험자더존ERP 운영자 유통 생산 및MLM 이력 우대영어능통자Cloud computing operating system database networking securityIT Project Management Global Communication Problem Solving Skill 경험자
 더즌의 금융 솔루션 이용자B2B를 대상으로 한 admin 및 back office 기획 간단한 조작으로 솔루션 기능을 이용 가능하도록 하고 각종 데이터를 시각화하여 제공하는 대시보드 기획 이용자 feedback을 반영한 시스템 개선 사항 도출, Back office 화면 기획 Admin기획 경력 보유 이용자에게 최적화된 UIUX 설계가 가능하신 분 주도적으로 본인 의견을 제시하고 의사 결정하는데 능숙한 분 함께 오랫동안 일하고 서로 힘이 되어 줄 분 펌뱅킹 가상계좌 관련 서비스 기획 경험이 있으신 분 은행 업무 경험이 있으신 분
 매출실적관리 및 보고 매출세금계산서 발행 입찰 관리 파트너사광고주 관리 수주 오류 검토, 관련 분야 경력을 3년 이상 보유하신 분 MSOffice 활용 능력이 우수하신 분 SAP ERP 사용 경험이 있으신 분 협업과 소통능력이 뛰어나신 분 변화에 유연하며 빠른 업무 습득력을 보유하신 분 광고 업계 또는 옥외 광고의 이해도가 높으신 분 이커머스 관련 업무 경험해 보신 분 세무회계 관련 지식 및 자격증을 보유하신 분
 미래에 가장 부가가치 높은 기술스킬노하우 교육 상품 런칭의 A to Z를 진행합니다 주제에 대한 시장성을 분석하고 리포트를 작성합니다 학습자 고객관점의 강의 콘텐츠의 컨셉과 내용을 기획하고 커리큘럼을 구성합니다 영상 콘텐츠 제작을 관리하고 콘텐츠 퀄리티 검수를 담당합니다 업계 TopTier 연사를 섭외합니다 마케터와 협업해 코스를 런칭합니다신입의 경우 PM과 함께 기획 단계에 참여하여 기획력을 습득하고 전반적인 운영관리 업무를 담당하는 APMAssistant PM으로 시작하게 됩니다, 경력 신사업기획개발  리서치  상품기획  MD 등 분야에서 3년미만의 경력이 있으신 분 고객이 선택하는 교육 콘텐츠의 미묘한 차이를 이해하고 개선점을 찾을 수 있는 분  다양한 자료와 과거 성과 분석을 통해 스스로 의사결정하고 이를 기획과 실행으로 옮길 수 있는 분 엑셀 구글스프레드시트 Keynote PPT 등의 본인이 선호하는 툴을 통해 사업 방향과 시장성에 대해 논리적으로 설득하고 커뮤니케이션 할 수 있는 분  문과 계열 학과 졸업생 인문학 어학 철학 경영 상경 교육 등 사업 및 창업 경험 우대 
 인하우스 컨설팅 사업구조 및 업무 프로세스 고도화를 위한 제도 및 사업 환경 개선 컨설팅 수행 프로젝트 기획 및 관리 신규 프로젝트 사업성 검토 전략 수립 BM 발굴 등 구체적 실행 방안 기획과                                        관리 업무 수행 파트너사 제휴 추진 중인 사업의 시너지 발현을 위한 전략적 파트너십 발굴 및 제휴 사업개발 기존 및 신규 사업의 성장기획 포착 및 수익성 극대화를 위한 인프라 구축 전략 수립                   사업분야 학습 및 정보 분석 의사결정 지원 협상협업 등 업무 수행, 대학교 4년제 졸업 이상 경력 3년 이상  6년 이하 전략기획 사업개발 대내외 컨설팅 경력 보유자 필수역량 직무관련 동향상품기술 등에 관한 정보지식을 보유하고 업무에 활용하는 전문성  문제에 대한 명확한 인식과 분석을 토대로 최적의 대안을 도출 및 실행하는 전략적 사고 내외부 관계자의 지지를 얻어내고 협력적 네트워크를 형성하는 설득력 및 협상 스킬 어려운 상황에서도 방향을 분명하게 설정하고 추진해 나가는 리더십 기존의 관행이나 고정 관념을 탈피하여 발상을 전환하는 혁신성과 창의성영어 능통자
메뉴 출시 연간 전략 수립시그니처 메뉴 발굴신 메뉴 및 시즌 메뉴 출시세트 메뉴 구성 기획메뉴 NPD 프로세스 관리 및 운영원가관리 및 분석메뉴 컨셉 관리메뉴 기획안 작성 매출 데이터 관리메뉴관리메뉴 상품코드 관리메뉴 엔지니어링에 따른 관리 메뉴 원부재료 마진 구조 관리프로모션이벤트 프로모션 메뉴 기획브랜드 콜라보 메뉴 기획트랜드 조사자사 메뉴 고객 반응 모니터링메뉴 트랜드 및 경쟁사 조사,학력  전문대졸 이상경력  최소 3년 이상필수성별  무관모집인원  1명연봉 면접 후 협의외식 프랜차이즈 상품 기획 경력보유자식품조리외식산업 계열 전공자조리기능사 자격증 및 포트폴리오 보유자 비흡연자
1 GDC 거버넌스 및 전사 확산 전략 수립 변화 관리전사관점 GDC 활용 확산 전략 이행 전략 수립전사 GDC 확산 목표실적 관리 방안 수립각 조직 타 계열사 등 GDC 활용 가이드 이행이슈 지원 수행사 역량 향상전사 BP 수집 및 활용가이드 제공 GDC 협의체 운영GDC 일하는 방법 Setup을 위하여 필요 시 현지베트남 출장2 GDC 운영체계 수립GDC 활용 표준 수립 및 제공 프로세스 Template Asset GDC 이행시 협업체계 수립 이행 RR 협업도구 확보 등GDC 품질관리 프로세스 수립 및 전사 모니터링GDC Coaching Group 육성,경력 415년 사이의 대리급차장급 관련 경력 최소 2년 이상 필수전사 및 계열사 대상 GDC 확산에 대한 열의와 긍정적인 마인드 보유하신 분CJ그룹 계열사 사업에 대한 이해도 있으신 분고객사 프로젝트 Owner 부서 BPO 정보전략팀 대상으로 프로젝트 현황 보고 및 이슈 Communication 가능하신 분대내외 SISM ITO 사업발굴 및 해외이행 지원 운영 공수 산정 팀빌딩 매니징 전반 경험해보신 분필수산출물 작성 및 품질 관리 경험해보신 분GDC 구축 및 제안 경험 보유하신 분전략 또는 기획 업무 경험하신 분 글로벌향 우대영어 문서작업 or 의사소통 가능하신 분해외근무 경력 또는 해외 수행사와 협업 경험 보유하신 분업무별 고객 요건파악 프로젝트 공수 산정 투입인력 소싱 시스템 설계개발 리딩   프로젝트 진척 관리 기능 테스트 및 결함 조치 등 매니징 전반 경험하신 분
IR  PR     코넥스 협회 정기 IRPR 자료 작성     기관투자자 등 IR 투자자 대응     주식현황 관련 홈페이지 관리 보도자료 작성,학력   대졸이상학력   3년 이상 컴퓨터 활용능력 우수 PPT EXCEL 보고자료 작성 등영어 회화 능력 토익 800점 이상 OPIC IH 등상장사 IR 업무 경력자 우대바이오  제약 업종 경력자 우대
MGRV가 전개하는 다양한 형태의 사업의 수익성 개선 및 고객 만족도 제고를 위한 영업 및 운영 전략을 수립합니다 재무적인 지표는 물론 customer journey 전반에 걸친 다양한 지표들을 테이터베이스화하고 분석하여 전략적 시사점을 도출하는 역할을 합니다 소규모 프로젝트를 독립적으로 맡아 이끌어 나가기도 하며 부동산개발운영시설브랜드 디자인개발 등 전사 모든 부서들과 밀접하게 협업합니다  Revenue manager로 가격 정책 운영을 통한 매출 증대  운영 중인 지점의 재무 및 운영 관련 선행 지표 관리  비즈니스 수익성 개선을 위한 전략 과제 선정 및 문제 해결  고객 및 공간 운영 데이터 분석을 통한 전략적 시사점 도출,  기업의 PL 지표에 대한 이해를 바탕으로 수익성 개선을 위한 과제 정의가 가능하신 분  문제 정의해결방안 탐색실행의 일련의 과정을 수행할 수 있는 분  데이터를 활용하여 실제 사업에 적용할 수 있는 분  각 종 데이터를 취합 분석 시각화가 가능한 분SQL 태블로 등 경험 우대  근성Grit을 가지고 새롭게 시도하며 끊임없이 성장하고자 하는 마음가짐Growth mindset을 지니신 분  코리빙Coliving 또는 O2O 비즈니스에 대한 이해와 열정이 있으신 분
IPX 부문 전략 수립   대내외 환경 분석 기반의 단기중장기 IP 사업 전략 수립신사업 개발 및 추진   NFT AI 버추얼 휴먼 등 Tech 기반 신사업 및 플랫폼 사업 기획실행 신사업 인큐베이팅   IP 기반 신규 BM 발굴 사업화 추진투자 검토 및 실행   사업적 시너지를 보유한 파트너사 지분 인수 및 MA 검토   Valuation 및 Due Diligence Term sheet 작성 계약 검토 등 실행 프로세스 진행, 대학교 4년제 졸업생 이상 경력 3년 이상필수역량전략기획팀 사업기획팀 또는 컨설팅펌에서 IP 기반 전략 수립 업무 경험 보유신규 사업 기회 발굴 및 사업 기획 경험 보유구조화 역량 및 전략적 사고 기반 보고서 작성 능력투자 검토를 위한 재무 회계 지식 및 Due Diligence 경험 보유자신의 의견을 명확하게 전달하고 소통하는 커뮤니케이션 스킬문제에 대한 명확한 인식과 분석을 토대로 최적의 대안을 도출하는 전략적 사고아티스트 캐릭터 IP 사업 또는 팬덤 비즈니스에 대한 이해도 보유자엔터테인먼트 콘텐츠 미디어 업종 또는 관련 컨설팅 업무 경력자영어 능통자경영학과 졸업자
Trala Lab의 블록체인 전략 제품 관리를 담당합니다블록체인 시장과 경쟁 환경을 분석하여 제품 전략과 방향성을 개발합니다제품 로드맵을 수립하고 제품의 비전과 목표를 설정합니다제품 개발 및 릴리스 계획을 수립하고 이행합니다제품의 성과와 성장을 모니터링하고 필요에 따라 조정합니다팀과의 협업을 통해 제품 개발 및 릴리스를 관리하고 지원합니다,3년  8년의 유관 경력 및 그에 준하는 경험이 있으신 분블록체인 전략 제품 관리 관련 경력이 있거나 유사한 역할을 수행한 경험이 있는 분블록체인 기술과 시장에 대한 이해가 있는 분제품 개발 및 관리에 대한 경험이 있는 분제품 로드맵 수립과 제품 비전 설정에 능숙한 분블록체인 생태계와 관련된 비즈니스 모델에 대한 이해가 있는 분팀과의 원활한 커뮤니케이션과 협업 능력을 가진 분블록체인 기반 제품 개발 및 관리 경험이 있는 분블록체인 기술 동향과 산업 동향에 대한 심층적인 이해가 있는 분기존의 비즈니스 네트워크와 관계를 활용할 수 있는 분글로벌 시장에서의 제품 관리 경험이 있는 분영어로 원활한 의사소통이 가능한 분경영 관련 전공 또는 관련 교육 과정을 이수하신 분
블록체인 생태계 조사 및 분석을 담당합니다최신 블록체인 기술 동향과 시장 동향을 연구하고 분석합니다주요 블록체인 프로젝트 플랫폼 암호화폐 등을 평가하고 비교 분석합니다생태계에 영향을 미치는 주요 이벤트와 트렌드를 모니터링합니다관련 리서치 보고서 및 분석 자료를 작성하고 발표합니다,블록체인 생태계 연구 분석 관련 경력이 있거나 유사한 역할을 수행한 경험이 있는 분블록체인 기술과 시장에 대한 깊은 이해가 있는 분을 선호합니다기술 동향과 산업 동향을 조사하고 분석할 수 있는 능력이 있는 분을 원합니다블록체인 프로젝트 플랫폼 암호화폐 등에 대한 평가 및 비교 분석 경험이 있는 분을 선호합니다정량적 및 정성적 데이터를 수집하고 분석할 수 있는 능력이 있는 분을 기대합니다리서치 보고서 작성 및 발표에 능숙한 분을 선호합니다팀과의 원활한 커뮤니케이션과 협업 능력을 가진 분을 선호합니다블록체인 생태계 조사 분석 경험이 있는 분을 우대합니다글로벌 블록체인 프로젝트 및 생태계에 대한 광범위한 지식이 있는 분을 선호합니다데이터 분석 및 시각화 도구를 활용할 수 있는 경험이 있는 분을 우대합니다블록체인 기술 동향과 시장 동향을 예측하고 분석하는 능력이 있는 분을 선호합니다영어로 원활한 의사소통이 가능한 분을 선호합니다경영 관련 전공 또는 관련 교육을 받은 분을 우대합니다
 금융상품 전략기획 개발 관리 운영 약관 설명서 등 금융상품 관련 문서 재개정 금융상품 마케팅 자료 작성 금융시장 및 제도 리서치 공시 상품 사후관리 등 상품관련 부수업무 계약체결 지원 및 계약관리, 금융 관련 업무 경험 2년 이상 금융 관련 법령 및 제도 업무 경험 우대 금융 관련 자격증 보유자 우대 MS Office 활용능력 우수자 우대
 디지털기반 IMC 전략구성 및 캠페인 기획 프로젝트 운영 및 클라이언트 관리 콘텐츠  SNS  프로모션 기획 제작 및 운영, 주임선임급 유관 경력 3년 이상 공통사항 성별학력나이 무관 포트폴리오 제출 필수 프로젝트 PM 경험을 보유하신 분 디지털광고에 대한 전반적인 이해와 지식을 보유하신 분 대내외 커뮤니케이션이 우수하신 분 경쟁 PT 문서 작업 경험을 보유하신 분 캠페인 기획 및 운영이 가능하신 분 SNS 채널 또는 콘텐츠 기획 및 제작 운영 경험이 있으신 분 트랜드리포트 구독 하시는 분 밝고 긍정적이며 아이디어가 넘치는 분
 케이뱅크 상품서비스 이용과정에서 마주하는 모든 접점의 고객경험 전략 수립금융상품 및 뱅킹편의서비스 이용경험에 대한 진단분석과 문제해결 주도 고객경험 진단과 문제해결 위한 리서치UT FGI 온라인 서베이 실행 및 인사이트 도출 UX라이팅 가이드 수립 및 사내 확산 대고객 커뮤니케이션 시 언어적 고객경험 관리, 관련 업무 경력이 5년 이상인 분 앱웹 기반의 비즈니스 영역에서 상품서비스 또는 고객경험 기획 업무를 경험해보신 분 정량정성 리서치 프로젝트 수행 경험이 있는 분  리서치 전문업체 협업 포함 사내 UX 사업 디자인 IT 담당자들과 원활하게 커뮤니케이션 할 수 있는 분 앱 서비스 기획 런칭 매니징 경험이 있는 분 컨설팅사에서 고객경험 컨설팅 경험이 있는 분 브랜드 컨설팅사 또는 마케팅 대행사에서 고객경험 브랜딩 경험이 있는 분
1 고객접점 Pool 아파트오피스 분석 아파트 단지오피스 가치 평가안 수립 각 단지별 단위 당 경제가치 분석Unit Economics 아파트오피스 생태계 트렌드 분석2 고객접점 확보유지를 위한 전략 수립 엘리베이터TV 커버리지 확대 및 리텐션 전략 수립 전략 기반 세부 전술 마련프로세스 개선 및 세일즈 키트제안서 등 전략에 근거한 생산성 강화 프로세스시스템 도입3 개발통합본부 조직 관리 전사 의사결정에 따른 본부 내 조직별 중장기 사업 전략 수립 본부 내 조직별 방향성 및 실행전략 수립, 전략기획 업무 경력을 7년 이상 보유하신 분 PM PL 경험을 바탕으로 성과도출을 해보신 분 전략 수립부터 프로젝트 기획 및 세일즈 현장에서까지의 A to Z 경험이 있는 분 사전영업 자료 및 제안서PT 기획 능력이 우수하신 분 전략적 사고를 기반으로 목표를 제시할 수 있으며 목표 달성에 따른 수행 단계를 구체화 할 수 있는 분 프로젝트 종료 후 정성정량 분석 및 개선방안 도출 및 개선 경험이 있는 분 상황에 대한 판단력과 커뮤니케이션 스킬이 있는 분 아파트 오피스 등 오프라인 물리적 접점 기반의 전략 업무 경험이 있는 분 데이터 문해력을 보유하고 데이터 시각화가 가능하신 분 다양한 유관부서와 원활한 협업이 가능하신 분 영업 전략 스킬 보유 및 비즈니스 센스가 있는 분
 글로벌 치과업체 및 랩과의 커뮤니케이션 진행비즈니스 마케팅 기술 협업 관련 논의 및 협약 파트너십 목표 및 전략 설정 파트너 업체와 랩 유치 및 관계 강화 해외출장에 결격사유가 없는 자, 영어 능통자 사업 및 파트너십 업무 경력 1년 이상 해외출장에 결격사유가 없는 자 다국어 능통자 글로벌 치과업체 및 랩과의 파트너십 경험 개발 관련 기초지식
 쿡앱스에서 앞으로 담당하실 업무예요 쿡앱스 사업지원팀에서 팀배틀 RPG 장르의 프로젝트 무명기사단을 글로벌 시장에 맞춰 서브컬쳐향으로 리메이크 합니다  서브컬쳐 유저를 타겟으로 한 스텔라 나이츠의 사업PM 으로서 사업 관점에서 글로벌 서비스 전체를 고민하고 대응해야 합니다 사업계획 BM 및 상품 기획을 통한 수익화 지표 분석 등의 업무를 담당합니다,이에요 사업 PM 업무 5년 이상이신 분 사업 전략에 따라 주요 KPI를 설정하고 방향을 잡을 수 있으신 분 BM  모델 설계에 따라 상품을 기획하실 수 있으신 분 마케팅 데이터 등의 유관 부서와 원활한 커뮤니케이션이 가능하신 분 지표를 확인하고 데이터를 리딩할 수 있으신 분 필수포트폴리오 제출  업무 포트폴리오 사업계획 상품기획 BM 설계 지표분석 이런 분이면 더 좋아요 일본을 비롯한 글로벌 시장에 출시 및 라이브 경험이 있으신 분 제2외국어 활용이 가능하신 분 영어 일본어 등 수집형을 비롯한 RPG 게임의 출시 및 라이브 경험이 있으신 분
 사업기획   사업전략 및 사업계획 수립   대외협력국내외 관련업체   IR  홍보업무 기술기획   기술조사 시장조사 기술로드맵 작성   RD 과제기획   국내외 RD 대외협력   정부과제 발굴 및 진행, 전장업체 경력자 전자컴퓨터정보통신 관련 전공자 시장과 기술에 대한 이해도가 높은 분 MS office 능숙자 영어 가능자 컴퓨터시스템 공학 전공 해당 직무 근무 경험 AVNIVI 시스템 개발 경험 QT 개발 경험 Git 활용 경험
 직무개요신규 3세대 블록체인 기반의 분산 애플리케이션dApp 서비스 기획과 전략을 개발하고 사용자 중심의 dApp 서비스 경험을 제공 및 관리 부가적으로 기술영업 및 컨퍼런스 등 커뮤니티 활동 지원 주요직무 dApp 서비스 기획 및 전략 개발 사용자 요구사항 분석 개발 요구 및 테스트 블록체인 솔루션 기술영업 및 개발자 교육 프로그램 운영 지원, 유관 경력 5년 이상 학력 무관해외 커뮤니티 활동 지원을 위한 영어회화
 치과시장 동향 분석 서비스 전략 수립 및 신규 사업 발굴 플랫폼 사업 운영 및 서비스 확장, 영어 회화 능통 대학교 졸업 이상 관련 경력 3년 이상 치과 또는 의료 산업의 이해와 경험 보유자 해외출장에 결격사유가 없는 자 구강 보철 분야 또는 의료기기 분야에서의 경험 치과 관련 경력 또는 면허
 산업과 시장에 대한 리서치 Market Research 를 수행하여 경쟁사분석 및 시장기회를 식별 다양한 부서와 협력하여 사업 전략과 계획 매출영업마케팅제품기획 개발 등과 우선 순위를 수립 회사의 비즈니스 비전을 이해하고 성장동력이 될 사업모텔을 발굴기획 회사 주요 프로젝트OKR를 셋업하고 핵심 결과물을 추적관리, 산업 분석 및 시장조사 경험  최소 5년 이상의 비즈니스 분석 시장조사 또는 전략기획 관련 경험 경쟁 산업의 동향 및 시장 세분화를 이해하고 관련 데이터를 분석하며 전략 수립에 활용할 수 있는 분 전략적 사고와 문제 해결 능력 복잡한 비즈니스 문제를 해결하고 기회를 식별하는 능력이 있는 분 데이터와 트렌드를 기반으로 한 전략을 수립하며 새로운 아이디어를 발굴하고 기업의 비즈니스 방향성을 제시할 수 있는 분 정량적 분석 능력 데이터 기반의 의사 결정을 지원 비즈니스 인텔리전스 도구 등을 활용하여 데이터를 추출하고 분석하는 능력이 있는 분 엑셀 SQL 등 스타트업 성공경험 시리즈 A 8 C 환경에서 전략기획 업무를 통해 성공한 경험이 있는 분 빠른 페이스와 높은 불확실성을 가지고 있으며 유연하게 변화에 대용할 수 있는 능력을 지닌 분 프로젝트 관리 경험 복잡한 프로젝트를 계획 추진하고 관리한 경험이 있는 분 다양한 이해관계자와 협력하며 프로젝트를 성공적으로 완수한 경험이 있는 분 명확하고 효과적인 커뮤니케이션 능력을 갖춘 분 전략 아이디어를 팀에 전달하거나 협력을 이끌어내는 역량을 지닌 분 물류 분야 경험 있는 분
 전사 전략 및 주요 아젠다의 방향성을 도출합니다 사업 조직별 지표를 수립하고 관리하여 운영을 활성화합니다 사업 조직별 전략 과제를 발굴하고 실행 방안 수립하며 추진합니다 시장 및 경쟁사를 분석하여 벤치마킹을 통한 시사점과 방향성을 도출합니다 신사업 기회를 발굴하고 사업성을 검토합니다, 대기업 혹은 스타트업에서 전략기획 사업개발관리 업무를 5년 이상 경험하신 분을 찾습니다 정량정성적 기반의 사업 개발 및 사업 성과 관리 경험이 필요합니다 전사 주요 아젠다를 기반으로 전사 전략을 수립한 경험이 필요합니다 데이터 기반의 커뮤니케이션과 논리적인 의사 결정을 통해 변화를 이끌어내신 경험이 필요합니다 대기업 전략 부서 혹은 컨설팅사 재직 경험이 있다면 좋아요 오프라인 오퍼레이션 혹은 유관 업계 관련 경험이 있다면 좋아요 전사 레벨의 중장기 전략을 수립하고 실제로 추진해 보신 경험이 있다면 좋아요 회사의 성장을 위해 다양한 시도를 추진하셨던 경험이 있다면 더욱 좋아요
 국제회의 등 행사 제안서 작성 및 실행PM 기업행사  나라장터 등 행사 제안서 작성 및 실행PM,  대졸이상 학력 보유자  제안서 및 경쟁 PT발표 가능자  PPT 작성 포토샵 일러스트 등 디자인 가능자 이벤트 BTL 등 기타 MICE분야 업무경험우대
IT 기술 관련 시장조사 경쟁사 벤치마킹 VoC 분석 등을 통한 IT보안 소프트웨어  기획비즈니스 모델을 고려한 신규 서비스 기획 및 기존 제품 개선그래픽 디자이너와의 협업을 통한 시안 검토 및 승인,신입 또는 웹 기획 경력 2년 이상혹은 IT 보안 업계 경력자 중 웹 사용성 원칙 정보 구조 설계 및 UIUX에 대한 이해를 가지고 있는 분 유관 부서와의 커뮤니케이션을 통해 결과물을 잘 공유하고 논의하는 성향을 지니신 분해외 RD Center와의 텍스트 기반 영어 소통 가능하신 분기초 수준 번역기 사용 가능HCI Interaction Design UX Design 등 관련 분야 학위 또는 그에 준하는 경험을 소지하신 분IT 보안 업계 경험자
법인 및 금융 기관과의 소통 영업정부 및 공공기관 은행 카드 핀테크사 등 금융기관과의 파트너쉽 체결금융 시장 분석을 통한 법인 대상 투자 세일즈,금융기관에서 서비스를 진행해보신 분금융 상품 세일즈 및 네트워킹 경험 있으신 분사업 제휴 및 금융 서비스 경험이 있으신 분금융기관 및 온투업 근무 경력 있으신 분다양한 금융서비스를 운영하신 분금융기관 영업 진행 경험 있으신 분
입사 후 담당할 업무 안내드려요 클라우드 산업분야 사업 기획 및 개발 정책산업기술동향 조사 및 분석 이슈 도출 및 진단 신규사업 기획을 위한 사업기회 발굴 및 사업추진논리 설계 대내외환경분석 및 SWOT 전략 도출 클라우드 산업분야 조사분석 및 제품전략 수립,이런 분을 찾고 있어요 4년제 대졸 이상전공 무관이신 분 대졸예정자의 경우 인턴 근무 가능 전략기획 및 컨설팅에 관심 있으신 분 새로운 지식에 대한 탐구 및 리서치를 좋아하시는 분 영문자료 독해 등 해외자료 리서치 역량 보유하신 분 상대방을 설득하는 문서 작성역량 보유하신 분 자료 및 데이터 시각화를 위한 오피스툴 사용가능하신 분 다른 사람의 의견에 경청하는 태도 보유하신 분 문제해결을 위한 상황 분석과 대내외 의사소통 능력을 보유하신 분이런 부분이 있으면 더욱 좋아요 석사학위전공무관가 있으신 분 컨설팅 클라우드 IT분야 등 유관 경력이 3년 이상이신 분 HW 인프라서버스토리지네트워크보안 등에 대한 배경지식이 있으신 분 오픈소스와 Cloud에 대한 이해도 또는 다양한 오픈소스 SW 설치사용 경험이 있으신 분 OpenStack VMware와 같은 Private Cloud 아키텍트 분석설계구축 경험이 있으신 분 OnPremise 및 멀티하이브리드클라우드의 이해 및 경험이 있으신 분
 트레져러 플랫폼 사업과 관련하여 전략 수립 및 실행 사업 영역 확장을 위한 신규 BM 발굴 및 실행 가치 창출 및 수익성 제고를 위한 파트너십 발굴 시장 및 비용 분석 등 수익화 전략 수립 및 실행 제휴협력사증권 은행 핀테크 등와의 협업, 핀테크 금융사 등과의 제휴사업 기획 및 운영 경력 경력직 논리적 사고에 기반한 소통과 구조화된 문서 작성 능력 외부 고객 및 내부 조직과 협업을 이끌어낼 수 있는 커뮤니케이션 스킬 명품투자 플랫폼 관련 경력이 있으신 분 수집품 시장시계와인아트토이클래식카스포츠카드 등에 대한 이해도가 높으신 분 신규 사업 서비스 런칭과 성장을 직접 경험하신 분 금융투자 기반의 디지털 비즈니스 기획 제휴 운영 등 경력이 있으신 분 디지털 금융과 핀테크 시장의 변화에 대한 이해도가 높으신 분
 케이팝 앨범굿즈 커머스와 관련된 글로벌 B2B 사업과 중국사업에서 매출 성장을 위한 전략을 수립하고 성장 과제를 도출해 리드합니다 글로벌 SCM 프로세스 전반의 효율화를 위한 개선 기회를 발굴하고 우선순위를 바탕으로 실행합니다 유관 부서와의 긴밀한 협업을 바탕으로 실질적인 개선과 변화를 이끌어냅니다 엔터 산업 내 신규 성장 기회를 발굴하고 다양한 파트너사와 전략적 제휴를 모색합니다, 전략 컨설팅VC 또는 대기업스타트업 내 전략기획사업개발 직무에서 2년 이상 근무 경험이 있으신 분 적극적인 실행력 및 우수한 커뮤니케이션 스킬을 바탕으로 실질적인 변화를 이끌 수 있는 분 스타트업에서의 성장 욕구가 높고 의미있는 문제를 해결하기 위해 치열하게 고민하고 몰입하고 싶으신 분 엔터테인먼트 및 케이팝에 관심이 있으시다면 더 좋습니다 이커머스 혹은 글로벌 비즈니스와 관련된 경험이 있으시다면 더 좋습니다
상품 FB 프렌차이즈 브랜드 디렉터브랜드 전략 기획 운영신규 브랜드 브랜딩 기획 사업 계확 디자인 전략 기획 마케팅 기획시장 및 업계 소비자 분석에 따른 브랜딩 전략 수립다각적 분석을 통한 문제 도출 및 해결디자인 프로젝트 전반의 제안서 작성, 전문학사 이상 해당 자 전공 무관 브랜드 기획 업무 경력 13년 해당 직무 인턴 및 직무 유경험자 온오프라인 채널 운영 경험 및 마케팅 이해도가 높은 자 엑셀 PPT 활용 가능한 자 프랜차이즈 또는 동종 업계 경력 우대 미디어 커머스 콘텐츠 제작 유관 업무 경험자 관련 학과 전공자 엑셀 PPT능력 우수자
사업 전략 기획 리서치 및 데이터 분석을 통한 사업 기회 발굴 및 추진 전략을 도출합니다신규 사업 개발 사업 모델 및 상품 기획 사업 타당성 분석검증 사업 계획 수립 및 실행을 담당합니다제휴 사업 개발 FLO 제휴 상품 기획프라이싱 및 제휴 구조 수립 제휴처 발굴확장 협상 및 계약 사업 실행을 담당합니다,전략 기획 신규 사업상품 기획 등 유관 경력 5년 이상인 분깊이 있는 리서치 정량정성 데이터 분석 역량이 있는 분논리적전략적 사고에 기반한 빠른 문제 파악 및 솔루션 도출 역량이 있는 분사업 타당성 검토 역량이 있는 분 파이낸셜 모델링 역량 필수정보 구조화 설득력 있는 문서 작성 및 커뮤니케이션 역량이 있는 분체계적 프로젝트 관리 역량이 있는 분전략 컨설팅 펌 또는 기업의 전략기획신사업 조직 경험이 있으신 분모바일 플랫폼 서비스 또는 음악엔터테인먼트 산업 경력이 있으신 분시장 기회를 찾아 전략을 제시하여 성과를 창출한 경험이 있으신 분
 Vision 및 성장 전략 시장 조사 및 진출 전략 수립 Commercial Operational IT 실사 Due Diligence PMI 전략 수립 및 Valueup 실행 Operation 전략  Capacity Optimization Operation Strategy Portfolio 전략 Operation Improvement and Optimization  Operation 효율화 프로세스 개선 관리 체계 구축 Cost Savings 등, Analytical Skills Excel 통계 Tool 등 및 보고서 작성 Skill 우수한 Communication 능력 논리적 사고 능력 Teamwork 대기업외국계 기업 경력자 생산 기획 개발 구매 경영관리 등 경력 10년 이내 Data 및 Research 경력자 Consulting Firm 경력자 ESG 관련 경험자 우대 석박사 포함 이공 계열 출신자 우대 전략 운영 혁신분야 컨설팅 유경험자 해외 MBA 석박사 학위 소지자 공학계열 전공자 관련 자격증 소지자 CPSM CPIM PMP 등
 함께 할 업무입니다  플랫폼의 단계별 목표 수립부터 달성을 위한 전략 기획 실행 아이템 기획추진 까지 서비스 생애 주기를 오롯이 담당하며 플랫폼의 성장을 이끌어내는 역할을 수행합니다 목표 달성을 위한 전략에 결정권을 갖고 전략 수립부터 실행 데이터 인사이트 도출까지 담당합니다 사용자의 니즈와 시장 트렌드 분석을 통해 플랫폼의 신규 비즈니스 모델을 설계하고 실행 전략을 수립합니다, 이런 분을 찾습니다 최종학력 4년제 학사 이상 B2C APP 서비스 기획 경력 5년 이상 기획 문서기능 정의 정책 수립 화면 설계 등 작성 가능하신 분 전략 수립부터 실행 및 데이터 기반 인사이트 도출이 가능하신 분 이런 부분도 갖추시면 너무 훌륭합니다 GA4 AppsFlyer 등 Attribution tool 사용에 능숙하신 분 포인트 기반의 멤버십 서비스 기획을 경험하신 분 X2E 또는 B2C 구독 시장 이해도가 높으신 분 스타트업 창업 등 사업 계획 단계부터 서비스 런칭까지 경험하신 분 회원수 500만 이상 플랫폼의 기획 또는 마케팅 업무를 경험하신 분
 프리세일즈  컨설팅 솔루션     자사플랫폼 및 오픈소스 DBMS 프리세일즈 컨설팅     DBMS 관점에서의 클라우드 전환 컨설팅     제안 전략 수립 및 사업제안 오픈소스 DBMS클라우드 시장 동향분석 및 관련 신기술 리서치 사업전략 수립, IT솔루션 프리세일즈 및 컨설팅 경험자 데이터베이스에 대한 기본 지식 보유자 정보처리기사 등 IT 관련 자격증 보유자 우대 DB관련 업무 경험자 우대
 피플펀드 AI 솔루션신용평가 모형 최적 전략 수립 모형 모니터링 전략 운영 솔루션 등을 활용한 고객사의 리스크 관리 고도화 컨설팅 업무를 수행 합니다   고객사 대출 상품별 피플펀드 AI 솔루션 도입 효과 검증   피플펀드 AI 솔루션을 활용한 최적의 여신운영전략 제안승인 금리 한도 등   정기 모니터링 수행 및 업그레이드 지원 변화하는 시장 상황에 맞추어 지속적인 연구 과제를 수행 합니다   마이데이터를 포함한 다양한 신규 대안 정보 발굴 및 신용평가 활용 방안   최신 Machine Learning 및 Optimization 기법 적용 방안   고객사 요구 사항에 부합하는 새로운 형태의 모형 기획   고객사 비즈니스 목적에 부합하는 승인금리한도 전략 체계 설계, 3  9년의 금융기관 CSS 개발 관련 실무 경험 또는 CB사에서 컨설팅 수행 경험이 있는 분 데이터 분석 과정에서 Insight를 도출하고 피플펀드의 DataDriven 의사결정을 뒷받침 할 수 있는 분 다양한 유관 부서와 원활한 커뮤니케이션 가능한 분 분석도구SQL SAS R Python 등를 활용하여 분석에 적합한 데이터를 추출 및 가공하고 이를 활용한 분석 및 결과 리포팅이 가능한 분 금융기관 CSS 개발 경험이 있는 분 머신러닝 딥러닝 등 인공지능AI 관련 지식 및 경험을 보유하신 분 Basel IFRS9 관련 실무 지식이 풍부하신 분
 피트니스 산업 리서치 비즈니스 가치 분석서비스 및 비즈니스 전략 수립운영기획 및 실행, 국내외 피트니스 프랜차이즈 근무 문서엑셀 작성 스킬 보유선도적인 피트니스 산업에 대한 이해마케팅에 관한 이해고객 동료와의 커뮤니케이션에 거부감이 없는 분리서치를 통한 시장 분석 업무 경험이 있는 분긍정적인 마인드로 다양한 시행착오를 성공경험으로 바꿀 수 있는 분
 피트니스 선도사업자 산업 리서치를 통한 기획 및 적용 보유 직영점파일럿매장을 토대로 피트니스 운영 서비스와 전략을 최적화 할 수 있는 모형 개발, 선도적인 피트니스 산업을 이해하고 이를 현실화 할 수 있는 분 고객 중심 마케팅에 대한 이해도를 바탕으로 검증 가능하게 설계할 수 있는 분 해외 선도 피트니스 기업에 근무한 유경험자
 Haulla의 miniCEO   기업 가치 증대 혹은 고객 가치 증대를 위한 모든 전략의 기획 및 실행   Haulla Business head  CSO와 함께 전사 사업 방향성을 고민하고 align   Problem Solving 업무   회사 내 데이터 정리 분석하여 현재의 문제점을     파악하고  솔루션을 제시 또한 그 솔루션의 적용까지 실행   회사의 양적 성장 재무적 성장을 위한 initiative뿐 아니라 Ops CS의 문제까지    전사의 모든 영역의 문제에 적극적으로 개입, 필수 똘똘한 사람 경력경험은 없어도 괜찮음  논리적이며 분석적인 지적 토론이 가능한 분 항상 why를 고민하는 분 필수 문제 해결에서 성취감을 느끼는 분 필수 영어권 국가와 소통이 필수인 만큼 해외 외국인 직원과의 영어 커뮤니케이션협업 가능 수준 필요 우대 더 많은 권한과 책임 그에 맞는 보상을 원하는 사람
CEO Staff 는 미소의 CEO와 직접 일할수 있는 좋은 기회를 가지고 있습니다 CEO와 긴밀히 협력하며 메신저 역할을 수행하게 됩니다 CEO의 우선순위 설정을 돕고 그에 맞춰 업무가 잘 수행될 수 있도록 책임지면서 CEO가 1X를 달성할 수 있는것을 2X를 달성할 수 있도록 만들어야 합니다 구체적으로는 다음과 같은 업무를 수행합니다1CEO 가 참여하는 미팅에 대한 준비 및 중간관리자 피드백 미소의 가장 중요한 주간미팅은 월요일 오전에 진행이 됩니다각 Function 조직들의 리더들과 협력하여 일요일 저녁까지 회의자료가 완벽히 준비를 해야합니다  리더들의 요구사항을 이해하면서 High Level 수준에서 유지된 우선순위를 결합하여 적절한 회의를 진행합니다 우리가 문제를 해결하기 위해 어떤 지표가 중요한지 그것을 쉽게 보여질수 있는 구조를 확실히 파악해야하며 지속적으로 리더들에게 피드백을 전달해야 합니다 2 CEO 가 리더들에게 전달한 전략적으로 중요한 행동 항목 및 프로젝트에 대한 Follow up CEO 가 참여하는 회의중에서 Follow up 이 필요한 항목들이 있습니다 주요 이해관계자들이 제시간에 높은 수준으로 완료할수 있도록 Follow up을 합니다  때때로 CEO 가 가장 중요하게 생각하는 프로젝트가 있을 때 함께 의사결정을 진행하고 액션합니다3 All Hands Meeting 운영 미소의 Allhands 는 전사적으로 팀원들에게 우리가 가고자 하는 방향에 대해서 공유하고 Sync 를 맺는 중요한 미팅입니다  각 Function 별로 Allhands 에서 준비해야 자료준비를 실행시킬수 있도록 가이드를 줘야합니다  매주 목요일마다 진행하는 Allhands 를 가장 효율적으로 운영될수 있도록 리딩 해야합니다CEO Staff 의 Benefit 세계적인 엑셀레이터 YCombinator 에 투자를 받은 미소의 일원이 되어 CEO와 함께 긴밀히 일하며 성장할수 있는 흔치않은 기회  미소는 모든 정규직에게 상당한 지분을 제공합니다 우리가 성공 했을 때 은퇴하기에 충분한 보상을 드리는게 우리의 좌우명 입니다,이런 분과 함께하고 싶습니다 높은 책임감을 가지고 CEO와 언제든 문제를 해결할 수 있는 준비가 되어있는 분 비판적 사고력이 강력하신 분  유연한 커뮤니케이션으로 논리적인 설득 능력이 탁월하신 분 빠르게 변화하는 환경에서 신속하고 유연하게 문제를 해결 할 수 있는 분 목표의식을 갖고 주도적으로 업무를 추진하는 능력이 있으신 분 데이터 기반의 의사 결정과 분석적 사고를 통한 사업적 판단이 가능하신 분 엑셀 활용 능력이 우수하신 분 영어로 소통하는 데 문제가 없는 분이런 분이라면 더 좋아요 빠르게 성장하는 조직 또는 스타트업에서의 경험이 있으신분 SQL 활용이 가능하신 분
 중장기 사업 전략 및 실행계획 수립 신규사업 및 신규 시장해외의 발굴 및 사업성 검토 시장 및 기술 Trend 분석을 통한 Market Insight 도출 경쟁사사업 모델 전략 방향 경쟁력 Pricing 체계 등 분석 사업 모델 수립 Value Proposition 및 Pricing 체계 신규사업 추진 Feasibility 검토, 기업의 중장기적인 성장과 발전을 위해 기업환경 변화를 예측하고 분석하여 혁신적인 전략수립의 경험이 있으신 분 영문 리서치를 통해 시사점을 빠르게 도출하는데 자신 있으신 분 적극적인 의견 개진과 주도적인 문제해결을 즐기시는 분 생각을 구조화해서 문서로 간결하게 정리하고 핵심을 명확하게 전달하는데 익숙하신 분 논리와 숫자에 강하고 원활한 커뮤니케이션 수행에 자신이 있으신 분 책임감이 강하신 분 3년 이상의 유관 경력을 보유하신 분 글로벌 리서치 기관 또는 전략 컨설팅 근무 경험 스타트업 근무 경험 헬스케어 산업 경험 보유자 외국어영어베트남어 능통자
 국제회의 등 행사 제안서 작성 및 실행PM 기업행사  나라장터 등 행사 제안서 작성 및 실행PM,  대졸이상 학력 보유자  제안서 및 경쟁 PT발표 가능자  PPT 작성 포토샵 일러스트 등 디자인 가능자 이벤트 BTL 등 기타 MICE분야 업무경험우대
