주요 업무,자격요건 및 우대사항
 신규 개발 중인 헬스케어 서비스의 POProduct Owner로서 기획 및 운영 서비스 시나리오 설계 및 화면구성 프로덕트서비스사용자 경험 디자인, PC Mobile 웹 앱등의 환경에서 3년 이상 서비스 기획을 경험 하신 분  특정 사용자군에 대한 Research를 통해 서비스 방향성 수립 가능 하신 분  서비스의 기획부터 출시까지 기획디자인개발검증운영 전반적인 프로젝트 리드 가능하신 분 서비스 정책 정의 사업전략에 맞춘 우선순위 수립 주요 지표 설정 등의 업무 수행 가능하신 분 수집된 서비스 데이터와 사용자 피드백을 활용해 정량정성적 분석을 통해 서비스 개선점 도출 가능하신 분포트폴리오 제출 필수 사용자 입장에서 깊게 고민하고 사용자의 불편사항과 태스크를 분석하여 프로덕트의 UX 설계를 할 수 있는 분 많은 사용자들을 대상으로 하는 서비스의 기획 및 운영을 경험하신 분  서비스 초기 기획부터 출시 및 운영 까지 프로젝트의 전체 단계를 경험하신 분  헬스케어 서비스와 플랫폼 기획 및 운영을 경험하신 분
이런 팀에서 일을 합니다  사업개발팀은 사업확대를 위해 반도체 관련 사업기회를 발굴하며 MA 및 사업투자검토를 진행합니다 사업기획 특허 법무 국책과제 담당자가 협업하여 업무를 수행합니다 반도체 산업에 대한 시장분석 경쟁사 또는 인수대상기업에 대해 기술가치평가를 통해 사업기회를 찾습니다이런 업무를 합니다  신사업을 기획 및 사업전략을 수립합니다 기업의 비전을 검토하고 방향성을 수립합니다 신사업에 대한 투자 타상성을 분석하고 평가합니다 투자사를 분석합니다 신규사업을 위한 선행기술을 조합니다 신규사업을 위한 기술 및 사업성을 평가합니다 사내 신규사업의 기술로드맵을 작성합니다 경영기획을 수행합니다 경영비전 및 경영전략을 수립합니다 중장기 전략 및 장단기 사업계획을 수립합니다 연도별 경영분석 및 지표를 산출합니다 법무 특허업무를 총괄합니다 계약서를 검토합니다 경영분쟁 및 소송이슈 발생시 대응합니다 신사업 기술을 분석합니다 사내 특허 출원유지보상 프로세스를 수립합니다 본사 및 자회사 특허를 출원합니다 특허 분쟁 발생시 대응합니다, 신사업 기획 및 관리 15년 이상 경력이 필요합니다팀을 리드한 5년이상 팀장경력을 포함합니다 전기전자공학 재료공학 기계공학 화학공학 전공이 필요합니다 반도체 산업내 신사업 기획 관리 경력이 필요합니다 다양한 분야에 대한 관심 및 학습 능력이 필요합니다 문제해결 및 원인 분석능력이 필요합니다 주도적 능동적 과제를 창출할 수 있는 능력이 필요합니다 최고수준의 투명성과 도덕성이 필요합니다 기획 법무 특허 전반 수행 또는 관리 경력이 있으면 좋습니다 전략기획 프로세스 실무경력이 있으면 좋습니다 제조 유통 대기업 상장기업 경력이 있으면 좋습니다 영어회화가 가능하면 더 좋습니다
합류하여 담당하실 업무입니다 전사 경영전략 경영계획 전략과제를 수립합니다 전사 KPI를 관리하고 분석합니다  예산관리결산사업 성과와 손익을 분석합니다 경영실적 성과 분석 및 전략과제 진척도를 점검합니다 경영진 의사결정 위한 제반 정보를 제공합니다 주요 이슈를 대응하고 주주경영진과의 커뮤니케이션을 담당합니다,이런 역량과 경험을 갖추신 분을 찾습니다 5년 이상 10년 이하의 경영 관리 경력을 보유하신 분 전략기획경영기획사업관리 사업의 정성적정량적 분석을 통해 개선방향을 도출하고 실행한 경험이 있으신 분 법인 혹은 플랫폼별 사업계획을 수립하고 변화를 추진해본 경험이 있으신 분 KPI 기반의 사업계획 수립 손익비용 관리 경험이 있으신 분 유연한 태도로 변화에 대한 빠른 적응력을 갖추신 분이런 역량과 경험을 갖추신 분이면 더욱 좋습니다  콘텐츠IT 업계에서 경영관리 경험을 보유하신 분 콘텐츠IT 사업에 대한 이해도와 관심을 가지신 분 적극적인 커뮤니케이션 역량으로 다양한 유관부서와 원활한 협업을 수행하시는 분 능동적인 태도로 높은 업무 디테일과 완성도를 추구하시는 분 
플랫폼 사업 운영 및 지표매출손익 관리 플랫폼 운영 단의 경영계획 수립 및 실적 관리 연간월간 계획 수립 플랫폼 매출 데이터 분석 통한 향후 운영 전략 수립 계획 기반 팀별 달성 목표 수립 및 관리 손익 추정 및 지표 관리 시장경쟁사 분석 및 벤치마킹 자료 분석, 경영관리매출손익 및 경영기획전략기획 관련 업무 경험 57년 이상 보유자 온라인 커머스 플랫폼 운영 경험 보유자 최소 1년 이상 단위 사업에 대한 매출기획 및 손익분석 경험 보유 조직 별 KPI 관리 경험 보유자 기획 보고서 작성 능력 우수자 관련 부서 담당자들과 커뮤니케이션 역량 보유자 다양한 유형의 서비스 경험자 우대 헬스케어 카테고리 경험자 우대
 고객이 Jober를 사용하면서 문의하는 것에 대해 안내하고 이를 기록해 요청이 많은 사항을 UX에 반영 또는 가이드를 만들어 고객 스스로 Jober를 잘 사용할 수 있도록 시스템을 개선합니다 고객이 필요로 하는 사항을 리스트업해서 가장 요청이 많이 오는 사항을 개발할 수 있게 기획을 하는 업무를 합니다 고객사의 요청사항 중 자동화가 개발되지 않은 부분을 수동으로 업무를 처리해 고객의 요구사항을 만족시키면서 본인이 업무를 자동화할 수 있도록 개발사양을 정리해 개발팀과 협업합니다 업무 고객 상담 및 시스템 운영 40  기획 업무 40  기타 업무 20, B2B  B2C IT Service에 이해도가 높고 IT 시스템 사용에 능숙한 분  고객사의 요청사항을 귀담아 듣고 원활한 의사소통이 가능하신 분 사업관리 서비스 운영 고객 대응 등 업무 융통성을 갖추신 분 IT 서비스에 대한 기술적인 이해도가 높은 분 명확하고 간결한 표현으로 의사를 전달하는 능력 IT 서비스 운영 기획 개발 경험 인사 업무 관련 경력 채용 업무 관련 경력 SQL Tableau 등 데이터 추출 및 분석 가능하신 분
1 관리손익 부서별  매장별  브랜드별 관리손익 산출2 사업계획 연간 사업계획 수립3 예산관리 사업계획 근거 예산 운영4 중장기 계획 3  5  10년 중장기 계획 수립5 경쟁사  환경분석 경쟁사 실적 및 내외부 환경 분석6 회의체 운영 기간별 회의체 운영7 지표관리 재고  손익 지표  산출 및 보고, 대학교4년 졸업 과장대리급48년 경영기획 경험 4년 이상 분석적 사고  키즈 및 주니어 패션 경력자 우대 주주 관련 업무 경험
 매출매입관리 회계 결산 등 재무  회계업무자체기장 하지 않고 숙련된 세무대리인 협력중 정부지원사업 관련 업무 인사 관련 업무 및 계약서 관리 비품 및 사무용품 구매 및 관리, 신입 및 2년이하 실무경력이 있으신 분 꼼꼼하고 자기주도적인 업무 태도를 가지신 분 커뮤니케이션 스킬이 우수하신 분 스타트업 경험이 있으신 분 IT업계 경력자 우대 더존 프로그램 사용 경험자 우대 정부지원사업 관리 경력 우대 KPop을 좋아하시는 분
 전기차 충전 사업 운영 조직 리드 정기 점검 및 현장 이슈 대응 등 전국 단위 충전 시설 충전 공간 관리 충전기 운영데이터 모니터링 및 분석을 통한 이용률 증진 장애 예방운영 효율성 증진을 위한 파트너쉽 IT 서비스 도입 등 운영 개선 PJT 수행대고객 커뮤니케이션 및 CX 정책 수립운영콜센터 및 현장 대응 파트너사 관리,전국 단위로 산재한 시설 또는 실물자산을 이용한 서비스 운영 경험을 보유하신 분데이터에 기반하여 문제를 파악하고 운영에 적합한 지표를 도출하여 서비스 품질 향상을 주도적으로 수행해 보신 분VoC에 기반하여 신속하게 운영 이슈를 대응하거나 사용자 관점으로 이용 경험을 향상시킨 이력을 보유하신 분 대내외 조직 및 기관과 적극적인 협업을 수행하고 파트너사를 관리한 경험을 보유하신 분동료 간 수평적인 구조를 중시하고 의견을 표현하는데 주저함이 없으며 다양한 팀과의 협업을 위한 커뮤니케이션이 원활하신 분 5인 이상 조직에서 조직인력 관리 미션 관리 구성원 피드백 등 리더 경험을 보유하신 분새로운 시도와 실패를 두려워하지 않는 도전적인 성격을 지니신 분 전기차 충전 서비스 운영 관련 경험을 보유하신 분모빌리티 또는 신재생에너지 관련 인더스트리에서 서비스 운영 관련 경험을 보유하신 분전기공학 관련 전공 또는 전기기사 등 관련 자격증을 보유하신 분조직 신설 경험 및 주니어 육성 관련 경험을 보유하신 분창업 혹은 스타트업 관련 커리어를 보유하신 분
사업계획 수립 및 운영사업분석 및 중장기 사업전략 수립정기 그룹사 회의 운영경영기획 관한 전반 업무,해당 유사 경력 최소 2년 이상 MS OFFICE  활용능력 우수자기업 경영기획 관련 업무 경험자보고서 작성 능력 우수자계획수립 및 분석 문제해결 능력 우수자
지자체 농업농촌 분야 사업 계획 수립 및 컨설팅농업경영체농협 영농조합법인 농업회사법인 등 사업계획 수립 및 컨설팅발식량작물 공동경영체 육성 컨설팅 및 농가 교육 진행학교급식로컬푸드직거래장터 기획생산체계 구축로컬푸드 직매장장터 개설 및 운영 컨설팅자료조사 및 수집 자료 정리교육계획 및 현장 진행사업계획 수립 및 컨설팅 업무 지원결과정산보고서 작성,대졸이상 석사동종업계 경력 2년 이상현장진행경험자교육 및 견학 연수진행MSoffice 활용운전가능
 글로벌 투자사들과 전기차 충전 태양광 풍력 등 친환경에너지 프로젝트의 금융구조 최적화를 위한 사업계획 재무  모델 구축 펀딩 전략 및 집행안 마련대출약정서 임대차계약 양수도 계약 EPCOM 계약 등을 포함한 관련 계약 검토협의 및 관리 투자 합작법인 설립 투자 이후 자금 출금 및 인출 자산관리 투자자 보고 등 어드민 업무 신규 투자 유치 및 투자자 대응, 재무 회계에 대한 기초적인 지식을 보유하신 분 새로운 시도와 실패를 두려워하지 않는 도전적인 정신을 보유하신 분 다양한 관계부서와의 커뮤니케이션에 능통하신 분 MS Office PowerPoint Excel Word 활용 중상급 이상이신 분금융기관컨설팅 회계법인 관련 경험이 있으신 분 발전 에너지 등 인프라 자산 투자 경험이 있으신 분 영어가 능통하신 분
전기차 충전기의 운영데이터 모니터링 및 분석 전기차 충전기 운영문제 해결 및 재발 방지전기차 충전기 운영보고서 작성운영 업무의 효율성을 높이기 위한 방안 제시,데이터에 기반하여 문제를 파악하고 지표를 개선한 경험이 있으신 분 사용자 관점으로 충전경험에서 발생하는 불편함의 원인을 고민하고 답을 찾기 위해 노력하시는 분 Excel 활용 능력이 중상급 이상이신 분동료 간 수평적인 구조를 중시하고 의견을 표현하는데 주저함이 없으며 다양한 팀과의 협업을 위한 커뮤니케이션이 원활하신 분새로운 시도와 실패를 두려워하지 않는 도전적인 성격을 지니신 분CX 개발자 디자이너 등 협업 부서와의 커뮤니케이션에 능통하신 분전기자동차 및 충전 관련 유사업무 경험이 있으신 분디바이스를 활용한 서비스나 IoT 기반 서비스 BM에 대한 이해도가 높으신 분창업 혹은 스타트업에서 근무한 경험이 있으신 분
채용직급  차부장급 1명 분야 컨슈머 및 헬스케어 비즈니스 전사 영업 사업전략 기획 및 현황 분석 단기 중장기 계획 수립 및 관리 사업 전략 수립 신규 사업 발굴 타당성 분석 경영성과 및 실적관리 매출 관리 손익 분석 사업 계획 단기 중장기 계획 수립 및 관리 신규 상품 기획 및 출시 주요 사업 제휴 및 기술 파트너 발굴 경쟁사 분석 및 시장 조사 국내외 시장 및 트렌드 조사 분석,학력  대졸 이상 4년경력  업무 경력 10년 이상어학  영어회화 가능자 경영 및 상경계열 전공 해외대학 졸업자 재무 회계 관련 기본 지식 신규 사업 경험 기획부터 런칭까지 전략기획 신사업 개발 및 검토 관련 경험 데이터 분석 및 OA 활용 능력 우수
알파브라더스 사업기획자로 합류하시면 더피팀 소속으로 다음과 같은 일을 합니다 설계 정산 업무 FU 및 대형 PJT 관리 정부지원사업 관련 기업 상담 및 영업지원 업무 정부지원사업 신청 매뉴얼 제작 및 실무 진행사항 체크 클라이언트 커뮤니케이션 및 매니징,필수 마인드셋  이런 분과 함께 하고 싶어요 본인과 본인이 소속된 팀의 성장을 최우선으로 생각하시는 분 고민할 시간에 움직이시는 분 자유로운 문화 속에서 자기가 맡은 일에 책임감있게 일하시는 분 서비스 마인드를 가지고 클라이언트 및 팀구성원들이 겪고 있는 문제를 빠르게 파악하고 해결하려는 의지를 가지신 분필수 스킬셋 한컴오피스 MS365 노션 등 OA 툴 사용가능한 분  내외부 고객과 명확한 커뮤니케이션이 가능하신 분 다양한 프로젝트 관리 경험이 있으신 분우대 스킬셋 정부지원사업 및 관련 유관기관 근무경력이 있으신 분 정부지원사업 수혜 경험이 있으신 분  스타트업 또는 대기업 관련 업무 경험을 보유한 분 위 조건이 없어도 열정으로 가득차신 분
오프라인 비즈니스에 대한 높은 이해도를 바탕으로 사업 전반의 영역을 지원  관리하여 사업 확장에 기여합니다Business 지표 관리 Sales Service Customer data VOC채용 및 운영 주도 채용 보상 교육지점 표준 메뉴얼 제작 및 관리Busienss 정책 수립 및 관리지점 Contents 및 온오프라인 마케팅 운영관리,5년 이상 오프라인 비즈니스 관리자 경험스타트업 기획 전략 경험 보유조직 리딩 경험 보유문제 해결 역량오프라인 비즈니스 구조에 대한 높은 이해도Sales와 Management 영역 전반의 폭넓은 경험MS Office 활용 역량 우수Communication 역량 우수
멸치쇼핑 사업부 총괄운영 관리브랜드 전략 과제 설정 및 사업방향성 제시 실행각종 데이터 분석 및 인사이트 도출주요 프로젝트 기획 및 문제해결,경력  경력 5년 이상본부장급브랜드 전략수립실행 리드 경험회사를 구조적으로 이해하고 효과적인 퍼포먼스를 위한 조긱과 RR 및 업무 프로세스를 설계할 수 있으신분유관업무 경력자온라인 커머스 트렌드에 밝은 분주도적으로 업무를 진행하시고 해결책 제시가 가능하신 분
테이텀 시큐리티의 재무경영기획 리드는 테이텀 시큐리티의 재무 IR 및 경영 전략을 주도하며 오퍼레이션 파트의 핵심 역할을 수행합니다1 재무회계 업무 전반의 기획과 실무를 총괄합니다 연간 예산 수립 및 운영 회계세무 관련 감사 및 이슈 대응 대금 결제 및 정산 업무2 투자IR 관련 업무 전반의 기획과 실무를 총괄합니다 현재 투자사 4개  Series B 투자 준비 중 재무보고 작성 및 투자자 대응 IR 자료 내 재무 파트 작성3 정부과제 리서치 및 운영 테이텀 시큐리티 비즈니스에 대한 이해를 바탕으로 적합한 정부과제를 리서치하고 지원하며 관리합니다, 재무 회계에 대한 기본 지식과 관련 실무 경험을 보유한 분 총 경력 최소 5년 이상 리딩 경험 2년 이상사업계획서 IR 자료 작성을 위한 문서 작성 능력 및 관련 행정 처리 능력을 보유한 분업무 체계화 자동화 역량과 타 부서와의 커뮤니케이션 역량이 탁월한 분스타트업 투자 Scene과 정부사업에 대한 이해를 바탕으로 적절하게 대응대관 업무를 수행할 수 있는 분스타트업 재무회계 총괄 경험이 있는 분스타트업 비즈니스에 대한 이해도와 관심이 높은 분정부과제에 대한 이해와 실무 경험이 있는 분
알파브라더스 IR 팀으로 합류하시면 크리에이티브 소속으로 다음과 같은 일을 합니다 투자유치를 위한 비즈니스 문서 작성투자계획서 사업제안서 등 액셀러레이팅 프로그램 기획 및 운영 투자유치 관련 멘토링 및 교육 진행 투자자 및 창업지원 네트워크 관리, 이런 분과 함께 하고 싶어요 한글 PPT 엑셀 등 OA 툴 사용이 가능한 분 원활한 대응 및 커뮤니케이션에 자신있는 분 신입 또는 유관 경력이 있으신 분6개월 이상  1년 이하이런 분을 우대합니다 스타트업 투자 액셀러레이팅에 관심있는 분 기업분석 시장조사 등 리서치 및 분석 경험이 있는 분 비즈니스 문서작성 경험이 있으신 분 능동적인 업무태도와 빠른 습득력을 가진 분 꼼꼼하고 책임감이 강하신 분 장기근무 가능하신 분 
IPO준비 및 공시 이사회 주주총회 운영,자격증  변호사 자격증 소지자경력  IR전략기획경영기획관리회계 관련업무 경력 6년이상IPO 경력 또는 IPO 경력 계발에 대한 의지경영진 의사결정관련 서류 작성 경험제조업 기업산업 분석 경험우수한 서면구두 communication skillAnalytical and finance assessment skill미팅참석자료검색 가능한 수준의 비즈니스 영어 능력
경영기획자료 작성 및 기타자료 작성지점장 보좌일본어 통번역,해당경력 1년이상일본어 필수관련학과 및 자격소지자 우대
 번역 및 로컬라이제이션 글로벌 게임 운영 및 고객 서비스 운영 유저 동향 분석 및 동향 리포트 작성 게임 이벤트 기획 또 가이드 기획 및 제작 글로벌 게임 커뮤니티 및 SNS관리 Discord Steam Twitter Facebook등, 중상급 영어 작문 및 커뮤니케이션 능력 게임 서비스에 대한 관심과 이해도가 높으신 분 MS Office 문서 작성 능력이 원활하신 분 경력무관 영어권 게임 커뮤니티 Discord SNS Steam 등를 사용해보았으며 이해도가 있으신 분 커뮤니티 또는 CS 업종에 종사한 경험
 전사 경영전략 및 Revenue 전략 전사 경영혁신 주주사 대응 및 경영진 수명업무,  대졸 이상 전사전략 유관 경력 4년 이상 비즈니스 수준의 영어 커뮤니케이션 대기업 전략기획경영관리 또는 전략오퍼레이션 컨설팅 경력자 중장기 전략 설립 경험자 Finance Modeling 및 장표화 역량 보유자
 글로벌 성장 과정에 필요한 최적의 투자 유치를 위한 전략을 수립하고 실행합니다 투자자 IR 실사 대응 업계 협의 등의 업무를 수행합니다 글로벌 사업전략에 필요한 회의 수치 관리 국가별 커뮤니케이션을 관리합니다 에이젠글로벌의 미션과 전략에 대해 투자자 사업 파트너사들과 업무 수행을 담당합니다 외부 파트너사 제휴 및 내부 마케팅팀과 협력하여 다양한 방법으로 사업 발굴을 주도합니다, 원활하게 소통할 Native 수준의 영어 소통 능력 및 한국어 커뮤니케이션 능력구두 및 서면이 필요합니다 역동적인 비즈니스 환경에서 3년 이상의 경력이 필요하며 사업 전략을 구상해 본 경험이 필요합니다 일의 진행 과정의 다양한 문제를 정의하고 문제를 전략적인 사고로 풀어나가며 실제 숫자를 만들 수 있는 역량이 필요합니다 데이터를 기반으로 의사결정을 내릴 수 있는 재무분석과 문서 작업 능력 글로벌 사업 실행의 역량이 필요합니다 글로벌 기업 및 대기업에서 사업 기획을 한 경험을 우대합니다 국내외 스타트업에서 IR 및 투자유치 경험이 있는 분은 우대합니다 금융 관련 업무에 대한 비즈니스 경험이 있으면 더 좋습니다
기업공시 정기 및 수시 공정위 관련 공시이사회 및 주주총회분기 실적발표 자료 작성,경력1년이상학력 대졸 이상유관업무를 경험해 보신 분컴퓨터활용 우수자엑셀 고급능력 보유자문서작성 우수자회계프로그램 능숙자유관업무 경력자 2년이상
상장예비심사청구서 증권신고서 관련 실무투자사증권사 대상 IR 및 IR book update주주관리 실무공시 IPO 이후이사회주주총회 운영 실무,IR전략기획경영기획관리회계 관련업무 경력 6년이상IPO 경력 또는 IPO 경력 계발에 대한 의지경영진 의사결정관련 서류 작성 경험제조업 기업산업 분석 경험우수한 서면구두 communication skillAnalytical and finance assessment skill미팅참석자료검색 가능한 수준의 비즈니스 영어 능력
 STP 분석 자사 및 시장소비자경쟁 분석 마케팅 전략 수립 및 액션 플랜 실행 브랜드 아이덴티티 개선 전략 수립 및 실행, 학력  대졸이상 직급  대리급 경력  브랜드마케팅 브랜드 전략 경력 78년 브랜드매니저 BM 경험 필수 상품 기획 및 4Ps 콘트롤 경험 필수 건강기능식 또는 식품FMCG분야 BM경험 우대 영업채널에 대한 전반적인 이해도가 있는자 프로젝트에서 주도적으로 일정관리가 가능한 자 유관 부서 간팀 내의 원활한 협업과 커뮤니케이션이 가능한 자
MGRV가 전개하는 다양한 형태의 사업의 수익성 개선 및 고객 만족도 제고를 위한 영업 및 운영 전략을 수립합니다 재무적인 지표는 물론 customer journey 전반에 걸친 다양한 지표들을 테이터베이스화하고 분석하여 전략적 시사점을 도출하는 역할을 합니다 소규모 프로젝트를 독립적으로 맡아 이끌어 나가기도 하며 부동산개발운영시설브랜드 디자인개발 등 전사 모든 부서들과 밀접하게 협업합니다  Revenue manager로 가격 정책 운영을 통한 매출 증대  운영 중인 지점의 재무 및 운영 관련 선행 지표 관리  비즈니스 수익성 개선을 위한 전략 과제 선정 및 문제 해결  고객 및 공간 운영 데이터 분석을 통한 전략적 시사점 도출,  기업의 PL 지표에 대한 이해를 바탕으로 수익성 개선을 위한 과제 정의가 가능하신 분  문제 정의해결방안 탐색실행의 일련의 과정을 수행할 수 있는 분  데이터를 활용하여 실제 사업에 적용할 수 있는 분  각 종 데이터를 취합 분석 시각화가 가능한 분SQL 태블로 등 경험 우대  근성Grit을 가지고 새롭게 시도하며 끊임없이 성장하고자 하는 마음가짐Growth mindset을 지니신 분  코리빙Coliving 또는 O2O 비즈니스에 대한 이해와 열정이 있으신 분
알파브라더스 사업기획자로 합류하시면 사업기획팀 소속으로 다음과 같은 일을 합니다 정부 창업지원사업 리서치  경쟁사 분석 정책자금 조달 사업계획서 컨설팅 클라이언트 커뮤니케이션 및 매니징 사업계획서 첨삭 발표 코칭 업무 노하우 콘텐츠 기획,이런 분과 함께 하고 싶어요 신입경력 2년 미만이런 분을 우대합니다 창업 경험이 있으신 분 창업을 꿈꾸시는 분 스타트업 업계 근무 경험이 있는 분 창업지원 유관부서 경력 보유자 자기관리에 관심 많은 분 한글PPT 잘 다루시는 분 VCAC 등에 관심이 많으신 분 정부지원사업 수혜 경험이 있는 분 창업 관련 공모전 입상 경력이 있는 분 주도적으로 프로젝트를 수행한 경험이 있는 분 자신의 지식을 콘텐츠로 팔아본 경험이 있는 분
 월급쟁이부자들의 성장과 Datadriven 의사결정을 위한 지표 설계 및 대시보드리포트 구성 핵심지표 모니터링 및 분석을 통한 이슈 파악 및 인사이트서비스 방향 도출  데이터 분석 결과를 통한 전사적인 Resource Allocation Plan을 기획실행KPI 관리 포함 전사적인 전략을 구체화시키며 강력한 임팩트를 창출할 수 있는 프로젝트를 기획실행, 2년 이상의 데이터 분석BA DA 등 경력 혹은 이에 준하는 경험 데이터 분석 방법론LTV AARRR Retention Cohort Funnel 등 높은 이해도 데이터 활용 툴R SQL Python 및 로그 분석GA Amplitude에 대한 높은 이해도 사내 주요 의사결정단계에서 CLevel과 밀접하게 소통하며 적극적으로 소통할 수 있는 역량 커머스 온라인 콘텐츠 교육 플랫폼 기업 및 스타트업에서의 데이터 분석 업무 경험 DB 및 전반적인 Pipeline에 대한 높은 이해도 데이터 시각화 툴 사용 경험 Tableau Looker Power BI
 전사 경영계획 수립 및 실적 분석보고 경영 현황 관련 지표 관리 분석 보고 자료 작성   인사 재무회계 인프라 관련 지표 관리 투자IR 관련 업무 회계 감사 사전 이슈 점검 보고서 작성 세무 이슈 파악 및 세무 조정 절세방안 수립 상장IPO 전략 수립 및 실행, 상장사 근무 7년 이상 경력 보유자 자체 기장 결산 경험자 상장 및 투자 진행 공시 업무 경험자 경영기획 총괄 업무 경험자 재직자 수 500명 이상 기업의 경영관리 경험자  IT B2B 솔루션 회사 경력  스타트업 재직 경력  증권사 재직 경력
 이런 일을 담당합니다1 전략 계획 수립 회사 및 비즈니스 조직별 장기단기 전략 계획을 수립합니다 계획을 실행달성하기 위한 전략적 방향성을 도출하고 전략적 우선 순위를 결정합니다 정기적인 Financial Reporting 및 Forecast modeling 을 수행합니다2 성과 측정 및 분석 사업적으로 긴급중요한 문제에 대한 정확한 원인Root Cause을 파악합니다 회사의 성과를 모니터링하고 분석합니다 성과 지표를 개발하고 이를 사용하여 비즈니스 활동의 효율성과 효과성을 관리합니다 성과 지표를 자동화수량화하여 목표별 진행 상황을 실시간으로 파악할 수 있는 시스템을 구축합니다 문제점과 개선 기회를 식별하고 조직 내 다양한 부서와 협력하여 성과를 향상시키는 방안을 모색합니다3 프로젝트 관리 전사적으로 진행되는 프로젝트들의 일정과 성과를 파악합니다 프로젝트의 목표 범위 일정 등을 계획하고 실행합니다 프로젝트 진행 상황을 모니터링하고 문제가 발생할 경우 적절한 조치를 취합니다4 경영 운영 실무 회사 현금자산계약을 관리합니다 관련 실무를 직접 진행합니다 새로운 BM 개발 시 해당 BM에 대해서 검토 및 지원합니다 모델링 및 법률 검토 등, 이런 분과 함께하고 싶어요 OKRKPI 등 목표 설정 및 사업 관리에 대한 다양한 경험을 갖고 계신 분 다양한 비즈니스 상황을 지표적혹은 재무적 관점에서 바라보고 문제를 해결한 경험이 많으신 분 팀 화이트큐브에 있는 것1 공동의 목표 달성을 위해 서로 적극적으로 협력하는 무경계원팀One Team 이건 제 일이 아닙니다라고 말하지 않는 동료들2 공동의 목표 달성에 대한 집요함과 간절함을 가진 동료들3 왜 이렇게 까지 하지 라고 생각이 들정도로 목표 달성을 위해 많은 시간을 투입하는 동료들4 자신의 업무에 대한 결정 권한과 그에 대한 회사 차원의 신뢰5 투명한 정보데이터 공유와 그에 기반한 커뮤니케이션과 의사결정 이런 분이라면 더욱 좋아요 아메바 경영을 실제로 도입해보신 분 3년 이상의 회계법인 또는 IT제조유통 Industry 내 Corporate Finance 경력을 보유하신 분 SQLNoSQL을 사용한 데이터 분석 경험을 보유하신 분 뛰어난 Excel 역량을 보유하신 분
 상장기업 공시 업무 지배기구주주총회 이사회 등관련 업무 IR자료 작성 및 주주투자자 대응 업무 IPO 업무지원상장예비심사청구 증권신고서 작성 등,관련 경력 경력 2년 이상보유 역량 자본시장 이해도가 높으신 분 산업분석 등 리서치 역량을 보유하신 분 커뮤니케이션 능력이 뛰어난 분 밝고 긍정적인 사고를 보유하신 분필수 요건 상장기업 공시 경력자 지배기구주주총회 이사회 등관련 업무 경력자 회계기본지식 보유 IR자료 작성 및 주주대응 업무 경력자 학력  대졸이상 IPO 경험자  재무 및 경영 관련 자격증 보유
  Account Executive와 함께 고객을 만나고 VESSL 기능 및 value proposition에 대해 전달  VoC를 수렴 더 빨리 고객에게 value를 전달할 수 있도록 Product Sales 등 유관 팀원들과 논의  VESSL의 기능을 더 쉽게 전달할 수 있는 webinar 기획 및 진행  고객의 softlanding을 위한 onboarding 세션 진행  ProductSales 간의 communication interpreter 역할,  Techbackground가 있으시고 비전공자에게 이를 쉽게 설명하실 수 있으신 분  Tech SaaS 기업에서 관련 경력을 보유하신 분  초기 스타트업 SeedSeries A 에서의 관련 경력이 있으신 분  Multiregion governance을 경험해 보신 분 ex 미국한국 dual office  고객의 rampup에 지대한 관심을 가지고 지속적으로 케어하는 일에 관심이 많으신 분 Fluent in english APAC Operation 경험 보유
 사업기획   사업전략 및 사업계획 수립   대외협력국내외 관련업체   IR  홍보업무 기술기획   기술조사 시장조사 기술로드맵 작성   RD 과제기획   국내외 RD 대외협력   정부과제 발굴 및 진행, 전장업체 경력자 전자컴퓨터정보통신 관련 전공자 시장과 기술에 대한 이해도가 높은 분 MS office 능숙자 영어 가능자 컴퓨터시스템 공학 전공 해당 직무 근무 경험 AVNIVI 시스템 개발 경험 QT 개발 경험 Git 활용 경험
 마켓 리서치와 분석을 통해 미래 변화에 대한 인사이트 도출    산업별 국내외 시장 동향 데이터 분석    분석기반 유효한 인사이트 리서치    FDI 시스템 기획, 대졸 이상의 학력 23년차 선호 영어 능통자 High Level of fluency  Written  Verbal 이학자연공학계열 전공자 해외 체류 경험 다양한 문화권을 경험해보신 분 스타트업 생태계와 VC에 대한 관심과 이해도가 높으신 분 IBD  MA  PE  VC  컨설팅 또는 국내외 유수기업 전략기획 2년 이상 업무 경력자태도 및 역량 다양한 기술 및 산업 분야에 대해 빠르게 학습하는 능력 논리분석적 사고에 근거한 문제해결 역량 기획력 강한 책임감 실행력 주도적인 업무 처리 역량 적극적인 아이디어 개진 열린 태도 협업 커뮤니케이션 능력
 관리손익 산출 및 분석 매출 손익 세부 분석 및 관리 각종 인증 갱신 벤처기업 중소기업 SW사업자 등 사업 보고자료 작성 기타 대표이사 수명 업무, 학력  대졸이상 전공  5년  15년 경영기획 업무 5년 이상 5개년 사업계획 수립 유경험자 주식 가치평가 업무 유경험자
 핀다의 전략을 실제로 구현 및 실행하기 위해서 필요한 ideation 기획 구현 프로세스 설립 및 유지보수까지 필요한 제반 업무를 수행합니다 전체적인 업계 및 회사의 흐름과 트렌드를 이해하고 문제를 발견하여 해결하는 전 과정을 견인합니다, 인하우스 사업 개발 또는 사업 운영 관련 경력을 7년 이상 가지고 계신 분 금융과 IT 중 하나 이상의 영역에 대해서 깊은 이해를 가지고 계신 분 다양한 포지션의 동료와 협업하여 문제를 해결하는 과정을 즐기시는 분 지속적으로 유지되는 사업과 프로세스를 만드는 것을 좋아하시는 분 새로운 분야에 대한 호기심과 학습 의지를 가지고 계신 분우대사항 스타트업에서 3년 이상 근무한 경력을 가지고 계신 분 데이터 분석 경험이 있으신 분 스타트업에서 3년 이상 근무한 경력을 가지고 계신 분 데이터 분석 경험이 있으신 분
 기업 Valuation 작업 DCF등 손익 분석 산업 및 시장 분석 업무 경영진 보고서 작성 등,   협업 능력 및 커뮤니케이션 능력이 뛰어난 사람  기업 Valuation 및 보고서   재무회계에 대한 전문 지식 보유자  영어 비즈니스 회화 가능 MS Office를 잘 다루실 수 있으신 분 기획제안서보고서 작성 경험이 많은 분 대내외 커뮤니케이션 능력이 우수한 분
 엘리스 부트캠프 졸업생의 진로 설계와 취업 준비를 돕습니다 채용시장 분석을 통해 테크 기업직군이 지원자에 요구하는 역량 파악 주기적인 취업상담을 통해 졸업생의 취업연계 지원 취업현황 관리 취업 관련 데이터 수집 및 분석 보고서 작성 채용 성사율을 높일 수 있는 채용행사를 기획하고 운영합니다 기업이 참가하는 채용 설명회 채용 박람회 등 기획 및 운영 졸업생이 역량을 준비할 수 있는 이력서 특강 면접 특강 등 기획 및 강의 채용 직무와 사용 기술이 엘리스 트랙과 맞는 기업을 발굴합니다 기업 및 시장 동향 분석 신규 파트너 기업 소싱 기존 파트너 기업과의 긴밀한 파트너 관계 구축 수료생과 파트너 기업 간의 취업 매칭을 위한 전략 수립 및 실행 기업에 엘리스 트랙과 졸업생을 알리고 채용과 교육을 통한 협업을 제안합니다 잠재 파트너사와 기존 협력사에 엘리스 트랙 홍보 파트너사와 채용과 교육을 통한 마케팅프로모션 제휴 파트너사의 만족도 조사 및 피드백 반영한 전략 수립, 엘리스 트랙을 비롯한 개발 부트캠프에 관심이 있는 분 타인의 성장을 위해 방향을 제시하고 동기부여 해 주는 것에 보람을 느끼는 분 전략적인 사고를 바탕으로 글과 말을 통해 논리적이고 설득력 있는 커뮤니케이션을 할 수 있는 분 자기주도적으로 문제를 정의하고 해결할 수 있는 역량을 갖춘 분 운영 업무를 프로세스화하고 문서화할 수 있으며 Excel Google Spreadsheet 등 OA 툴 사용이 가능하신 분 소프트웨어 플랫폼 새로운 툴 등 테크 분야에 관심이 있는 분 개발 부트캠프 운영 취업상담 영업 중 한 가지 이상에 경험이 있는 분 데이터 기반으로 의사결정 하는 것에 익숙하신 분 업무 자동화 경험이 있거나 업무 자동화 세팅이 가능한 분 서치펌 PM 경력이 있으신 분
 단기 및 중장기 경영계획수립 전사 실적관리 및 현상분석 전사 KPI 및 성과평가 관리 산업시장 동향조사 투자 및 IR관리 전사 투자비용CapexOpex, 영어가능자 Excel 사용가능자 성실 근면하고 긍정적인 사고로 일하는자 적극적인 마인드로 내외부 협업능력이 우수한자
 매장 매출을 분석하고 KPI를 달성할 수 있도록 관리합니다 점포별 LSM을 기획하고 제안합니다 인건비 원가 판관비 등 매장의 손익을 관리합니다 Store Manager 를 관리하며 면담 및 인사평가를 진행합니다 신규 매장 Store Manager를 추천하고 선정합니다 면접 매장 손익 생산 관리 등 Store Manager 교육을 진행합니다 QSC 매장 운영 방안생산량 관리 등 운영사항의 전반적인 관리를 담당합니다 유통사 몰 등 외주사와 커뮤니케이션을 담당합니다 지출결의 및 계약서를 컨펌하고 관리합니다 매장 운영 개선 방안을 수립하고 실행합니다 운영 메뉴얼 취합 및 작성을 진행합니다, FB에서 최소 4년 이상의 경험이 있으신 분을 찾습니다매장 책임자 경력 최소 1년 이상 FB 브랜드 운영팀영업팀슈퍼바이저 경력 최소 3년 이상 외식업 브랜드의 현장 업무 경험이 필요합니다 프랜차이즈 직가맹점의 오픈 및 관리 경험이 필요해요 유연한 사고를 기반으로 적극적으로 업무할 수 있는 능력이 필요해요 브랜드 메뉴얼 기획 및 작성경험이 필요해요 MS Office Google Tool 를 능숙하게 다룰 수 있어야 해요해당 포지션은 최소 3개월 이상 현장업무를 진행합니다베이커리 카페 브랜드 및 패밀리 레스토랑 업무경험이 있다면 좋아요직접 외식 사업을 운영한 경험이 있다면 좋습니다프랜차이즈 직가맹점의 오픈 및 관리 경험이 있다면 좋아요적극적인 서비스 마인드를 보유하신 분이면 좋아요책임감과 오너십을 가진 열정적인 분을 찾아요
경영기획손익분기 사업성검토 사업계획 등전사 중장기 전략 및 Biz Portfolio 전략 수립업무 프로세스 및 제도 설계주요 경영지표 수립 및 운영주요사업의 추진 및 전략방향 수립주요사업의 지속성장을 위한 전략적 의사결정 지원,해당 업무 3년  10년 경력자구조적 논리적 사고를 기반으로 한 Projectsolving 역량을 갖추신 분협업을 위한 원활한 Communication 역량을 보유하신 분MS Office 활용능력이 월등하신 분영어 커뮤니케이션에 능하신 분 Project Managing 경험자재무회계 관리회계 관련 지식 보유 전사 사업계획 수립 및 손익분석 업무 5년 이상 경험자컨설팅 경험자 빠르게 변화하는 ITAI 분야에 대한 관심이 있으신 분
 사업계획 수립 및 분석 업무 월별 분기별 반기별 연간 경영실적손익분석 포함 분석 전사 예산 편성 및 예산관리 조직 및 프로젝트 관리 경영진 의사결정을 위한 다양한 자료 지원 및 보고서 작성 전사 프로세스 제도 시스템 기획, 경영기획 관련 업무 경력 3년 이상이신 분 논리적인 사고능력과 커뮤니케이션 능력을 보유하신 분 회계에 대한 기본 지식 보유 및 관리회계 경험이 있으신 분 IT기업 경영기획 또는 경영관리 업무 경력을 보유하신 분
RD 정부과제 수행 제품개발 및 RD 지원RD 정부과제 제안  대기환경 건물에너지 등의 연구과제 발굴 및 기획제안실내공기환경 환기장치 연동제어 실증 및 운영실외실내 공기 빅데이터 분석,학력  학사 이상나이성별  무관신입경력  2년 이상대용량의 실시간 데이터 분석 및 알고리즘 개발 경험자인공지능 모델 개발에 필요한 기술 보유자공조 가전 에어가전 분야 개발 경험자정부과제 수행 경험자석사 이상 공학계열 연구실 경험자
 전사 사업전략 수립 및 사업기회 발굴 지원 핵심 제품Neural ISP 및 Radar 솔루션 목표 시장 동향 및 시장 내 경쟁현황 분석 신규 인공지능 솔루션 기획 인공지능 솔루션 사업개발 지원 투자 유치 및 파트너쉽 체결 지원, 구조적 논리적 사고를 기반으로 한 Problemsolving 역량을 갖추신 분 초기 스타트업의 사업 관련 업무를 주도적으로 추진할 Ownership이 있으신 분 빠르게 변화하는 IT인공지능 분야에 대한 관심이 있으신 분 협업을 위한 원활한 Communication 역량을 보유하신 분 MS OfficePPT Excel Word 등 활용능력이 중급 이상이신 분 스타트업 초기멤버로서 성공을 향한 여정을 주도적으로 함께 하실 분 전략기획사업개발제품기획영업제휴 등 업무 경험이 있으신 분 전략오퍼레이션 컨설팅 분야 업무 경험이 있으신 분 IT인공지능 분야 기술에 대한 지식과 이해가 있으신 분 비즈니스 레벨의 영어 능력을 보유하신 분
 BD Biz Portfolio MA FPA Organization  KPI Design BIAnalysis Service Planning BOD  운영 사업 조직별 전략과제 발굴  실행방안 수립 개선 추진 전사 사업계획 수립 및 관리 기획 관리손익 및 서비스지표 분석 등  조직별 방향성 제시 및 KPI 수립 및 운영 개선 주요 프로젝트 문제해결 리드  활성화 추진, 전략기획 사업개발관리 경력 5년이상 이신 분 주요 사업 정성정량 분석 및 개선방안방향성 도출 및 개선 경험이 있으신 분 전사계열사 포함 운영 계획 검토 변화 추진 경험이 있으신 분 PM PL 경험을 바탕으로 성과도출을 해보신 분 IT업계 또는 e커머스 산업 등 전략경영기획 업무 경험자 또는 이해도가 높으신 분 상경계열 또는 공학계열 전공을 보유하신 분
 데이터분석 제안서 IR 작성 사업계획서 작성 KPI 작성 관리 리스크 관리 투자유치 현황관리, 성별  무관 경력  신입  2년 이하 직무 관련 전공자 문서작성 능력이 우수하신 분 Office 프로그램 활용 능력이 우수하신 분 디자인 툴 사용 경험이 있으신 분
경력  경력 10년 이상과장 차장 부장급,경력  경력 10년 이상과장 차장 부장급IA WBS 화면설계서 정책서 등 기획 산출물 작성이 가능한 분논리적인 설계와 꼼꼼하게 서비스를 구성할 수 있는 분데이터 기반의 인사이트 도출 가설수립 및 검증 경험이 있으신 분프로젝트 관리 및 개발 프로세스 전반의 이해도가 높으신 분     포트폴리오 필수원활한 의사소통이 가능하신 분기획 툴 사용 경험 있으신 분 Axure 또는 Figma
  데이터 분석을 통해 방향성 제시  서비스 모델 및 발굴  데이터 파이프라인 코드 작성  머신러닝 데이터서비스 파이프 라인을 구축,  AI 관련 학위 또는 실무 경험 5년 이상 석박사 경력 인정  머신러닝 프로젝트 리딩 경험  데이터 전처리 및 모델링을 위한 개발 경험  시계열 데이터를 분석하여 예측에 대한 경험이 있는 분  데이터 분석 및 시각화 툴 사용 가능자   다양한 직군과의 원활한 의사소통 및 협업이 가능하신 분  전자전기 및 에너지 도메인에 대한 이해도가 높고 경험이 있으신 분  에너지 플랫폼 비즈니스 경험이 있으신 분 상용 서비스 구현 경험 원활한 영어 의사소통 가능자
채용안내당사 경영기획 포지션은 당사 경영기획관리 업무를 수행합니다 최근 동종업계 상위 기업을 100인수함에 따라 양사 경영 관리 및 기획 업무의 필요성이 생기면서 신규 채용하게 됐습니다많이 물으시는 질문해당 팀 조직 구성 경영지원본부 내 6명 재직중재무 3 인사총무 3이고 해당 포지션은 신규 채용사내에 기존에 IR공시 관련 업무 하셨던 이사님과 팀장님이 계셔서  업무 인수인계 및 리딩 가능업무내용IR투자유치 및 투자 관리전사 경영 관리 및 기획당사 및 자회사 관리경영전략 수립 및 실행사업부별 주요 지표 수립 및 실행 관리연간 사업 계획 중장기 계획 수립 및 관리,경력 4년 이상자경영실적 분석 및 해결 능력 보유자타 부서와 협업이 원활한 의사소통 능력 보유자기본적인 재무회계 관련 지식 보유자MS Office 활용 역량 보유자상경계열 전공자온라인 이커머스 및 유통업 관련 기업 경험자
 기업 재무 전반 업무 총괄 인사 노무 전반 업무 총괄 사업전략 관련 재무 이슈 분석 및 해결방안 제안 사업계획 수립 예산 편성 및 운영 재무회계 업무 프로세스 고도화 인사 노무 이슈 관리 투자자금 운영 투자자금 확보 투자자 관리 및 기업실적분, 5년이상 경력자 적극적이고 원활한 커뮤니케이션이 가능하신 분 동종 업계 근무 경력 보유자 꼼꼼하고 디테일한 분 업무에 대해 책임감이 있고 열정적이신 분
1 전략 계획 수립     회사의 장기 및 단기 전략 계획을 개발합니다     계획을 실행 달성하기 위한 전략적 방향성을 도출하고 전략적 우선 순위를 결정합니다2 성과 측정 및 분석     회사의 성과를 모니터링하고 분석합니다     성과 지표를 개발하고 이를 사용하여 비즈니스 활동의 효율성과 효과성을 평가합니다     문제점과 개선 기회를 식별하고 조직 내 다양한 부서와 협력하여 성과를 향상시키는 방안을 모색합니다3 비즈니스 기회 탐색     시장 동향과 경쟁 환경을 탐색하여 새로운 비즈니스 기회를 발굴합니다     기업의 핵심 역량과 일치하는 성장 영역을 식별하고 새로운 시장 진출 전략을 개발합니다     이를 위해 시장 조사 경쟁 분석 소비자 인사이트 등 다양한 정보를 수집하고 분석합니다4 프로젝트 관리     전사적으로 중요한 프로젝트를 관리하고 추진합니다     프로젝트의 목표 범위 일정 예산 등을 계획하고 실행합니다     다양한 이해 관계자와의 협력을 조율하고 프로젝트 결과물을 효과적으로 제공합니다     프로젝트 진행 상황을 모니터링하고 문제가 발생할 경우 적절한 조치를 취합니다, 유관 경력에 대한 2년 이상의 경험을 보유하신 분 복잡한 문제를 해결하고 전략적으로 접근할 수 있는 능력을 가지신 분 탁월한 커뮤니케이션 능력을 가지고 다양한 이해 관계자와 원활한 협업이 가능하신 분 데이터를 분석하고 인사이트를 도출할 수 있는 능력을 갖추신 분 다양한 프로젝트를 동시에 관리하고 이를 성공적으로 추진하실 수 있는 분VC 또는 전략컨설팅 펌 근무 경력을 가지신 분
 초기 스타트업 발굴 Deal sourcing 피투자회사 실사 Due diligence 투자계약 시 수반되는 행정 업무 계약 조건 조율 투자 심사 보고서 작성 등  투자 재원 마련을 위한 펀드레이징 LP 모집 및 이에 수반되는 행정 업무 포트폴리오 기업 육성 및 관리 정기적인 미팅 및 커뮤니케이션을 통해 전략 구상사업 연계인력 수급후속 투자 유치 등의 지원 업무 실행 TIPS 및 WINGS 정부지원금 사업 관련 포트폴리오 기업 지원 업무 투자 회수 전략 수립 및 실행,요건 관련 산업계 학계에 깊이 있는 네트워크를 보유하고 있는 분 산업 트렌드 비즈니스 관점의 이해 선호 영어 우수자 초기 스타트업 투자에 대한 이해와 열정을 가진 분 새로운 분야에 대해 배우고자 하는 열정과 빠른 습득력을 가진 분 산업계 또는 연구기관 3년 이상 경력자 우대 중소벤처기업 투자 경력자 우대
 다양한 이해관계자의 니즈에 따른 로봇 서비스 운영 전략 수립 및 실행 서비스 도입을 위한 로봇 서비스 현장 셋업 과정 주도 주요 프로젝트 운영 구체화 및 실행 지원 로봇 서비스 운영 정책 수립, 회사의 방향성과 고객의 요구사항을 명확하게 파악하고 실행으로 옮겨 성과를 낸 경험이 있는 분 신사업 프로젝트의 실무를 담당하여 성공으로 이끌어 낸 경험이 있는 분 문제의 핵심을 파악하여 해결한 경험이 있는 분 내부 및 외부 관계자와의 의견 조율  커뮤니케이션 능력이 있는 분 책임감 있고 자기 주도적이며 긍정적인 에너지가 넘치는 분 전략적 사고와 문제 해결 능력을 가진 분 데이터 이상의 우수한 분석력과 인사이트를 보유한 분 운전 가능한 분
 서비스 지표 상승 및 문제해결을 위한 데이터 기반의 인사이트 제공 서비스에서 발생하는 Raw Data를 정제가공적재 데이터 활용과 데이터 기반 사고를 위한 전사적인 코칭 및 지원 기존사업 중장기 계획 및 전략과제 도출 변화하는 시장 환경 분석을 통한 기존사업 개선안 및 성장 전략 도출, 학력  4년제 대졸 이상  경력  유사경력 3년 이상 프로덕트 마케팅 개발 등 다양한 분야에 대한 이해나 경험이 있으신 분 데이터 기반의 인사이트를 통해 실질적인 서비스 지표 상승이나 문제 해결의 경험이 있으신 분 모바일 서비스 데이터 분석 방법LTV AARRR Cohort Funnel 등에 대한 높은 수준의 이해도가 있으신 분 다양한 AB Test를 비즈니스에 적용하고 개선한 경험이 있으신 분 분석 결과를 도출하기 위한 논리적 사고가 있으신 분 Raw Data를 가공하여 인사이트를 뽑아낼 수 있는 데이터 핸들링 능력을 보유하신 분 분석 데이터를 명확하고 쉽게 전달할 수 있는 커뮤니케이션 능력이 있으신 분 데이터를 활용한 원활한 의사소통과 데이터 기반의 사고방법을 전사적으로 공유할 수 있으신 분 동시 다발적으로 진행되는 AB Test를 위한 환경 구축 경험이나 관련된 지식을 보유하고 계신 분 ECommerce 및 플랫폼 비즈니스 경험이 있으신 분
1 정기공시 수시공시 등 공시 업무 전반2 회사소개서 및 IR 자료 작성3 주주총회 및 이사회 진행4 주주관리 및 주식사무5 투자사 및 계열사 관리, 대졸4년이상 상경계열 공시업무 5년 이상 재무구조 전반 이해 가능자 상장사 공시 및 IR 업무 경력자 해당업무 경험자 상법 자본시장법 관련 지식 보유자
 비즈니스 개발 운영 법인회원대기업 IT 기업 비영리법인 등 관리 금융 산업 비즈니스 리서치 리포트 작성 내 외부 보고 발표 자료 작성, 4년제 대학 졸업혹은 예정 리서치 데이터 분석 및 정리 능력 Excel PowerpointDeck Word 문서 작성 능력경력 자격요건 경력 2년 이상스타트업 금융사 컨설팅 펌 등 4년제 대학 졸업 이상전공 무관 리서치 데이터 분석 및 정리 능력 Excel PowerpointDeck Word 문서 작성 능력 컨설팅 펌 금융사 스타트업 경력 영어 소통 및 문서 작성 능력 블록체인 및 금융에 대한 지식 주식 디지털 자산 등 투자에 대한 관심 스케줄 관리 및 자기관리에 강하신 분 멀티태스킹 역량이 뛰어나신 분
 사업단위법인 전략과제 발굴 및 실행방안 수립 개선 추진 연간사업계획 및 KPI 수립 월별 손익관리 경영실적 분석  사업타당성 검토 및 현금흐름을 고려한 재무기획자금조달 법인별 이사회 및 주주총회 및 법인등기, 전략기획 경영기획 사업기획 3년 이상 경험이 있으신 분 주요 사업 정성정량 분석 및 개선방안방향성 도출 및 개선 경험이 있으신 분 법인별 운영계획 검토 및 변화추진 경험이 있으신 분 이사회주주총회 부의안건 준비 및 법인등기 경험이 있으신 분 추정 재무제표 작성 및 가치평가 경험이 있으신 분 마케팅 회계 재무 등 분석을 통한 통찰력을 보유하신 분 IT기업 e커머스 기업 등 유관산업의 전략 경영기획 업무 경험이 있으신 분 상경계열 또는 공학계열 전공자
 엘리스 훈련 교육 과정에 참여할 외부 강사를 구인 및 관리합니다 강사 다이렉트 소싱 및 장기적 네트워킹 새롭게 합류한 강사가 빠르게 플랫폼에 적응하고 훈련 교육의 방향성을 잡도록 도움을 주는 온오프보딩 프로세스 가이드를 기획 및 제작 학습자 온보딩부터 수료까지 AZ 교육 운영 기획 및 실행 교육 일정 플랫폼 학습자료 등 교육 환경 세팅 관리 학습자 선발 절차 운영 및 온보딩 온오프라인 학습에서 발생하는 다양한 이슈를 해결 학습자가 트랙을 성공적으로 완주할 수 있도록 상담 및 독려 관리 소속감과 동기 부여를 위한 네트워킹 프로그램 기획 운영 오리엔테이션 수료식 등 주요 교육 행사 기획 및 운영 수료율 만족도 지표 관리 및 개선 전략 수립 실행 학습 만족도 및 피드백 수집 분석 유관 부서 커뮤니케이션을 통한 개선 방안 실행 관리 출석률 이수율학습 성취도 트래킹 및 지표 개선을 위해 교육팀과 커뮤니케이션 지표 개선을 위한 전략 수립 및 실행 유관 부서 커뮤니케이션 및 실행 방안 매니징, 개발자 취업 준비생과 개발자 취업채용 시장에 대한 이해가 있으신 분 부트캠프 등 디지털 교육산업과 콘텐츠에 대한 이해가 있으신 분 목표 달성을 위한 업무 계획을 자기 주도적으로 수립하고 실행하실 수 있는 분 경청과 공감을 바탕으로 사람들과 소통할 수 있으며 동기 부여해 주는 것에 보람을 느끼는 분 온오프라인 오리엔테이션 동기부여 프로그램 기획 및 프레젠테이션이 가능하신 분 긍정적인 개발 커뮤니티 기획 및 운영과 활성화에 관심이 있는 분 말과 글을 통해 효과적이고 의미 전달이 명확한 커뮤니케이션을 하실 수 있는 분 Excel Google Spreadsheet 등 기본적인 OA 툴 사용이 가능하신 분 헤드헌터 서치펌 리크루터 경력 우대 개발 부트캠프 운영 등 관련 경험 데이터 기반으로 의사결정 하는 것에 익숙하신 분 업무 자동화 경험이 있거나 업무 자동화 세팅이 가능한 분 소프트웨어 플랫폼 새로운 툴 등 테크 분야에 익숙하신 분
 신규 개발 중인 헬스케어 서비스의 POProduct Owner로서 기획 및 운영 서비스 시나리오 설계 및 화면구성 프로덕트서비스사용자 경험 디자인, PC Mobile 웹 앱등의 환경에서 3년 이상 서비스 기획을 경험 하신 분  특정 사용자군에 대한 Research를 통해 서비스 방향성 수립 가능 하신 분  서비스의 기획부터 출시까지 기획디자인개발검증운영 전반적인 프로젝트 리드 가능하신 분 서비스 정책 정의 사업전략에 맞춘 우선순위 수립 주요 지표 설정 등의 업무 수행 가능하신 분 수집된 서비스 데이터와 사용자 피드백을 활용해 정량정성적 분석을 통해 서비스 개선점 도출 가능하신 분포트폴리오 제출 필수 사용자 입장에서 깊게 고민하고 사용자의 불편사항과 태스크를 분석하여 프로덕트의 UX 설계를 할 수 있는 분 많은 사용자들을 대상으로 하는 서비스의 기획 및 운영을 경험하신 분  서비스 초기 기획부터 출시 및 운영 까지 프로젝트의 전체 단계를 경험하신 분  헬스케어 서비스와 플랫폼 기획 및 운영을 경험하신 분
기업과 공공 분야의1 중장기 전략 미래전략사업전략마케팅전략2 조직인사 직무분석정원산정조직재설계3 성과관리 성과평가성과조사4 기타 시장에서 요구되는 컨설팅 역량,경영전략 조직인사 성과관리 프로젝트를 최소 7년 이상 컨설팅 영역에서 수행한 경력을 필히 보유해야 하며 재무 회계에 대한 일반적인 수준의 지식과 수학 통계학적 기법을 적용 할 수 있는 역량을 갖춰야 하며성과 중심의 컨설팅 본부센터팀 단위의 조직을 운영할 수 있는 리더십과 경험을 보유한 회사와 개인이 상생하는 접점을 지속 창출할 수 있는 인재를 초빙합니다수학통계역량 필수박사학위 수여자 우대빅4 및 글로벌 컨설팅 회사 출신 우대
 데일리펀딩 금융 상품 관리 및 운영 금융 상품 심사 및 리스크 관리 신규 상품 기획 및 상품 출시 업무, 신입 지원 가능 4년제 대학 졸업예정 이상 금융회사 여신 상품 운영 경력이 있으신 분 새로운 것을 알아가는데 흥미가 있으신 분 핀테크스타트업IT 산업에 관심이 많으신 분 주도적으로 문제를 해결해 본 경험이 있으신 분 팀원 및 타 부서와 원활한 커뮤니케이션이 가능하신 분
1 관리손익 부서별  매장별  브랜드별 관리손익 산출2 사업계획 연간 사업계획 수립3 예산관리 사업계획 근거 예산 운영4 중장기 계획 3  5  10년 중장기 계획 수립5 경쟁사  환경분석 경쟁사 실적 및 내외부 환경 분석6 회의체 운영 기간별 회의체 운영7 지표관리 재고  손익 지표  산출 및 보고, 대학교4년 졸업 과장대리급48년 경영기획 경험 4년 이상 분석적 사고  키즈 및 주니어 패션 경력자 우대 주주 관련 업무 경험
MGRV가 전개하는 다양한 형태의 사업의 수익성 개선 및 고객 만족도 제고를 위한 영업 및 운영 전략을 수립합니다 재무적인 지표는 물론 customer journey 전반에 걸친 다양한 지표들을 테이터베이스화하고 분석하여 전략적 시사점을 도출하는 역할을 합니다 소규모 프로젝트를 독립적으로 맡아 이끌어 나가기도 하며 부동산개발운영시설브랜드 디자인개발 등 전사 모든 부서들과 밀접하게 협업합니다  Revenue manager로 가격 정책 운영을 통한 매출 증대  운영 중인 지점의 재무 및 운영 관련 선행 지표 관리  비즈니스 수익성 개선을 위한 전략 과제 선정 및 문제 해결  고객 및 공간 운영 데이터 분석을 통한 전략적 시사점 도출,  기업의 PL 지표에 대한 이해를 바탕으로 수익성 개선을 위한 과제 정의가 가능하신 분  문제 정의해결방안 탐색실행의 일련의 과정을 수행할 수 있는 분  데이터를 활용하여 실제 사업에 적용할 수 있는 분  각 종 데이터를 취합 분석 시각화가 가능한 분SQL 태블로 등 경험 우대  근성Grit을 가지고 새롭게 시도하며 끊임없이 성장하고자 하는 마음가짐Growth mindset을 지니신 분  코리빙Coliving 또는 O2O 비즈니스에 대한 이해와 열정이 있으신 분
 엘리스 부트캠프 졸업생의 진로 설계와 취업 준비를 돕습니다 채용시장 분석을 통해 테크 기업직군이 지원자에 요구하는 역량 파악 주기적인 취업상담을 통해 졸업생의 취업연계 지원 취업현황 관리 취업 관련 데이터 수집 및 분석 보고서 작성 채용 성사율을 높일 수 있는 채용행사를 기획하고 운영합니다 기업이 참가하는 채용 설명회 채용 박람회 등 기획 및 운영 졸업생이 역량을 준비할 수 있는 이력서 특강 면접 특강 등 기획 및 강의 채용 직무와 사용 기술이 엘리스 트랙과 맞는 기업을 발굴합니다 기업 및 시장 동향 분석 신규 파트너 기업 소싱 기존 파트너 기업과의 긴밀한 파트너 관계 구축 수료생과 파트너 기업 간의 취업 매칭을 위한 전략 수립 및 실행 기업에 엘리스 트랙과 졸업생을 알리고 채용과 교육을 통한 협업을 제안합니다 잠재 파트너사와 기존 협력사에 엘리스 트랙 홍보 파트너사와 채용과 교육을 통한 마케팅프로모션 제휴 파트너사의 만족도 조사 및 피드백 반영한 전략 수립, 엘리스 트랙을 비롯한 개발 부트캠프에 관심이 있는 분 타인의 성장을 위해 방향을 제시하고 동기부여 해 주는 것에 보람을 느끼는 분 전략적인 사고를 바탕으로 글과 말을 통해 논리적이고 설득력 있는 커뮤니케이션을 할 수 있는 분 자기주도적으로 문제를 정의하고 해결할 수 있는 역량을 갖춘 분 운영 업무를 프로세스화하고 문서화할 수 있으며 Excel Google Spreadsheet 등 OA 툴 사용이 가능하신 분 소프트웨어 플랫폼 새로운 툴 등 테크 분야에 관심이 있는 분 개발 부트캠프 운영 취업상담 영업 중 한 가지 이상에 경험이 있는 분 데이터 기반으로 의사결정 하는 것에 익숙하신 분 업무 자동화 경험이 있거나 업무 자동화 세팅이 가능한 분 서치펌 PM 경력이 있으신 분
 엘리스 훈련 교육 과정에 참여할 외부 강사를 구인 및 관리합니다 강사 다이렉트 소싱 및 장기적 네트워킹 새롭게 합류한 강사가 빠르게 플랫폼에 적응하고 훈련 교육의 방향성을 잡도록 도움을 주는 온오프보딩 프로세스 가이드를 기획 및 제작 학습자 온보딩부터 수료까지 AZ 교육 운영 기획 및 실행 교육 일정 플랫폼 학습자료 등 교육 환경 세팅 관리 학습자 선발 절차 운영 및 온보딩 온오프라인 학습에서 발생하는 다양한 이슈를 해결 학습자가 트랙을 성공적으로 완주할 수 있도록 상담 및 독려 관리 소속감과 동기 부여를 위한 네트워킹 프로그램 기획 운영 오리엔테이션 수료식 등 주요 교육 행사 기획 및 운영 수료율 만족도 지표 관리 및 개선 전략 수립 실행 학습 만족도 및 피드백 수집 분석 유관 부서 커뮤니케이션을 통한 개선 방안 실행 관리 출석률 이수율학습 성취도 트래킹 및 지표 개선을 위해 교육팀과 커뮤니케이션 지표 개선을 위한 전략 수립 및 실행 유관 부서 커뮤니케이션 및 실행 방안 매니징, 개발자 취업 준비생과 개발자 취업채용 시장에 대한 이해가 있으신 분 부트캠프 등 디지털 교육산업과 콘텐츠에 대한 이해가 있으신 분 목표 달성을 위한 업무 계획을 자기 주도적으로 수립하고 실행하실 수 있는 분 경청과 공감을 바탕으로 사람들과 소통할 수 있으며 동기 부여해 주는 것에 보람을 느끼는 분 온오프라인 오리엔테이션 동기부여 프로그램 기획 및 프레젠테이션이 가능하신 분 긍정적인 개발 커뮤니티 기획 및 운영과 활성화에 관심이 있는 분 말과 글을 통해 효과적이고 의미 전달이 명확한 커뮤니케이션을 하실 수 있는 분 Excel Google Spreadsheet 등 기본적인 OA 툴 사용이 가능하신 분 헤드헌터 서치펌 리크루터 경력 우대 개발 부트캠프 운영 등 관련 경험 데이터 기반으로 의사결정 하는 것에 익숙하신 분 업무 자동화 경험이 있거나 업무 자동화 세팅이 가능한 분 소프트웨어 플랫폼 새로운 툴 등 테크 분야에 익숙하신 분
이런 팀에서 일을 합니다  사업개발팀은 사업확대를 위해 반도체 관련 사업기회를 발굴하며 MA 및 사업투자검토를 진행합니다 사업기획 특허 법무 국책과제 담당자가 협업하여 업무를 수행합니다 반도체 산업에 대한 시장분석 경쟁사 또는 인수대상기업에 대해 기술가치평가를 통해 사업기회를 찾습니다이런 업무를 합니다  신사업을 기획 및 사업전략을 수립합니다 기업의 비전을 검토하고 방향성을 수립합니다 신사업에 대한 투자 타상성을 분석하고 평가합니다 투자사를 분석합니다 신규사업을 위한 선행기술을 조합니다 신규사업을 위한 기술 및 사업성을 평가합니다 사내 신규사업의 기술로드맵을 작성합니다 경영기획을 수행합니다 경영비전 및 경영전략을 수립합니다 중장기 전략 및 장단기 사업계획을 수립합니다 연도별 경영분석 및 지표를 산출합니다 법무 특허업무를 총괄합니다 계약서를 검토합니다 경영분쟁 및 소송이슈 발생시 대응합니다 신사업 기술을 분석합니다 사내 특허 출원유지보상 프로세스를 수립합니다 본사 및 자회사 특허를 출원합니다 특허 분쟁 발생시 대응합니다, 신사업 기획 및 관리 15년 이상 경력이 필요합니다팀을 리드한 5년이상 팀장경력을 포함합니다 전기전자공학 재료공학 기계공학 화학공학 전공이 필요합니다 반도체 산업내 신사업 기획 관리 경력이 필요합니다 다양한 분야에 대한 관심 및 학습 능력이 필요합니다 문제해결 및 원인 분석능력이 필요합니다 주도적 능동적 과제를 창출할 수 있는 능력이 필요합니다 최고수준의 투명성과 도덕성이 필요합니다 기획 법무 특허 전반 수행 또는 관리 경력이 있으면 좋습니다 전략기획 프로세스 실무경력이 있으면 좋습니다 제조 유통 대기업 상장기업 경력이 있으면 좋습니다 영어회화가 가능하면 더 좋습니다
플랫폼 사업 운영 및 지표매출손익 관리 플랫폼 운영 단의 경영계획 수립 및 실적 관리 연간월간 계획 수립 플랫폼 매출 데이터 분석 통한 향후 운영 전략 수립 계획 기반 팀별 달성 목표 수립 및 관리 손익 추정 및 지표 관리 시장경쟁사 분석 및 벤치마킹 자료 분석, 경영관리매출손익 및 경영기획전략기획 관련 업무 경험 57년 이상 보유자 온라인 커머스 플랫폼 운영 경험 보유자 최소 1년 이상 단위 사업에 대한 매출기획 및 손익분석 경험 보유 조직 별 KPI 관리 경험 보유자 기획 보고서 작성 능력 우수자 관련 부서 담당자들과 커뮤니케이션 역량 보유자 다양한 유형의 서비스 경험자 우대 헬스케어 카테고리 경험자 우대
 고객이 Jober를 사용하면서 문의하는 것에 대해 안내하고 이를 기록해 요청이 많은 사항을 UX에 반영 또는 가이드를 만들어 고객 스스로 Jober를 잘 사용할 수 있도록 시스템을 개선합니다 고객이 필요로 하는 사항을 리스트업해서 가장 요청이 많이 오는 사항을 개발할 수 있게 기획을 하는 업무를 합니다 고객사의 요청사항 중 자동화가 개발되지 않은 부분을 수동으로 업무를 처리해 고객의 요구사항을 만족시키면서 본인이 업무를 자동화할 수 있도록 개발사양을 정리해 개발팀과 협업합니다 업무 고객 상담 및 시스템 운영 40  기획 업무 40  기타 업무 20, B2B  B2C IT Service에 이해도가 높고 IT 시스템 사용에 능숙한 분  고객사의 요청사항을 귀담아 듣고 원활한 의사소통이 가능하신 분 사업관리 서비스 운영 고객 대응 등 업무 융통성을 갖추신 분 IT 서비스에 대한 기술적인 이해도가 높은 분 명확하고 간결한 표현으로 의사를 전달하는 능력 IT 서비스 운영 기획 개발 경험 인사 업무 관련 경력 채용 업무 관련 경력 SQL Tableau 등 데이터 추출 및 분석 가능하신 분
1 관리손익 부서별  매장별  브랜드별 관리손익 산출2 사업계획 연간 사업계획 수립3 예산관리 사업계획 근거 예산 운영4 중장기 계획 3  5  10년 중장기 계획 수립5 경쟁사  환경분석 경쟁사 실적 및 내외부 환경 분석6 회의체 운영 기간별 회의체 운영7 지표관리 재고  손익 지표  산출 및 보고, 대학교4년 졸업 과장대리급48년 경영기획 경험 4년 이상 분석적 사고  키즈 및 주니어 패션 경력자 우대 주주 관련 업무 경험
 전기차 충전 사업 운영 조직 리드 정기 점검 및 현장 이슈 대응 등 전국 단위 충전 시설 충전 공간 관리 충전기 운영데이터 모니터링 및 분석을 통한 이용률 증진 장애 예방운영 효율성 증진을 위한 파트너쉽 IT 서비스 도입 등 운영 개선 PJT 수행대고객 커뮤니케이션 및 CX 정책 수립운영콜센터 및 현장 대응 파트너사 관리,전국 단위로 산재한 시설 또는 실물자산을 이용한 서비스 운영 경험을 보유하신 분데이터에 기반하여 문제를 파악하고 운영에 적합한 지표를 도출하여 서비스 품질 향상을 주도적으로 수행해 보신 분VoC에 기반하여 신속하게 운영 이슈를 대응하거나 사용자 관점으로 이용 경험을 향상시킨 이력을 보유하신 분 대내외 조직 및 기관과 적극적인 협업을 수행하고 파트너사를 관리한 경험을 보유하신 분동료 간 수평적인 구조를 중시하고 의견을 표현하는데 주저함이 없으며 다양한 팀과의 협업을 위한 커뮤니케이션이 원활하신 분 5인 이상 조직에서 조직인력 관리 미션 관리 구성원 피드백 등 리더 경험을 보유하신 분새로운 시도와 실패를 두려워하지 않는 도전적인 성격을 지니신 분 전기차 충전 서비스 운영 관련 경험을 보유하신 분모빌리티 또는 신재생에너지 관련 인더스트리에서 서비스 운영 관련 경험을 보유하신 분전기공학 관련 전공 또는 전기기사 등 관련 자격증을 보유하신 분조직 신설 경험 및 주니어 육성 관련 경험을 보유하신 분창업 혹은 스타트업 관련 커리어를 보유하신 분
사업계획 수립 및 운영사업분석 및 중장기 사업전략 수립정기 그룹사 회의 운영경영기획 관한 전반 업무,해당 유사 경력 최소 2년 이상 MS OFFICE  활용능력 우수자기업 경영기획 관련 업무 경험자보고서 작성 능력 우수자계획수립 및 분석 문제해결 능력 우수자
지자체 농업농촌 분야 사업 계획 수립 및 컨설팅농업경영체농협 영농조합법인 농업회사법인 등 사업계획 수립 및 컨설팅발식량작물 공동경영체 육성 컨설팅 및 농가 교육 진행학교급식로컬푸드직거래장터 기획생산체계 구축로컬푸드 직매장장터 개설 및 운영 컨설팅자료조사 및 수집 자료 정리교육계획 및 현장 진행사업계획 수립 및 컨설팅 업무 지원결과정산보고서 작성,대졸이상 석사동종업계 경력 2년 이상현장진행경험자교육 및 견학 연수진행MSoffice 활용운전가능
 글로벌 투자사들과 전기차 충전 태양광 풍력 등 친환경에너지 프로젝트의 금융구조 최적화를 위한 사업계획 재무  모델 구축 펀딩 전략 및 집행안 마련대출약정서 임대차계약 양수도 계약 EPCOM 계약 등을 포함한 관련 계약 검토협의 및 관리 투자 합작법인 설립 투자 이후 자금 출금 및 인출 자산관리 투자자 보고 등 어드민 업무 신규 투자 유치 및 투자자 대응, 재무 회계에 대한 기초적인 지식을 보유하신 분 새로운 시도와 실패를 두려워하지 않는 도전적인 정신을 보유하신 분 다양한 관계부서와의 커뮤니케이션에 능통하신 분 MS Office PowerPoint Excel Word 활용 중상급 이상이신 분금융기관컨설팅 회계법인 관련 경험이 있으신 분 발전 에너지 등 인프라 자산 투자 경험이 있으신 분 영어가 능통하신 분
전기차 충전기의 운영데이터 모니터링 및 분석 전기차 충전기 운영문제 해결 및 재발 방지전기차 충전기 운영보고서 작성운영 업무의 효율성을 높이기 위한 방안 제시,데이터에 기반하여 문제를 파악하고 지표를 개선한 경험이 있으신 분 사용자 관점으로 충전경험에서 발생하는 불편함의 원인을 고민하고 답을 찾기 위해 노력하시는 분 Excel 활용 능력이 중상급 이상이신 분동료 간 수평적인 구조를 중시하고 의견을 표현하는데 주저함이 없으며 다양한 팀과의 협업을 위한 커뮤니케이션이 원활하신 분새로운 시도와 실패를 두려워하지 않는 도전적인 성격을 지니신 분CX 개발자 디자이너 등 협업 부서와의 커뮤니케이션에 능통하신 분전기자동차 및 충전 관련 유사업무 경험이 있으신 분디바이스를 활용한 서비스나 IoT 기반 서비스 BM에 대한 이해도가 높으신 분창업 혹은 스타트업에서 근무한 경험이 있으신 분
채용직급  차부장급 1명 분야 컨슈머 및 헬스케어 비즈니스 전사 영업 사업전략 기획 및 현황 분석 단기 중장기 계획 수립 및 관리 사업 전략 수립 신규 사업 발굴 타당성 분석 경영성과 및 실적관리 매출 관리 손익 분석 사업 계획 단기 중장기 계획 수립 및 관리 신규 상품 기획 및 출시 주요 사업 제휴 및 기술 파트너 발굴 경쟁사 분석 및 시장 조사 국내외 시장 및 트렌드 조사 분석,학력  대졸 이상 4년경력  업무 경력 10년 이상어학  영어회화 가능자 경영 및 상경계열 전공 해외대학 졸업자 재무 회계 관련 기본 지식 신규 사업 경험 기획부터 런칭까지 전략기획 신사업 개발 및 검토 관련 경험 데이터 분석 및 OA 활용 능력 우수
오프라인 비즈니스에 대한 높은 이해도를 바탕으로 사업 전반의 영역을 지원  관리하여 사업 확장에 기여합니다Business 지표 관리 Sales Service Customer data VOC채용 및 운영 주도 채용 보상 교육지점 표준 메뉴얼 제작 및 관리Busienss 정책 수립 및 관리지점 Contents 및 온오프라인 마케팅 운영관리,5년 이상 오프라인 비즈니스 관리자 경험스타트업 기획 전략 경험 보유조직 리딩 경험 보유문제 해결 역량오프라인 비즈니스 구조에 대한 높은 이해도Sales와 Management 영역 전반의 폭넓은 경험MS Office 활용 역량 우수Communication 역량 우수
알파브라더스 IR 팀으로 합류하시면 크리에이티브 소속으로 다음과 같은 일을 합니다 투자유치를 위한 비즈니스 문서 작성투자계획서 사업제안서 등 액셀러레이팅 프로그램 기획 및 운영 투자유치 관련 멘토링 및 교육 진행 투자자 및 창업지원 네트워크 관리, 이런 분과 함께 하고 싶어요 한글 PPT 엑셀 등 OA 툴 사용이 가능한 분 원활한 대응 및 커뮤니케이션에 자신있는 분 신입 또는 유관 경력이 있으신 분6개월 이상  1년 이하이런 분을 우대합니다 스타트업 투자 액셀러레이팅에 관심있는 분 기업분석 시장조사 등 리서치 및 분석 경험이 있는 분 비즈니스 문서작성 경험이 있으신 분 능동적인 업무태도와 빠른 습득력을 가진 분 꼼꼼하고 책임감이 강하신 분 장기근무 가능하신 분 
 사업기획   사업전략 및 사업계획 수립   대외협력국내외 관련업체   IR  홍보업무 기술기획   기술조사 시장조사 기술로드맵 작성   RD 과제기획   국내외 RD 대외협력   정부과제 발굴 및 진행, 전장업체 경력자 전자컴퓨터정보통신 관련 전공자 시장과 기술에 대한 이해도가 높은 분 MS office 능숙자 영어 가능자 컴퓨터시스템 공학 전공 해당 직무 근무 경험 AVNIVI 시스템 개발 경험 QT 개발 경험 Git 활용 경험
플랫폼 사업 운영 및 지표매출손익 관리 플랫폼 운영 단의 경영계획 수립 및 실적 관리 연간월간 계획 수립 플랫폼 매출 데이터 분석 통한 향후 운영 전략 수립 계획 기반 팀별 달성 목표 수립 및 관리 손익 추정 및 지표 관리 시장경쟁사 분석 및 벤치마킹 자료 분석, 경영관리매출손익 및 경영기획전략기획 관련 업무 경험 57년 이상 보유자 온라인 커머스 플랫폼 운영 경험 보유자 최소 1년 이상 단위 사업에 대한 매출기획 및 손익분석 경험 보유 조직 별 KPI 관리 경험 보유자 기획 보고서 작성 능력 우수자 관련 부서 담당자들과 커뮤니케이션 역량 보유자 다양한 유형의 서비스 경험자 우대 헬스케어 카테고리 경험자 우대
 고객이 Jober를 사용하면서 문의하는 것에 대해 안내하고 이를 기록해 요청이 많은 사항을 UX에 반영 또는 가이드를 만들어 고객 스스로 Jober를 잘 사용할 수 있도록 시스템을 개선합니다 고객이 필요로 하는 사항을 리스트업해서 가장 요청이 많이 오는 사항을 개발할 수 있게 기획을 하는 업무를 합니다 고객사의 요청사항 중 자동화가 개발되지 않은 부분을 수동으로 업무를 처리해 고객의 요구사항을 만족시키면서 본인이 업무를 자동화할 수 있도록 개발사양을 정리해 개발팀과 협업합니다 업무 고객 상담 및 시스템 운영 40  기획 업무 40  기타 업무 20, B2B  B2C IT Service에 이해도가 높고 IT 시스템 사용에 능숙한 분  고객사의 요청사항을 귀담아 듣고 원활한 의사소통이 가능하신 분 사업관리 서비스 운영 고객 대응 등 업무 융통성을 갖추신 분 IT 서비스에 대한 기술적인 이해도가 높은 분 명확하고 간결한 표현으로 의사를 전달하는 능력 IT 서비스 운영 기획 개발 경험 인사 업무 관련 경력 채용 업무 관련 경력 SQL Tableau 등 데이터 추출 및 분석 가능하신 분
 전기차 충전 사업 운영 조직 리드 정기 점검 및 현장 이슈 대응 등 전국 단위 충전 시설 충전 공간 관리 충전기 운영데이터 모니터링 및 분석을 통한 이용률 증진 장애 예방운영 효율성 증진을 위한 파트너쉽 IT 서비스 도입 등 운영 개선 PJT 수행대고객 커뮤니케이션 및 CX 정책 수립운영콜센터 및 현장 대응 파트너사 관리,전국 단위로 산재한 시설 또는 실물자산을 이용한 서비스 운영 경험을 보유하신 분데이터에 기반하여 문제를 파악하고 운영에 적합한 지표를 도출하여 서비스 품질 향상을 주도적으로 수행해 보신 분VoC에 기반하여 신속하게 운영 이슈를 대응하거나 사용자 관점으로 이용 경험을 향상시킨 이력을 보유하신 분 대내외 조직 및 기관과 적극적인 협업을 수행하고 파트너사를 관리한 경험을 보유하신 분동료 간 수평적인 구조를 중시하고 의견을 표현하는데 주저함이 없으며 다양한 팀과의 협업을 위한 커뮤니케이션이 원활하신 분 5인 이상 조직에서 조직인력 관리 미션 관리 구성원 피드백 등 리더 경험을 보유하신 분새로운 시도와 실패를 두려워하지 않는 도전적인 성격을 지니신 분 전기차 충전 서비스 운영 관련 경험을 보유하신 분모빌리티 또는 신재생에너지 관련 인더스트리에서 서비스 운영 관련 경험을 보유하신 분전기공학 관련 전공 또는 전기기사 등 관련 자격증을 보유하신 분조직 신설 경험 및 주니어 육성 관련 경험을 보유하신 분창업 혹은 스타트업 관련 커리어를 보유하신 분
오프라인 비즈니스에 대한 높은 이해도를 바탕으로 사업 전반의 영역을 지원  관리하여 사업 확장에 기여합니다Business 지표 관리 Sales Service Customer data VOC채용 및 운영 주도 채용 보상 교육지점 표준 메뉴얼 제작 및 관리Busienss 정책 수립 및 관리지점 Contents 및 온오프라인 마케팅 운영관리,5년 이상 오프라인 비즈니스 관리자 경험스타트업 기획 전략 경험 보유조직 리딩 경험 보유문제 해결 역량오프라인 비즈니스 구조에 대한 높은 이해도Sales와 Management 영역 전반의 폭넓은 경험MS Office 활용 역량 우수Communication 역량 우수
 신규 개발 중인 헬스케어 서비스의 POProduct Owner로서 기획 및 운영 서비스 시나리오 설계 및 화면구성 프로덕트서비스사용자 경험 디자인, PC Mobile 웹 앱등의 환경에서 3년 이상 서비스 기획을 경험 하신 분  특정 사용자군에 대한 Research를 통해 서비스 방향성 수립 가능 하신 분  서비스의 기획부터 출시까지 기획디자인개발검증운영 전반적인 프로젝트 리드 가능하신 분 서비스 정책 정의 사업전략에 맞춘 우선순위 수립 주요 지표 설정 등의 업무 수행 가능하신 분 수집된 서비스 데이터와 사용자 피드백을 활용해 정량정성적 분석을 통해 서비스 개선점 도출 가능하신 분포트폴리오 제출 필수 사용자 입장에서 깊게 고민하고 사용자의 불편사항과 태스크를 분석하여 프로덕트의 UX 설계를 할 수 있는 분 많은 사용자들을 대상으로 하는 서비스의 기획 및 운영을 경험하신 분  서비스 초기 기획부터 출시 및 운영 까지 프로젝트의 전체 단계를 경험하신 분  헬스케어 서비스와 플랫폼 기획 및 운영을 경험하신 분
이런 팀에서 일을 합니다  사업개발팀은 사업확대를 위해 반도체 관련 사업기회를 발굴하며 MA 및 사업투자검토를 진행합니다 사업기획 특허 법무 국책과제 담당자가 협업하여 업무를 수행합니다 반도체 산업에 대한 시장분석 경쟁사 또는 인수대상기업에 대해 기술가치평가를 통해 사업기회를 찾습니다이런 업무를 합니다  신사업을 기획 및 사업전략을 수립합니다 기업의 비전을 검토하고 방향성을 수립합니다 신사업에 대한 투자 타상성을 분석하고 평가합니다 투자사를 분석합니다 신규사업을 위한 선행기술을 조합니다 신규사업을 위한 기술 및 사업성을 평가합니다 사내 신규사업의 기술로드맵을 작성합니다 경영기획을 수행합니다 경영비전 및 경영전략을 수립합니다 중장기 전략 및 장단기 사업계획을 수립합니다 연도별 경영분석 및 지표를 산출합니다 법무 특허업무를 총괄합니다 계약서를 검토합니다 경영분쟁 및 소송이슈 발생시 대응합니다 신사업 기술을 분석합니다 사내 특허 출원유지보상 프로세스를 수립합니다 본사 및 자회사 특허를 출원합니다 특허 분쟁 발생시 대응합니다, 신사업 기획 및 관리 15년 이상 경력이 필요합니다팀을 리드한 5년이상 팀장경력을 포함합니다 전기전자공학 재료공학 기계공학 화학공학 전공이 필요합니다 반도체 산업내 신사업 기획 관리 경력이 필요합니다 다양한 분야에 대한 관심 및 학습 능력이 필요합니다 문제해결 및 원인 분석능력이 필요합니다 주도적 능동적 과제를 창출할 수 있는 능력이 필요합니다 최고수준의 투명성과 도덕성이 필요합니다 기획 법무 특허 전반 수행 또는 관리 경력이 있으면 좋습니다 전략기획 프로세스 실무경력이 있으면 좋습니다 제조 유통 대기업 상장기업 경력이 있으면 좋습니다 영어회화가 가능하면 더 좋습니다
사업계획 수립 및 운영사업분석 및 중장기 사업전략 수립정기 그룹사 회의 운영경영기획 관한 전반 업무,해당 유사 경력 최소 2년 이상 MS OFFICE  활용능력 우수자기업 경영기획 관련 업무 경험자보고서 작성 능력 우수자계획수립 및 분석 문제해결 능력 우수자
지자체 농업농촌 분야 사업 계획 수립 및 컨설팅농업경영체농협 영농조합법인 농업회사법인 등 사업계획 수립 및 컨설팅발식량작물 공동경영체 육성 컨설팅 및 농가 교육 진행학교급식로컬푸드직거래장터 기획생산체계 구축로컬푸드 직매장장터 개설 및 운영 컨설팅자료조사 및 수집 자료 정리교육계획 및 현장 진행사업계획 수립 및 컨설팅 업무 지원결과정산보고서 작성,대졸이상 석사동종업계 경력 2년 이상현장진행경험자교육 및 견학 연수진행MSoffice 활용운전가능
 글로벌 투자사들과 전기차 충전 태양광 풍력 등 친환경에너지 프로젝트의 금융구조 최적화를 위한 사업계획 재무  모델 구축 펀딩 전략 및 집행안 마련대출약정서 임대차계약 양수도 계약 EPCOM 계약 등을 포함한 관련 계약 검토협의 및 관리 투자 합작법인 설립 투자 이후 자금 출금 및 인출 자산관리 투자자 보고 등 어드민 업무 신규 투자 유치 및 투자자 대응, 재무 회계에 대한 기초적인 지식을 보유하신 분 새로운 시도와 실패를 두려워하지 않는 도전적인 정신을 보유하신 분 다양한 관계부서와의 커뮤니케이션에 능통하신 분 MS Office PowerPoint Excel Word 활용 중상급 이상이신 분금융기관컨설팅 회계법인 관련 경험이 있으신 분 발전 에너지 등 인프라 자산 투자 경험이 있으신 분 영어가 능통하신 분
전기차 충전기의 운영데이터 모니터링 및 분석 전기차 충전기 운영문제 해결 및 재발 방지전기차 충전기 운영보고서 작성운영 업무의 효율성을 높이기 위한 방안 제시,데이터에 기반하여 문제를 파악하고 지표를 개선한 경험이 있으신 분 사용자 관점으로 충전경험에서 발생하는 불편함의 원인을 고민하고 답을 찾기 위해 노력하시는 분 Excel 활용 능력이 중상급 이상이신 분동료 간 수평적인 구조를 중시하고 의견을 표현하는데 주저함이 없으며 다양한 팀과의 협업을 위한 커뮤니케이션이 원활하신 분새로운 시도와 실패를 두려워하지 않는 도전적인 성격을 지니신 분CX 개발자 디자이너 등 협업 부서와의 커뮤니케이션에 능통하신 분전기자동차 및 충전 관련 유사업무 경험이 있으신 분디바이스를 활용한 서비스나 IoT 기반 서비스 BM에 대한 이해도가 높으신 분창업 혹은 스타트업에서 근무한 경험이 있으신 분
채용직급  차부장급 1명 분야 컨슈머 및 헬스케어 비즈니스 전사 영업 사업전략 기획 및 현황 분석 단기 중장기 계획 수립 및 관리 사업 전략 수립 신규 사업 발굴 타당성 분석 경영성과 및 실적관리 매출 관리 손익 분석 사업 계획 단기 중장기 계획 수립 및 관리 신규 상품 기획 및 출시 주요 사업 제휴 및 기술 파트너 발굴 경쟁사 분석 및 시장 조사 국내외 시장 및 트렌드 조사 분석,학력  대졸 이상 4년경력  업무 경력 10년 이상어학  영어회화 가능자 경영 및 상경계열 전공 해외대학 졸업자 재무 회계 관련 기본 지식 신규 사업 경험 기획부터 런칭까지 전략기획 신사업 개발 및 검토 관련 경험 데이터 분석 및 OA 활용 능력 우수
MGRV가 전개하는 다양한 형태의 사업의 수익성 개선 및 고객 만족도 제고를 위한 영업 및 운영 전략을 수립합니다 재무적인 지표는 물론 customer journey 전반에 걸친 다양한 지표들을 테이터베이스화하고 분석하여 전략적 시사점을 도출하는 역할을 합니다 소규모 프로젝트를 독립적으로 맡아 이끌어 나가기도 하며 부동산개발운영시설브랜드 디자인개발 등 전사 모든 부서들과 밀접하게 협업합니다  Revenue manager로 가격 정책 운영을 통한 매출 증대  운영 중인 지점의 재무 및 운영 관련 선행 지표 관리  비즈니스 수익성 개선을 위한 전략 과제 선정 및 문제 해결  고객 및 공간 운영 데이터 분석을 통한 전략적 시사점 도출,  기업의 PL 지표에 대한 이해를 바탕으로 수익성 개선을 위한 과제 정의가 가능하신 분  문제 정의해결방안 탐색실행의 일련의 과정을 수행할 수 있는 분  데이터를 활용하여 실제 사업에 적용할 수 있는 분  각 종 데이터를 취합 분석 시각화가 가능한 분SQL 태블로 등 경험 우대  근성Grit을 가지고 새롭게 시도하며 끊임없이 성장하고자 하는 마음가짐Growth mindset을 지니신 분  코리빙Coliving 또는 O2O 비즈니스에 대한 이해와 열정이 있으신 분
 사업기획   사업전략 및 사업계획 수립   대외협력국내외 관련업체   IR  홍보업무 기술기획   기술조사 시장조사 기술로드맵 작성   RD 과제기획   국내외 RD 대외협력   정부과제 발굴 및 진행, 전장업체 경력자 전자컴퓨터정보통신 관련 전공자 시장과 기술에 대한 이해도가 높은 분 MS office 능숙자 영어 가능자 컴퓨터시스템 공학 전공 해당 직무 근무 경험 AVNIVI 시스템 개발 경험 QT 개발 경험 Git 활용 경험
알파브라더스 IR 팀으로 합류하시면 크리에이티브 소속으로 다음과 같은 일을 합니다 투자유치를 위한 비즈니스 문서 작성투자계획서 사업제안서 등 액셀러레이팅 프로그램 기획 및 운영 투자유치 관련 멘토링 및 교육 진행 투자자 및 창업지원 네트워크 관리, 이런 분과 함께 하고 싶어요 한글 PPT 엑셀 등 OA 툴 사용이 가능한 분 원활한 대응 및 커뮤니케이션에 자신있는 분 신입 또는 유관 경력이 있으신 분6개월 이상  1년 이하이런 분을 우대합니다 스타트업 투자 액셀러레이팅에 관심있는 분 기업분석 시장조사 등 리서치 및 분석 경험이 있는 분 비즈니스 문서작성 경험이 있으신 분 능동적인 업무태도와 빠른 습득력을 가진 분 꼼꼼하고 책임감이 강하신 분 장기근무 가능하신 분 
기업과 공공 분야의1 중장기 전략 미래전략사업전략마케팅전략2 조직인사 직무분석정원산정조직재설계3 성과관리 성과평가성과조사4 기타 시장에서 요구되는 컨설팅 역량,경영전략 조직인사 성과관리 프로젝트를 최소 7년 이상 컨설팅 영역에서 수행한 경력을 필히 보유해야 하며 재무 회계에 대한 일반적인 수준의 지식과 수학 통계학적 기법을 적용 할 수 있는 역량을 갖춰야 하며성과 중심의 컨설팅 본부센터팀 단위의 조직을 운영할 수 있는 리더십과 경험을 보유한 회사와 개인이 상생하는 접점을 지속 창출할 수 있는 인재를 초빙합니다수학통계역량 필수박사학위 수여자 우대빅4 및 글로벌 컨설팅 회사 출신 우대
