﻿직무,고용 현황,근무지,날짜,별점,요약,장점,단점,경영진에게 바라는 점
"
          전직원
      ",서울,2023. 06,,3.0,"""신입 선생님들이 좌충우돌 경험할수 있는 곳. 1-10시 근무지만, 야근이 잦을 수 밖에 없는 업무량. 아이들을 좋아하면 장기 근속 가능.""","
일할 당시엔, 선생님들 간 분위기가 좋아서 도와주는 분위기였음. 유동적으로 시간 여유가 있을 때 점심 및 저녁 식사 가능.
","
매주 월요일 오프닝 미팅 및 퇴근 전 하루 일과를 공유하는 클로징 미팅이 불필요하다고 생각함. 퇴근 전 다들 지친 와중에 클로징 미팅 후 잔업으로 야근이 당연시 여겨짐. 추가로, 매주 수요일 pm 미팅으로 추가로 준비할 것들이 많았음.
","
근무할 당시와 현 학원 체계가 많이 바뀌었지만, 원장은 선생님들을 열심히 챙겨주셨음. 선생님들 사이에서 대표에 대한 원성이 많았었는데, 수익 창출보다 선생님들의 복지에 우선시했르면 하는 바램이 있음.
"
"
          전직원
      ",서울,2023. 01,,1.0,"""왜 원생들이 매년 줄어드는지 바로 알 수 있는 곳. 아이들을 상대로 하는 교육업이지만 교육의 질에는 관심이 없어보임.""","
휴식시간이나 식사시간이 따로 정해져 있지 않기때문에 자기가 원하는 시간에 자유롭게 나가서 식사를 하고오거나 산책등을 하고올 수 있음
","
급여 및 복지는 업계 최하위. 최저시급수준의 급여이지만 많은 걸 요구함. 매니저들은 뒷담에 사내 정치질 하기 바쁘고 아이들을 상대로 하는 교육업이지만 아이들에게는 전혀 관심이 없음. 허구한날 워크샵 발표 요구하며 퇴원생들 발생원인을 일반선생들에게 돌리기 바쁨.
","
어떻게든 급여 낮은 선생들 대려와서 돌려막기 할 생각 그만하고 왜 원생들이 점점 줄어드는지 진지하게 고민해보고 교육의 질을 올릴 생각을 했으면 좋겠음.
"
"
          전직원
      ",서울,2022. 06,,2.0,"""강사로서의 기본 대우를 제대로 못받는 곳. 심지 곧은 사람도 가스라이팅 당하기 쉽상. 삶의 질을 버리고 학원에 대한 전반적인 상황을 빠르게 배우고 싶다면 추천.""","
말그대로 학원 전반적인 시스템을 주입식으로 빠르게 교육받음. 내가 최고다 경영진의 마인드를 강제적으로 가스라이팅 장하며 내가 뭐든 할 수 있다 자아도취에 빠짐. 업무 진짜 완전 몰아치는데 재미는 있음. 주변 선생님들도 착함. 꼽주는 사람은 대표뿐.
","
대표의 마이크로 매니징. 이랬다가 저랬다가 숨쉴틈없이 바뀌는 감정선에 놀아남. 워라밸? 절대 없음, 있을 수가 없음. 워크샵 한 번하면 1시출근에 새벽 3시 퇴근. 추가수당? 당연히 없구요. 토요 출근 당연히 있구요.
","
의무.. 그놈의 의무를 강사들에게 지게하지 말기. 서울의 환경과 분위기도 모르면서 광주와 비교하며 열심히 일하는 강사들 기죽인 결과가 어떻게 됐죠..? 안그래도 욕받이인 강사들 위에서도 다그치지 말기. 성장과 발전이라는 포장으로 숨막히게 하는 곳.
"
"
          전직원
      ",서울,2021. 07,,3.0,"""정말 리뷰에서 보시는 바와 같습니다 더 이상 할 말이 없네요""","
대표님이 그럼에도 인간적인 부분이 있어서 오래 있어보려 했으나 결국 퇴사헸습니다.
","
보수적...그리고 아무리 시국이 시국인지라도 돈을 너무 아끼지 않으셨으면 좋겠습니다.휴일엔 쉬어야 합니다
","
글쎄요 퇴사한 입장에서 바라는 게 무의미 한 것 같습니다.
"
"
          전직원
      ",서울,2023. 06,,3.0,"""신입 선생님들이 좌충우돌 경험할수 있는 곳. 1-10시 근무지만, 야근이 잦을 수 밖에 없는 업무량. 아이들을 좋아하면 장기 근속 가능.""","
일할 당시엔, 선생님들 간 분위기가 좋아서 도와주는 분위기였음. 유동적으로 시간 여유가 있을 때 점심 및 저녁 식사 가능.
","
매주 월요일 오프닝 미팅 및 퇴근 전 하루 일과를 공유하는 클로징 미팅이 불필요하다고 생각함. 퇴근 전 다들 지친 와중에 클로징 미팅 후 잔업으로 야근이 당연시 여겨짐. 추가로, 매주 수요일 pm 미팅으로 추가로 준비할 것들이 많았음.
","
근무할 당시와 현 학원 체계가 많이 바뀌었지만, 원장은 선생님들을 열심히 챙겨주셨음. 선생님들 사이에서 대표에 대한 원성이 많았었는데, 수익 창출보다 선생님들의 복지에 우선시했르면 하는 바램이 있음.
"
"
          전직원
      ",서울,2023. 01,,1.0,"""왜 원생들이 매년 줄어드는지 바로 알 수 있는 곳. 아이들을 상대로 하는 교육업이지만 교육의 질에는 관심이 없어보임.""","
휴식시간이나 식사시간이 따로 정해져 있지 않기때문에 자기가 원하는 시간에 자유롭게 나가서 식사를 하고오거나 산책등을 하고올 수 있음
","
급여 및 복지는 업계 최하위. 최저시급수준의 급여이지만 많은 걸 요구함. 매니저들은 뒷담에 사내 정치질 하기 바쁘고 아이들을 상대로 하는 교육업이지만 아이들에게는 전혀 관심이 없음. 허구한날 워크샵 발표 요구하며 퇴원생들 발생원인을 일반선생들에게 돌리기 바쁨.
","
어떻게든 급여 낮은 선생들 대려와서 돌려막기 할 생각 그만하고 왜 원생들이 점점 줄어드는지 진지하게 고민해보고 교육의 질을 올릴 생각을 했으면 좋겠음.
"
"
          전직원
      ",서울,2022. 06,,2.0,"""강사로서의 기본 대우를 제대로 못받는 곳. 심지 곧은 사람도 가스라이팅 당하기 쉽상. 삶의 질을 버리고 학원에 대한 전반적인 상황을 빠르게 배우고 싶다면 추천.""","
말그대로 학원 전반적인 시스템을 주입식으로 빠르게 교육받음. 내가 최고다 경영진의 마인드를 강제적으로 가스라이팅 장하며 내가 뭐든 할 수 있다 자아도취에 빠짐. 업무 진짜 완전 몰아치는데 재미는 있음. 주변 선생님들도 착함. 꼽주는 사람은 대표뿐.
","
대표의 마이크로 매니징. 이랬다가 저랬다가 숨쉴틈없이 바뀌는 감정선에 놀아남. 워라밸? 절대 없음, 있을 수가 없음. 워크샵 한 번하면 1시출근에 새벽 3시 퇴근. 추가수당? 당연히 없구요. 토요 출근 당연히 있구요.
","
의무.. 그놈의 의무를 강사들에게 지게하지 말기. 서울의 환경과 분위기도 모르면서 광주와 비교하며 열심히 일하는 강사들 기죽인 결과가 어떻게 됐죠..? 안그래도 욕받이인 강사들 위에서도 다그치지 말기. 성장과 발전이라는 포장으로 숨막히게 하는 곳.
"
"
          전직원
      ",서울,2021. 07,,3.0,"""정말 리뷰에서 보시는 바와 같습니다 더 이상 할 말이 없네요""","
대표님이 그럼에도 인간적인 부분이 있어서 오래 있어보려 했으나 결국 퇴사헸습니다.
","
보수적...그리고 아무리 시국이 시국인지라도 돈을 너무 아끼지 않으셨으면 좋겠습니다.휴일엔 쉬어야 합니다
","
글쎄요 퇴사한 입장에서 바라는 게 무의미 한 것 같습니다.
"
