﻿직무,고용 현황,근무지,날짜,별점,요약,장점,단점,경영진에게 바라는 점
생산/제조,전직원,경기,2023. 07,2.0,"""중소기업이 다 똑같겠지만 여긴 고장난 설비, 기계를 수리하는데도 매출없다고 수리 미루고 나중가서는 왜 수리 안되었냐고 질책하던 회사였음. 적어도 일을 할수있도록 고장난 부분에 대해서는 돈을 써야하는데 사장 눈치만 보며 돈에 대한 부분은 매우 궁색했다. 퇴사한지 2년 지났는데 지금은 어쩌려나?""","
일이 편함, 그 외에 장점이 또 있나? 30자 채우기도 어렵네.
","
적은 연봉에 주야 교대근무 많음, 설비 담당하면 생산쪽 인원 끝나고 남아서 고치라하고 그 고치는것도 부품수급이 어려움(해외설비라 비싸다고 기안 올려도 잘 안사줌) 그리고 부서 별 남탓이 매우 강했다.
","
만약 내가 경영진이었다면 회사에서 주둥이로만 일하고 해결하려는 사람을 초고속 진급 시키지 않았을거다.제대로 된 회사라면 윗 상사가 아랫직원보다 스킬, 지식, 하다못해 일을 할 수 있도록 지원이 되어야할텐데 그게 없음.결국 이 회사는 한계가 명확하게 보인다.경영진과 기존 인력의 지배 구조를 바꾸지 않는한 일하는 사람만 일하고 나머지는 남탓하며 얘때문에 진행 안된다고 보고하고 커피나 빨러 나가겠지.
"
생산/제조,전직원,경기,2023. 03,3.0,"""하락은 면하기 위해 현재를 유지하고자 하나, 실행하고자 하는 의지가 있는 사람이 부족함.""","
연차 및 출퇴근 시간 눈치 안보고 정해진 시간에 출퇴근하면 됨. 자유로움.
","
향후 비전이 불투명 함. 체계를 갖추고 싶어하나, 의지가 미약함.
","
새로운 변화를 추구하고자 하면, 그 의지는 위에서부터 실행되어야 변화를 체감하는 것이 빠를 것이라 생각 됨.
"
연구개발,전직원,경기,2022. 12,1.0,"""주먹구구식으로 일하는 곳. 까라면 까라는 식. 개발업무하는 사람들 갈데 없으면 다니세요. 회사에 기술도 없고 내세울게 없습니다.""","
회사에서 점심밥과 저녁밥을 줍니다. 그냥 밥 줍니다 한끼 때우면 그만이죠
","
조직과 직급이 있는데도. 어떤 부장은 욕하고 소리지르고. 그 부장이 곧 사장되는 줄 알았습니다. 여러사람 힘들게 합니다. 조직이 자주 바뀝니다.
","
탈출해서 바라는 것 없어요. 여러사람들이 퇴사를 하면 왜 퇴사하는지 알아보세요.
"
영업/제휴,전직원,경기,2022. 12,1.0,"""말과 행동이 다른 회사, 애사심을 가질 수 없는 회사""","
연차 자유로움 / 저녁 나옴 / 주차장 넓음 / 업무 강도 보통
","
연봉 형편없음 / 복지가 없음 / 성과급 보너스 기대하면 안됨
","
한번 뱉은 말은 잘 지켜주시길 신뢰감이 전혀 생기지 않습니다.
"
연구개발,전직원,경기,2022. 10,3.0,"""워라벨을 중요시하고 센서 분야에 대해 공부하거나 알고싶으면 추천. 단, 연봉은 매우 짬""","
식대에 돈 들어갈 일이 없음. 야근이 없고 일이 빡세지 않음. 윗사람들은 잘 모르겠으나 젊은 사람들은 괜찮음
","
복지가 없음 그나마 있던 복지도 없애는 추세. 돈이 짜다 연봉부터 짜고 성과급, 보너스 일절 없음.
","
젊은 사람이 없고 역피라미드 구조 되어가는중 고이다 못해 썩어간다 직원들 복지나 처우 개선이 필요하다 신입이나 젊은 경력들이 없는 이유 중 제일 큼
"
생산관리/품질관리,전직원,경기,2022. 07,3.0,"""꼬우면 니가 사장하건가…딱 이말이 들어 맞는 회사미래적인 발전 가능성은 보이지만 지금같이 하면 끝은 창대하게 내려 앉을 듯…""","
워라벨 확실~유연 출퇴근 하는거 같음…잠시 쉬어 갈 수 있는 회사~데이터 정리는 확실히 배울 수 있음
","
복지 없음직원의 안녕에 관심 없음뜬구름 잡는 이야기만 난무함 (특히 대표)인력의 소중함을 회사가 알지 못함문서의 중요성을 말로만 하고 관리하지 않음
","
시스템을 모르면 배우세요~그냥 생각 나는데로 말하지 말고~쪽팔리다 생각하지말고 물어보던지요~진짜 회사 생각하는 사람이 누구인지 잘 판단 하세요살살 꼬리치면서 다가오면 그 사람 의심부터 하세요~제발~진짜 충성 직원들 다나가고 간신배만 남게 생겼네…
"
연구개발,전직원,경기,2022. 06,1.0,"""팀장이 1명인 회사, 결정한 사람이 책임을 져야 되는데 책임은 아래로 내림""","
주자장이 있어 주차는 편하게 할 수 있음, 그 외 장점은 생각 안남
","
낮은 연봉, 꼰대문화, 오래된 책상과 의자, 사무실에 벌래가 많고 군대외 비슷한 식단의 구내식당
","
직원들 의견을 묵살하지말고 경청하시길
"
생산관리/품질관리,전직원,경기,2022. 05,2.0,"""업무 강도가 약해 돈 욕심 없으면 오래 다닐 수 있는 회사.""","
연차를 편하게 쓸 수 있음. 윗 사람한테 잘 보이면 어느 정도 진급이 수월함회사 기술력은 좋음. 월급이 밀리지 않음. 타 회사에 비해 업무 강도는 약함.
","
작업자는 다 이모님들로 작업 변경이 있으면 반발이 심함. 일이 없는 부서는 되게 한가하고 많은 부서는 바쁨.  연봉이 적고 크게 인상되지 않음.
","
R&R을 명확히 하고 인사평가가 잘 반영됐으면 좋겠음.
"
생산관리/품질관리,전직원,경기,2022. 05,3.0,"""관련 과를 전공한 사람이 들어오면 잘 적응할 수 있음관련이 없는 과를 전공하여 회사에서 배워서 경력을 쌓기에는 무리가 있음""","
연차 자유, 급여 밀린 적 없음 자기 할 일 만 끝내면 따로 touch 없음(팀마다 다름)
","
신입사원 교육 부족, 업무에 대한 전체적인 교육 부족, 사내 생산 제품에 대한 전체적인 교육 부족
","
교육system 확립 및 직원 복지에 대해 생각해주셨으면 좋겠습니다.
"
생산/제조,전직원,경기,2022. 03,4.0,"""자재의 입고/관리/출하 등의 생산 현장 관리가 제대로 되고 있다.센서라는 제품의 전망이 좋다.""","
연차 사용이 자유롭고, 생산 현장 스케쥴 조정이 편하다. 매일 중식을 제공해서 좋다.생산 업무가 엄청 위험한 환경이 아니며, 안전하게 근무할 수 있다.
","
생산 물량이 많이 줄고 있다. 그만큼 회사 매출액도 적어지고 있는 것 같다.직원들의 입/퇴사가 빈번히 발생하고 있다.
","
기업을 더욱 더 발전시켜 모두에게 좋은 기업이 되면 좋겠습니다.
"
연구개발,현직원,경기,2021. 11,3.0,"""시설이 오래되었고 시스템이 제대로 갖춰져 있지 않은 회사""","
9시 출근 6시 퇴근 정시퇴근 분위기, 야근 강요 없음
","
복지에 대한 제도가  없음, 있는 복지도 없어지고 있는 추세
","
합리적인 보상 체계가 필요, 인사 시스템을 효율적으로 갖춰서 빠른 퇴사가 없게 만들어야 할듯
"
연구개발,전직원,경기,2021. 10,2.0,"""개발자로 입사를 하였으나 개발업무이외에 잡다한 업무를 함.""","
연차에대한 제약이 없으며 안쓴다고해도 다 돈으로 돌려줌.
","
승진이 힘들고 승진에대한 기준이 없음. 상사에게 어필하지않으면 승진없음.
","
직원들이 원하는건 돈이랑 승진입니다. 그만둔다고하면 그제서야 사장실로 불러서 협상하는 그런 어이없는 승진, 연봉협상이 아닌 기준에 의해서, 성관에 의해서 모든게 이루어졌음 합니다.
"
생산/제조,전직원,경기,2021. 04,2.0,"""기업공개를 위해 모든 역량을 동원하는 기업...누구를 위한 기업공개인가...뜬 구름 전문 기업""","
하라는 업무만 군말없이 하면 편하게 일 할 수 있음.잠시 쉬어가는 회사로 적당
","
업무 능력 향상은 불가능하며 퇴보하는 사람이 대부분 임
","
한국말 할 줄 안다고 업무지시 하지말고 시스템을 공부하고 기초부터 알고 업무 지시하기 바랍니다직원들이 바보같다고 생각하지 마세요경력직들 능력이 없는 것이 아니고 대표의 제조 시스템을 모르면서 떠드는 소리 듣다 듣다 할 말이 없는 겁니다~당신만 정신 차리거나 때려치세요.그럼 회사는 번창 할 수 있어요~
"
생산관리/품질관리,전직원,경기,2021. 03,1.0,"""상사가 인성이안좋은 회사 비추천하는 회사입니다""","
점심 주는것과 칼퇴하는것 워크샵 없는것 이런 장점들은 있네요 ㅎㅎㅎㅎㅎㅎㅎㅎ
","
장점 빼고 전부 단점입니다. 상사 잘못만나면 야근을 밤 열시까지 하고 새벽에도 못가요 ㅎㅎㅎㅎㅎㅎㅎㅎㅎ
","
바라는 것 딱히 없습니다. 더 발전하는 회사 만드시길 바랍니다
"
마케팅/시장조사,전직원,경기,2021. 02,2.0,"""조삼모사 사장, 연봉 과 복지는 소기업 수준, 연봉체계가 없어 사장 마음대로 연봉 책정""","
맵고 짠 점심, 저녁을 먹을 수 있고 그나마 주차 가능
","
꼰대질 +막말 + 업무에 책임지지않는 부장급 이상의 그들만의 리그 그들이 성과를 가로채도 모르고 과거에 머물러 있는 사장때문에 몇년째 연봉 동결수준
","
과거의 영광에 머물러 있지말고 동종업계의 변화에 따라 회사도 변하고 시대흐름 및 물가 상승에 대한 연봉도 고려하시길
"
연구개발,전직원,경기,2021. 02,3.0,"""돈에 크게 욕심 없다면 그냥저냥 다녀볼만하다. 하지만 일에 대한 열정이 있거나 발전하고 싶은 사람들에겐 비추. 다녀도 절대 오래다닐곳은 아니라는 것. 명심하도록""","
1. 워라밸2. 사람들은 괜찮음(케바케)3. 장점을 짜낼라고해도 생각 안남
","
1. 체감되는 복지라는게 1도 없음2. 낮은 연봉 3. 사실상 장점 외에 모든것이 단점
","
연봉과 복지 처우 개선이 시급하다 그리고 직원에 대한 소중함을 알기를
"
생산관리/품질관리,현직원,경기,2021. 01,1.0,"""연봉이 낮고 진급도 안시켜주고 복지가 별로임""","
점심 저녁준다 대신 야근가능성이 있다는 소리 팀에 따라 칼퇴하던가 새벽 두시 철야까지함
","
험한 언어를 사용하는 직원과 윗사람을 따라 몰상식한 행동을 하는 아랫사람 그리고 그 아랫사람이 보는 피해는 말로 해서 무엇하리
","
직원들의 이야기에도 귀를 기울이시면 더발전할것입니다
"
금융/재무,전직원,경기,2021. 01,3.0,"""회사는 빡시지않아요 선임을 잘만나야하는 운은 필요합니다.대표는 인간적이십니다.""","
회사규모가 크지  않아서 업무적으로 빡세진 않습니다.단독건물이 있어서 주차가 괜찮아요. 점심식사 제공합니다. 저녁도 예전엔 줬는데 지금은 모르겠습니다.
","
회사 사옥이 오래됐습니다. 선임을 잘 만나야 합니다. 인수인계도 아쉬운 점이 있습니다. 단점을 장점으로 극복하면 됩니다.
","
일단 매출 성장이 급선무입니다. 그래서 밸루에이션을 키울필요가 있습니다. 고인물 썩은물은 가차없이 자르십시오.
"
생산/제조,전직원,경기,2020. 12,4.0,"""회사는 안정적이나 급여가 적은점이 아쉽습니다.그래도 대표이사는 인자하심 괜찮습니다""","
연차눈치 안보고 쓸 수 있습니다. 시스템이 복잡하지 않으며 건물도 통으로 사용해서 복잡하지 않아서 좋았습니다.  점심도 내부에서 해결 가능합니다
","
조용준 중에 이상한 사람이 있어요 독재정이 독재적인 지금도 있는지 모르겠습니다 매출이 크지가 않습니다 급여가 적어요 복지도 조금 딸리고 요
","
직원들의 복지향 복지 향상에 힘써 주세요 급여도 올려 주셔야 해요 연차도 많이 주세요
"
생산/제조,전직원,경기,2020. 10,2.0,"""타 IT 기업 대비 좋은 워라밸하지만 좋은 워라밸에 비해 모두 못한 회사""","
바쁘지 않다면 눈치를 보지 않고 연차를 쓸 수 있음업무가 없다면 강제로 야근을 시키지 않음
","
사원들도 느껴지는 높의신분들의 정치 싸움분기마다 바뀌는 회사 방향
","
자기와 가까운 사람들의 이야기만 듣고 다른 사람들을 평가하지 마십시오.그게 가장 쉬운 방법인 것 은 알고 있지만소수의 사람들의 말을 너무 쉽게 믿고 진행하는 것처럼 보입니다.
"
연구개발,전직원,경기,2020. 08,2.0,"""연봉, 회사 분위기 등 모든것이 70-80 년대 중소기업 같음""","
장점이 없는 것 갔네요, 회사 굳이 뽑자면 칼퇴는 가능합니다
","
차/부장, 이사급 나이가 어린데 꼰대이고, 연봉은 생각보다 엄청 작고 몇년째 새로운 모델이 없어 기존 개발된 모델로 버티는 회사
","
회사와 직원간에 신뢰를 어기는 행동은 하지말고, 몸에 좋은약은 쓰다 했습니다 감언이설하는 직원들 이야기만 듣지마시길..
"
영업/제휴,현직원,경기,2020. 05,2.0,"""부족한 기술력의 한계를 뚫지 못하면 쉽지 않은 회사. 적당히 월급 받고 다니기엔 좋은 회사.""","
급여 밀린 적 없음. 연차를 비교적 자유롭게 사용할 수 있음. 사내식당 있음(점심 제공). 주차장 넓음. 무능력해도 얌전히 다니면 짤릴 일 없음.
","
불필요한 회의가 많음(회의를 위한 회의). 연봉이 90년대 수준에 머물러 있음. 역피라미드식 구조(부장급을 많이 채용하면서 급여 체계도 꼬임). 대표 눈치만 살피는 무능한 임원이 많음. 낙하산 인사로 인해 직원 사기 저하. 겨울에 눈 쓸어야함. 쓸데없는 사내정치.
","
독단적인 회사 운영은 지양해주셨으면 합니다. 정리할 사람은 정리하고 의지가 있는 인재를 지킬 수 있는 결정이 필요합니다. 직원들에게 주인의식을 강조하고 싶다면 진짜 주인인 그 임원부터 의식을 가지고 일하도록 하셔야 합니다.
"
영업/제휴,전직원,경기,2020. 04,4.0,"""삼영전자에서 나온 회사, 돈이 많고, 센서류는 한국 자체개발하는 회사""","
지속적인 투자, FA 채용, 연구개발등 개발을 진행하는데 돈을 안아껴서 좋음
","
삼영전자공업 계열이 다 월급이 짬...  회사 사정안좋아지면 단체로 무급휴가감점심 구내식당이 별로
","
지금처럼만 잘해주었으면 좋겠음 점심구내식당은 고등학교 식단보다 안좋은듯..
"
개발,전직원,경기,2020. 02,2.0,"""생각보다 오래된 회사지만 문화와 인식은 좀 더 낡은 편.""","
아직 꾸준한 수입원이 있음. 사장님의 영업 및 기획력이 좋음.
","
휴가가 많지만 자유롭게 쓰기는 어려운 분위기. 연봉이 작다.
","
식사때 정치 얘기는 그만.     제발 그만.
"
연구개발,현직원,경기,2020. 02,3.0,"""센서를 전문으로하는 기업으로써 성장가능성이 큰 회사임.""","
센서 전문기술에 대한 다양한 경험을 할 수가 있으며 자기계발을 할 수 있는 회사
","
전문지술을 갖추기 위해 꾸준히 자기개발과 기술동향 파악 등 신기술 정보를 알아야 함.
","
설정된 목표에 대해서 결과까지 돌출할 수 있도록 하였으면 함.
"
생산관리/품질관리,전직원,경기,2020. 01,3.0,"""일은 대체적으로 단순하고 쉬움일에대한 압박감없고 편함""","
쉬는 날 많고 터치하는 사람없음 편한 마음으로 다니기 편한회사
","
연봉에 욕심이 없으면 편하게 다니기 좋은 회사이다.갑질심함
","
없습니다
"
연구개발,전직원,경기,2019. 12,4.0,"""워라밸 좋고 편한 회사, 성장에 대한 욕심을 버리면 천국임""","
퇴근 및 연차 사용이 자유로움, 여유있는 업무 환경, 금전적으로 풍요로워 사유만 명확하다면 쉽게 지원 받을 수 있음. 월급 욕심만 버리면 외국계 부럽지 않은 근무환경이라고 생각함.
","
느긋하다 못해 쳐지는 업무 속도, 신입은 무례함과 무능함을 배우고 경력에겐 커리어의 무덤이 될 수 있다. 낙하산이 자주 들어와 월급 루팡하는 것을 보고 견뎌야 함.
","
이 회사는 좋은 회사입니다. 직원들에게 성장할 수 있는 계기를 종종 만들어 주신다면 회사 분위기가 더 좋아지지 않을까 생각이 듭니다.
"
기획/경영,전직원,경기,2019. 09,3.0,"""일에 욕심 없으면 편하게 다니기 좋은 회사여서 사람들이 일에는 욕심이 없음""","
제조업 치고는 수직적인 분위기가 덜함.자기개발에 욕심이 없으면 다니기 좋음
","
자기개발 기회가 없음반복적인 근무복지가 없음연봉이 90년도에 머물러 있음
","
개발 쪽에 신경을 쓴다면 발전 할 수 있을거 같음복지에 대한 부분도 신경써야 할듯
"
연구개발,전직원,경기,2019. 06,1.0,"""편하게회사다니고싶은사람 추천 레벨업은 되지않음.""","
다들 잘모르기때문에 가서 아는척 잘하면 최고가 될수있음
","
출퇴근이 자유롭지만 사람들이 기본적으로 일을안해서 자기가 좀만 잘한다면 짬당할수있음
","
사람은 고쳐쓰는게 아니랍디다.. 인재를 중요시여기는기 좋을듯해요
"
연구개발,전직원,경기,2019. 01,2.0,"""다양한 경험을 하고 싶은 분들에게 추천""","
규모에 비해 체계가 잘 갖춰 짐, 직무 환경은 나쁘지 않음.눈치 안 보고 연차 가능, 남자 기숙사가 있어서 타 부서 직원과 친해질 기회가 있음
","
너무 잦은 회의, 낮은 연봉, 이해 되지 않는 업무 분장, 딱히 큰 단점은 없지만 큰 장점도 없음.
","
직원들의 고충을 잘 수렴하여 내실있고 탄탄한 기업으로 성장시키시길 바랍니다.
"
생산관리/품질관리,전직원,경기,2018. 10,5.0,"""면접도 좋았고 여러모로 배려해주는 것이 좋은 회사입니다""","
연차 눈치안보고 쓰는 것과 퇴근 시간이 빨라서 좋은 회사입니다
","
급여가 조금 작은 편이라 고임금을 원하시는 분에게는 추천해드리 어렵습니다
","
많은 개발을 해서 더욱 좋은 성과를 내고 사원들의 복지에 힘써주셨으면 좋겠습니다
"
연구개발,전직원,경기,2018. 07,3.0,"""급여는 정말 작지만 업무강도나 근무시간은 장점이다.""","
늦은 출근시간, 빠른 퇴근시간은 분명한 장점. 성과를 내는 것에 부담을 갖지 않아도 크게 질타 받는 것이 없다.
","
수직적이고 옛날 문화가 많습니다. 적은 급여는 최고의 단점입니다. 무엇을 위해 일하는지 목표가 항상 바뀌고 그 목표도 유지되지 않습니다.
","
업무방향을 제대로 수립했으면.. 어떤 업무를 하던지 왜 하고 있는지 상사는 무슨 생각을 하고 있는지 전혀 알 수가 없습니다.
"
연구개발,전직원,경기,2018. 06,3.0,"""개발자가 원하는 환경에서 근무할 수 있는 자유로운 분위기이며, 근무자간의 관계가 좋습니다.""","
야근, 특근의 강요가 없고 취급 제품이 좋음. 복리후생을 개선하기 위해 노력함.전반적으로 괜찮음.
","
급여가 높지는 않은 편임, 연구개발 부서의 목표하는 바가 쉽지 않아 보임. 물론 이건 어디까지나 사원 급인 나의 개인적인 입장.
","
인센티브제를 도입하여 보상 제도를 마련하였으면 함
"
연구개발,전직원,경기,2018. 05,1.0,"""문제 발생->버팀 후,1-1.해결됨이 경우 근본적인 원인제거가 아니었으므로 끊임없이 재발함 및 원인규명에 대한 의지가 회사 전체적으로 없음1-2.해결안됨포기함. 포기단계까지 오는데 많은 시간과 꾸중이 들어감""","
야근식대, 외근식대기숙사 제공아이템 좋지만 이미 레드오션
","
문제에 대해 '해결되겠지'라고 손놓고 지켜보는 사람이 너무나도 많음. 패배주의 만연 매우 낮은 연봉 서로 싸우고 일 미루는 부서들 사내 분위기가 좋은것도 아니고연봉이 좋은것도 아니고회사사업이 잘되는것도 아님
","
고치지도 않을걸 왜 자꾸 물어서 듣기는 함? 벽이 아니라 돌에 대고 말하는 수준. 내부적으로 이미 다 아는 문제면 좀 고쳐봤으면.
"
생산/제조,전직원,경기,2018. 05,2.0,"""연봉에대한 기대는 하기 어렵고 야근및 밤샘근무가 많으며 연근 특근비를 주지않음.""","
자기 개발 지원금이 있어서 책 구입이나 헬스등 이용할수있음, 의료비를 지원해줌.직원들간에 친목이 좋음
","
기본적으로 연봉이 낮으며 진급이나 연봉이 사장 마음대로임.
","
연봉이나 진급에대한 테이블을 만들어서 기준대로 적용했으면 좋겠음
"
생산관리/품질관리,현직원,경기,2018. 05,5.0,"""센서분야에 집중하고 있는 회사이며, 변화가 지속적으로 진행되고 있어서 기회가 많은것 같음. 예전에는 불합리한 부분이 있었지만, 지속적으로 개선되어 가고 있는것 같아서 업무환경 자체는 나쁘지 않음.""","
연차사용을 눈치보지 않고 사용할 수 있음. 퇴근시 눈치보지 않고 자율적으로 퇴근할 수 있음. 능력이 있으면 그에 따른 대우를 해 줌.
","
연봉이 중소기업 평균수준으로 높지 않은것 같으며, 회사정책이 일관적이지 않은 경우가 가끔 있는것 같음.
","
기회의 균등과 형평성이 강화되었으면 함.
"
연구개발,전직원,경기,2018. 04,1.0,"""역피라미드 구조. 윗사람은 능력없어 다른데로 이직은 못하고 중간직들은 늦기전에 나가므로 중간단계가 없음. 신입들도 오지만 바로나감. 그나마 다행인건 앞에서 대놓고 미친짓은 안하지만 뒷담화가 심하며 연봉테이블이 실제 존재하지도 않고 20년전꺼라 노동청에 경고먹음(퇴사자들이 신고). 카피제품도 만들 능력이 없고 기술력은 대단히 없음. 복지는 존재하지 않으며 2017년까지는 연차조차 존재하지 않음(연차를쓰면 연봉계약한 금액이 깍임,이 부분으로 신고하여 경고먹음). 인력관리란 없고 불필요한부서엔 인력이 넘치며 인력보강도 잘됨. 개발부에 3년이상 근속자가 없음.""","
장점인지는 모르겠으나, 구내식당에서 밥은 줌. 맛은 없음. 사장눈에만 들으면 한두달내로 진급 시켜줌.(사원 주임 대리 과장 1년만에 단 사람도 봄ㅋ) 못한다고 하면 안시킴. 자르진 않음. 사람들이 그래서 그런지 순둥순둥한편....
","
회사 기본적의 단점들을 고루 갖춰져있어 나열하기 힘듦.역피라미드 구조. 윗사람은 능력없어 다른데로 이직은 못하고 중간직들은 늦기전에 나가므로 중간단계가 없음. 신입들도 오지만 바로나감. 그나마 다행인건 앞에서 대놓고 미친짓은 안하지만 뒷담화가 심하며 연봉테이블이 실제 존재하지도 않고 20년전꺼라 노동청에 경고먹음(퇴사자들이 신고). 카피제품도 만들 능력이 없고 기술력은 대단히 없음. 복지는 존재하지 않으며 2017년까지는 연차조차 존재하지 않음(연차를쓰면 연봉계약한 금액이 깍임,이 부분으로 신고하여 경고먹음). 인력관리란 없고 불필요한부서엔 인력이 넘치며 인력보강도 잘됨. 개발부에 3년이상 근속자가 없음.
","
인재 바라보는 눈이 너무 없으며 물갈이는 다른곳이 아니라 경영진이 해야될 본인들의 숙제로 생각하길 바랍니다.
"
생산관리/품질관리,현직원,부산,2017. 11,1.0,"""노력한만큼 대가를 받기 보다 모두가 공평한수준에서 보상이 이루어지는 올평등회사""","
쉬엄쉬엄일하고 시키는것만하면 잘리지않는 기업진급에욕심이없다면 마음이매우편한기업
","
모두에게 공평하므로 열심히 일해도 차이가 그닥나지않음일하면 호구되는기업
","
역피라미드 개선하지않으면 미래엔일하는실무자는없고 다들말로만일할것으로 보임
"
생산/제조,현직원,경기,2017. 10,2.0,"""성망성쇠의 기로에 서있는 고민이 많고 걱정이 많은 회사""","
국내에 몇 안되는 센서를 직접 개발 제조한다.습도센서 분야에서는 어느정도 자부심이 있다.대표이사님의 열정!! (때론 독이 될 수 도..)
","
사람의 중요성을 모르고 기본적인 시스템이 많이 부족하다.임원들이 하는 일은 없고 대표이사 위주로만 돌아간다. 개발 능력도 의심스러운 수준..최근 노력은 하지만 복지는 거의 없다고 보면 되고 연봉 또 한 80년대 수준
","
회사 문화를 바꾸는 것은 어렵지만 경영진들이 모범을 보여야 한다.대표이사님도 사람인지라 잘못된 정보로 잘못된 선택을 할 수 있는데 이를 경영진들이 견제하고 옳바른 선택을 할 수 있도록 도움을 줘야 회사가 성장할 수 있다.직원들을 믿고 맡기면 지금보다 회사는 더 잘 돌아 갈 수 있다고 보여지며 사람의 중요성을 깨닫고 좀 더 나은 대우를 해주었으면 한다.
"
생산관리/품질관리,현직원,경기,2017. 07,3.0,"""가장 경쟁력있는 제품을 생산하고 성장가능성이 높은 회사""","
기업이 젊고 노력한 만큼 배울 수 있는 회사로 일하기 좋은 회사
","
기준이 명확하지 않고 2000년 이후 변화가 없는 시스템 80년대 사고방식을 고수 하는 먹통임
","
제조업으로서 경영마인드 필요고지식한 처후 개선 필요불법적인 노동 강요 근절급여제도 개선임원진의 물갈이 필요
"
생산관리/품질관리,전직원,경기,2016. 03,2.0,"""부서별 업무 강도의 편차는 크지만 대체로 약함. 자기 할일 만 하고 책임지기 싫어함.""","
온도 센서, 먼지 센서 제품으로 공정이 복잡하지 않고 어렵지 않다. 부서별 차이는 있으며 대체로 근무 분위기가 타이트하지 않고 어느 정도 워라밸 가능하다계속적으로 불만사항이나 요구사항을 제기하면 어느정도 들어준다.
","
책임지기 싫어하고 할 줄 몰라서 떠 넘기기 바쁨, 팀장 급 상사들의 업무 지식이나 능력이 부족함이 많이 느껴지며, 신입사원의 경우 방치하는 부분이 아쉽다. 본인 밥그릇 챙기기로 업무의 성과보다 생색내기가 있다.
","
인적자원에 대한 지원과 업무의 밸런스가 필요하다. 옛날 문화를 버려야 한다.
"
개발,현직원,서울,2023. 08,2.0,"""사람이 갑자기 잘려나가고 복지가 예고없이 사라짐. 지인으로 가득찬 회사.""","
탕비실이 넓음. 회의실 많음. 분단위 휴가 가능. 자율출퇴근.
","
지인들끼리 뭉치고 그들에게 유리한 운영, 갑자기 사라지는 복지, 사람이 갑자기 잘려나감, 이상한 인사평가, 일을 모르는 사회초년생이 수두룩
","
정말 잘라야할 사람을 잘라야함. 돈없다는 이야기를 왜 자꾸 직원에게하면서 복지를 없애는지 모르겠음
"
인사/총무,전직원,서울,2023. 08,5.0,"""인성 좋고 똑똑한 사람들이 모여서 일을 똑 부러지게 해내는 곳. 똑똑하지 못하면 적응하기 힘든 곳.""","
자기 일을 주도할 수 있고, 근로기준법 내에서는 이보다 유연하고 자율적인 근무를 할 수 있는 곳은 없다. 오전 6시~오후10시 사이에 언제 어디서 어떻게 일하든 자율적으로 일 할 수 있음
","
자율이 주어지는 만큼 성과에 대한 기대치가 매우 높음. 이게 장점이자 단점일 수 있는게 은근하게 압박 받음. 내가 똑똑하지 못했던거라 생각함
","
좋은 사람으로 기억되기 보다 나를 성장시켜준 경영진으로 기억될 수 있도록 명확한 방향과 가이드, 피드백을 주는 연습을 많이 해주시면 좋겠습니다
"
연구개발,현직원,서울,2023. 04,5.0,"""모든 사람들이 같은 곳을 바라보고 열심히 하는곳. 앞으로의 성장이 기대됨.""","
똑똑한 사람들이 많이 모여 있고, 다들 열심히 함. 사내 분위기도 매우 좋음.
","
회사 수익 날때까지 복지 축소가 되었음. 매출 확대되어 복지도 다시 이루어지기를 바람.
","
사원들이 불안해하지 않도록 실력으로 보여주면 좋겠음.
"
데이터,현직원,서울,2023. 02,3.0,"""정말 만족하고 다닐 뻔 했던 회사. 치명적인 단점이 모든 장점을 죽이는 회사""","
자유로운 회사 분위기와 아주 능력있고 뛰어난 직장 동료들. 배울 점이 많고 잘 따라갈 수만 있다면 성장 가능성이 큼
","
아주 짠 연봉. 누구는 올려주고 누구는 안올려주고? 당연히 받아야 하는 여러 보상을 줬다 뺐는 경영 방법
","
책임질 수 있는 말만 하면 좋겠음. 기대했다가 기대가 꺾일 때의 충격이 더 큰 법이니까
"
개발,현직원,서울,2023. 02,1.0,"""시간이 지날수록 아쉬운점이 많아지는 회사""","
자유로운 분위기, 무엇을 해도 아무도 뭐라하지 않음학력이 대부분 높은 편
","
장점과 마찬가지로 자유로운 분위기를 이용한, 악용.너무 자주 바뀌는 경영 방향.
","
회사 내부에 대해서 긍정적으로만 바라보기 보단, 현실을 바라 볼 필요가 있습니다.
"
영업/제휴,현직원,서울,2022. 12,2.0,"""최대한 빠르게, 최대한 많이에 급급하다가 안에서, 위에서부터 자멸하고 있는 곳""","
연차 사용, 출퇴근 시간 매우 자유로움. 착한 사람들이 많음. 복지 있었을 때는 식대, 자기계발비 등 직원 복지 좋았음.
","
헤드급 사람들 중에 헤드하면 안될 것 같은 사람들이 있음. 사람마다 하는 말이 다르고 업무나 회사 방향이 매번 바뀌는 수준. 업무가 24시간 돌아가는 걸 당연하게 생각하나 미래는 잘 모르겠음.
","
자신감에 넘치는 쿨하고 수평적인 모습이라고 생각할지 모르겠지만 사람과 사람 간에 지켜야 할 도리와 예의도 있는 법
"
개발,현직원,서울,2022. 12,2.0,"""개발특성상 여러 팀과 협업할 일이 많고 다양한 분야를 경험해볼 수 있음 쓰는 툴들이 최신이고 지식 업데이트 속도가 빠르다""","
좋은 사람들이 많음자율출퇴근, 연차, 휴가 등 눈치 안보고 쓰는편조직 체계가 (사원들끼리는) 합리적으로 구성된편
","
연봉이 짬경영진의 자기PR에 비해 매출은 별로 없음 기술이 있음 뭘함 팔리질 않는데조직이 맨날 왔다갔다함겨울이 온다 온다 하다가 진짜 와 버렸는데 대책은 있는지 모르겟음
","
의사결정을 할 때 직원들 말을 듣는 척이라도 했으면 좋겟음A->B와 A->notB를 동시에 말하고 있는 경우가 많은데 어쩌란건지
"
데이터,현직원,서울,2022. 11,4.0,"""좋은 회사. 돈은 많이 안 줘도 복지 월 20만원씩 나오고 큰 스트레스 없이 일 할수 있는 회사.""","
꼰대들 별로 없음. 자유롭게 일 할수 있음. 스트레스 덜 받는 환경. 학벌 좋은 사람들 많음. 재밌게 지낼 수 있음.
","
매출이 잘 안 나오는 기업. 말은 번지르르한데 회사가 전망이 좋은지 잘 모르겠음. 뭐가 어떻게 될지 미래도 불투명. 굳이 올 필요는 없지 않을까 싶음.
","
그냥 잘 해주시면 괜찮을 듯. 투자 몇백억 받은 거 잘 활용하시길
"
엔지니어링,현직원,서울,2022. 05,5.0,"""의료기기AI로 매출 별로 없지만 투자 받아 운영하고 있으며 성장 중에 있음""","
워라밸 좋고젊은 문화성장 가능성 높음재택 근무자율 출퇴근회사 깨끗, 청결 함
","
스타트업 인 것명절, 생일, 식비같은 복지 없음차기 제품 성공할지 의문
","
잘하고 계심..매출 많이 오르면 복지 좀 요.화이팅
"
개발,현직원,서울,2022. 02,5.0,"""우수한 동료들과 일할 수 있어 좋고, 개발자가 대우받으며 보람차게 일할 수 있는 곳이라 생각""","
우수한 동료들과 함께 일할 수 있어 좋음. 연봉외에도 식대나 자기계발비 등 복지가 괜찮고, 닫혀있지 않고 개발자들의 다양한 의견을 수렴해 폭넓은 개발 경험을 쌓을 수 있음. 또 기업이 빠르게 성장하는 것에 참여하는 것을 직접적으로 느낄 수 있음
","
정해진 일만 하기를 원하는 사람이라면 분위기가 안 맞을 수 있음
","
사업이 커지는 만큼 더 좋은 건물로 이사했으면 좋겠음
"
연구개발,전직원,서울,2022. 02,5.0,"""다양한 경험을 해볼 수 있는 진취적인 회사""","
복지 좋고(커피, 운동기구, 자율적 근무), 상하관계라기보다 수평적으로 진취적인 일을 할 수 있음. 기업 아이템도 좋고. 투자도 적절히 잘 받고 있는 유망한 회사. 능력만 있으면 들어가라!
","
자율적 근무를 하고 있으나 초과근무를 하는 경우 대우받지 못할수도 있음. 단점이랄것이 딱히 없을 정도. 아 대기업은 아니니 명절때 선물같은것은 없음. 근무시간이 정해지지 않은것이  장기적으로 건강에는 단점이 될수도 있음.
","
딱히 없고 잘 대해주는것 같음. (2021년 기준). 기업가치가 더 높아질 때 주도적으로 기업이 운영되려면, 기존의 멤버들을 쳐내고 1인 경영체제가 되어야하지 않나 하는 생각이 있음.
"
개발,현직원,서울,2023. 08,2.0,"""사람이 갑자기 잘려나가고 복지가 예고없이 사라짐. 지인으로 가득찬 회사.""","
탕비실이 넓음. 회의실 많음. 분단위 휴가 가능. 자율출퇴근.
","
지인들끼리 뭉치고 그들에게 유리한 운영, 갑자기 사라지는 복지, 사람이 갑자기 잘려나감, 이상한 인사평가, 일을 모르는 사회초년생이 수두룩
","
정말 잘라야할 사람을 잘라야함. 돈없다는 이야기를 왜 자꾸 직원에게하면서 복지를 없애는지 모르겠음
"
인사/총무,전직원,서울,2023. 08,5.0,"""인성 좋고 똑똑한 사람들이 모여서 일을 똑 부러지게 해내는 곳. 똑똑하지 못하면 적응하기 힘든 곳.""","
자기 일을 주도할 수 있고, 근로기준법 내에서는 이보다 유연하고 자율적인 근무를 할 수 있는 곳은 없다. 오전 6시~오후10시 사이에 언제 어디서 어떻게 일하든 자율적으로 일 할 수 있음
","
자율이 주어지는 만큼 성과에 대한 기대치가 매우 높음. 이게 장점이자 단점일 수 있는게 은근하게 압박 받음. 내가 똑똑하지 못했던거라 생각함
","
좋은 사람으로 기억되기 보다 나를 성장시켜준 경영진으로 기억될 수 있도록 명확한 방향과 가이드, 피드백을 주는 연습을 많이 해주시면 좋겠습니다
"
연구개발,현직원,서울,2023. 04,5.0,"""모든 사람들이 같은 곳을 바라보고 열심히 하는곳. 앞으로의 성장이 기대됨.""","
똑똑한 사람들이 많이 모여 있고, 다들 열심히 함. 사내 분위기도 매우 좋음.
","
회사 수익 날때까지 복지 축소가 되었음. 매출 확대되어 복지도 다시 이루어지기를 바람.
","
사원들이 불안해하지 않도록 실력으로 보여주면 좋겠음.
"
데이터,현직원,서울,2023. 02,3.0,"""정말 만족하고 다닐 뻔 했던 회사. 치명적인 단점이 모든 장점을 죽이는 회사""","
자유로운 회사 분위기와 아주 능력있고 뛰어난 직장 동료들. 배울 점이 많고 잘 따라갈 수만 있다면 성장 가능성이 큼
","
아주 짠 연봉. 누구는 올려주고 누구는 안올려주고? 당연히 받아야 하는 여러 보상을 줬다 뺐는 경영 방법
","
책임질 수 있는 말만 하면 좋겠음. 기대했다가 기대가 꺾일 때의 충격이 더 큰 법이니까
"
개발,현직원,서울,2023. 02,1.0,"""시간이 지날수록 아쉬운점이 많아지는 회사""","
자유로운 분위기, 무엇을 해도 아무도 뭐라하지 않음학력이 대부분 높은 편
","
장점과 마찬가지로 자유로운 분위기를 이용한, 악용.너무 자주 바뀌는 경영 방향.
","
회사 내부에 대해서 긍정적으로만 바라보기 보단, 현실을 바라 볼 필요가 있습니다.
"
영업/제휴,현직원,서울,2022. 12,2.0,"""최대한 빠르게, 최대한 많이에 급급하다가 안에서, 위에서부터 자멸하고 있는 곳""","
연차 사용, 출퇴근 시간 매우 자유로움. 착한 사람들이 많음. 복지 있었을 때는 식대, 자기계발비 등 직원 복지 좋았음.
","
헤드급 사람들 중에 헤드하면 안될 것 같은 사람들이 있음. 사람마다 하는 말이 다르고 업무나 회사 방향이 매번 바뀌는 수준. 업무가 24시간 돌아가는 걸 당연하게 생각하나 미래는 잘 모르겠음.
","
자신감에 넘치는 쿨하고 수평적인 모습이라고 생각할지 모르겠지만 사람과 사람 간에 지켜야 할 도리와 예의도 있는 법
"
개발,현직원,서울,2022. 12,2.0,"""개발특성상 여러 팀과 협업할 일이 많고 다양한 분야를 경험해볼 수 있음 쓰는 툴들이 최신이고 지식 업데이트 속도가 빠르다""","
좋은 사람들이 많음자율출퇴근, 연차, 휴가 등 눈치 안보고 쓰는편조직 체계가 (사원들끼리는) 합리적으로 구성된편
","
연봉이 짬경영진의 자기PR에 비해 매출은 별로 없음 기술이 있음 뭘함 팔리질 않는데조직이 맨날 왔다갔다함겨울이 온다 온다 하다가 진짜 와 버렸는데 대책은 있는지 모르겟음
","
의사결정을 할 때 직원들 말을 듣는 척이라도 했으면 좋겟음A->B와 A->notB를 동시에 말하고 있는 경우가 많은데 어쩌란건지
"
데이터,현직원,서울,2022. 11,4.0,"""좋은 회사. 돈은 많이 안 줘도 복지 월 20만원씩 나오고 큰 스트레스 없이 일 할수 있는 회사.""","
꼰대들 별로 없음. 자유롭게 일 할수 있음. 스트레스 덜 받는 환경. 학벌 좋은 사람들 많음. 재밌게 지낼 수 있음.
","
매출이 잘 안 나오는 기업. 말은 번지르르한데 회사가 전망이 좋은지 잘 모르겠음. 뭐가 어떻게 될지 미래도 불투명. 굳이 올 필요는 없지 않을까 싶음.
","
그냥 잘 해주시면 괜찮을 듯. 투자 몇백억 받은 거 잘 활용하시길
"
엔지니어링,현직원,서울,2022. 05,5.0,"""의료기기AI로 매출 별로 없지만 투자 받아 운영하고 있으며 성장 중에 있음""","
워라밸 좋고젊은 문화성장 가능성 높음재택 근무자율 출퇴근회사 깨끗, 청결 함
","
스타트업 인 것명절, 생일, 식비같은 복지 없음차기 제품 성공할지 의문
","
잘하고 계심..매출 많이 오르면 복지 좀 요.화이팅
"
개발,현직원,서울,2022. 02,5.0,"""우수한 동료들과 일할 수 있어 좋고, 개발자가 대우받으며 보람차게 일할 수 있는 곳이라 생각""","
우수한 동료들과 함께 일할 수 있어 좋음. 연봉외에도 식대나 자기계발비 등 복지가 괜찮고, 닫혀있지 않고 개발자들의 다양한 의견을 수렴해 폭넓은 개발 경험을 쌓을 수 있음. 또 기업이 빠르게 성장하는 것에 참여하는 것을 직접적으로 느낄 수 있음
","
정해진 일만 하기를 원하는 사람이라면 분위기가 안 맞을 수 있음
","
사업이 커지는 만큼 더 좋은 건물로 이사했으면 좋겠음
"
연구개발,전직원,서울,2022. 02,5.0,"""다양한 경험을 해볼 수 있는 진취적인 회사""","
복지 좋고(커피, 운동기구, 자율적 근무), 상하관계라기보다 수평적으로 진취적인 일을 할 수 있음. 기업 아이템도 좋고. 투자도 적절히 잘 받고 있는 유망한 회사. 능력만 있으면 들어가라!
","
자율적 근무를 하고 있으나 초과근무를 하는 경우 대우받지 못할수도 있음. 단점이랄것이 딱히 없을 정도. 아 대기업은 아니니 명절때 선물같은것은 없음. 근무시간이 정해지지 않은것이  장기적으로 건강에는 단점이 될수도 있음.
","
딱히 없고 잘 대해주는것 같음. (2021년 기준). 기업가치가 더 높아질 때 주도적으로 기업이 운영되려면, 기존의 멤버들을 쳐내고 1인 경영체제가 되어야하지 않나 하는 생각이 있음.
"
"
          현직원
      ",경기,2023. 10,,4.0,"""지속적인 성장과 고객중심의 서비스로 신뢰받는 회사입니다.""","
자유도가 높고, 대표님이 직원을 믿고, 기를 팍팍 세워주십니다.테스트 베드가 명확이 있고, 대표님의 인맥이 넓어 가능성이 있습니다.
","
BEMS, BAS, 전기요금 체계 등의 도메인 지식을 요하는 편이라 처음에는 허들이 있을 수 있습니다.
","
딱히 없는데, 승승장구 했으면 합니다.
"
"
          현직원
      ",경기,2023. 03,,4.0,"""전체적인 회사 분위기는 자유롭고 서로를 존중해주는 분위기입니다. 특히 위치가 역에서 가까워 접근성이 좋고, 에너지나 환경을 다룬다는 점에서 성장할 가능성이 크다고 생각됩니다.""","
연차를 눈치보지 않고 자유롭게 사용할 수 있으며, 회사에 간식이 떨어지지 않게 채워주셔서 정말 행복합니다. 새로운 방법이나, 프로그램을 도입하자고 하면 다들 진지하게 고민해주시고 의견을 내주십니다. 또한 점심식대가 제공됩니다.
","
스타트업의 특성상 성장을 위해 여러 사업이 동시에 진행되다보니 우선순위를 설정하는게 어렵습니다. 체계적으로 일을 쳐내는게 중요한데 병렬적으로 일이 진행되다보니 그게 안되는게 아쉽습니다.
","
지금도 충분히 좋은 회사라고 생각됩니다. 변치않고 지금처럼만 진행된다면 아마 더 좋은 회사가 되지 않을까 생각됩니다.
"
"
          현직원
      ",경기,2023. 03,,5.0,"""사내 분위기가 화기애애하고 직원들끼리 사이가 아주 좋으며 진정한 스타트업의 분위기를 느낄수 있습니다.""","
MZ문화를 잘 이해하고 직원들간에 상하관계가 없습니다.야근 강요 없습니다.회식 강요 없습니다.점심 식대 지원해줍니다.간식 많이 줍니다.출퇴근이 선택 출근제로 비교적 자유롭습니다.
","
단점이라고 할 수 있는게 딱히 없는게 단점입니다. 사무실이 여름에 너무 춥습니다 이것은 건물관리인의 문제입니다.
","
지금의 복지도 충분히 좋지만 계속해서 직원들의 복지에 앞으로도 많이 신경 써 주었으면 좋겠습니다.
"
"
          현직원
      ",경기,2023. 10,,4.0,"""지속적인 성장과 고객중심의 서비스로 신뢰받는 회사입니다.""","
자유도가 높고, 대표님이 직원을 믿고, 기를 팍팍 세워주십니다.테스트 베드가 명확이 있고, 대표님의 인맥이 넓어 가능성이 있습니다.
","
BEMS, BAS, 전기요금 체계 등의 도메인 지식을 요하는 편이라 처음에는 허들이 있을 수 있습니다.
","
딱히 없는데, 승승장구 했으면 합니다.
"
"
          현직원
      ",경기,2023. 03,,4.0,"""전체적인 회사 분위기는 자유롭고 서로를 존중해주는 분위기입니다. 특히 위치가 역에서 가까워 접근성이 좋고, 에너지나 환경을 다룬다는 점에서 성장할 가능성이 크다고 생각됩니다.""","
연차를 눈치보지 않고 자유롭게 사용할 수 있으며, 회사에 간식이 떨어지지 않게 채워주셔서 정말 행복합니다. 새로운 방법이나, 프로그램을 도입하자고 하면 다들 진지하게 고민해주시고 의견을 내주십니다. 또한 점심식대가 제공됩니다.
","
스타트업의 특성상 성장을 위해 여러 사업이 동시에 진행되다보니 우선순위를 설정하는게 어렵습니다. 체계적으로 일을 쳐내는게 중요한데 병렬적으로 일이 진행되다보니 그게 안되는게 아쉽습니다.
","
지금도 충분히 좋은 회사라고 생각됩니다. 변치않고 지금처럼만 진행된다면 아마 더 좋은 회사가 되지 않을까 생각됩니다.
"
"
          현직원
      ",경기,2023. 03,,5.0,"""사내 분위기가 화기애애하고 직원들끼리 사이가 아주 좋으며 진정한 스타트업의 분위기를 느낄수 있습니다.""","
MZ문화를 잘 이해하고 직원들간에 상하관계가 없습니다.야근 강요 없습니다.회식 강요 없습니다.점심 식대 지원해줍니다.간식 많이 줍니다.출퇴근이 선택 출근제로 비교적 자유롭습니다.
","
단점이라고 할 수 있는게 딱히 없는게 단점입니다. 사무실이 여름에 너무 춥습니다 이것은 건물관리인의 문제입니다.
","
지금의 복지도 충분히 좋지만 계속해서 직원들의 복지에 앞으로도 많이 신경 써 주었으면 좋겠습니다.
"
엔지니어링,전직원,서울,2023. 10,3.0,"""공무업무(시설관리, 유지보수)면에서는 크게 어렵지 않으나 영선업무는 손이 많이가서 힘들어.""","
공무 업무가 대부분 사이트마다 비슷해서 간편하게 할 수 있어서 좋았고 보일러나 기타 설비가 복잡하지 않고 해서 어려운 점은 없었음. 공무가 70이고 영선이 30정도라서 발란스가 잘 맞았다.
","
영선작업이 힘들어요~ 워낙 유지보수할게많아서 고생했었구요. 어느정도 경력과 체력이 없으면 하기힘든 수준이에요. 보일러 펌프 등등 스페어 교체만해도 하루가 걸리는 규모.
","
시설관리 인력 좀 보충하시면 유지보수가 잘 되실거에요. 경력급 2명은 더 있어야 될거 같아요.
"
서비스/고객지원,현직원,서울,2023. 09,5.0,"""임직원의 직장생활과 삶의 균형의 발전을 위해 최선을 다하는 회사이고 끊임없는 관심을 보여주고 있다고 생각합니다.""","
경영진에서 출근시간부터 임직원의 일상복지까지 섬세하게 신경씁니다. 마케팅과 서비스 활동이 현물 사업으로 이어진다는 것이 흥미롭습니다. 많은 영업활동이 온라인상 이뤄지지만 현물 거래로 이어진다는 것은 업계에서 특별하다는것은 모두가 인정할만한 장점입니다.
","
역량 미달의 직원들을 도태시킬수 있는 방법의 부재로 보틀넥 현상이 만연합니다. 경영진에서는 냉철한 마인드로 성장을 멈춘 임직원들을 정리할 필요가 있습니다.
","
기업의 인사는 만사입니다. 인사체계를 개선하심이 필요해보입니다.
"
기획/경영,전직원,서울,2023. 09,1.0,"""이 회사 다니면서 대표님 덕분에 가스라이팅이 무엇인지 알게되어 감사할 따름이다^_^""","
그래도 나름 같이 일 했던 직원들은 좋았던 것 같은데 그 이상 이하도 아닌.. 아 야근식대는 꽤나 잘 지원해줬던 것 같다.
","
강자에게 약하고 약자에게 강했던 대표님^^ 그냥 모든게 기업의 단점이었는데 말이죠,,
","
회사 후기, 알바 써서 좋게 포장하려 하지마세요. 어차피 사람들은 다 알고 있거든요
"
기획/경영,전직원,서울,2023. 09,4.0,"""10시 출근 6시 퇴근 가능, 깔끔하고 쾌적한 사무실에서 근무 가능, 지하철 역 근처라 교통 편 좋음""","
10시에 출근해서 6시에 퇴근하기 때문에 아침에 여유를 가지고 출근 가능, 깔끔하고 쾌적한 사무실 환경에서 근무 가능
","
개인적으로 업무 체계 잡는 것이 시급하다고 생각함, 제대로 잡혀 있는게 별로 없어서 업무를 효율적으로 진행하기에 어려움이 있음
","
회의를 진행할 때 임직원들의 의견을 적극적으로 들어주는 부분은 너무 좋지만  억양이 센 경향이 있다고 생각하기 때문에 조금 부드럽게 이야기 해주셨으면 좋겠음
"
서비스/고객지원,현직원,서울,2023. 09,3.0,"""너무 많은 기대만 하지 않는다면 그럭저럭 다닐만한 곳이라고 생각함""","
10-6 출퇴근 시간, 이로 인해 점심시간은 짧지만 한시간 늦게 출근은 매우매우 메리트가 있음
","
권위적인편, 대표를 포함한 임원 대부분이 강압적이나 그만큼 책임감이 없음
","
자리가 자리인만큼 권위적이고 강압적인건 좋으나 사원들이 존경할 수 있는 책임감과 능력을 보여주세요
"
영업/제휴,전직원,서울,2023. 08,5.0,"""부동산은 항상 수요가 있는게 아니기때문에 SNS를 활용한 접근이나 텔레아포 등 다양한 방법으로 잠재 고객을 찾아내는 능력을 키우는 곳""","
고객의 희망조건 청취부터 시직하여 물건의 제안, 내견, 클로징까지의 일련의 흐름을 담당한다. 고객의 생활기반을 갖추는 사포트를 한다는 보람도 있다. 고객 인생의 1페이지에 새겨지는 의사결정을 돕는다는 묘미가 있다.
","
영업직으로서 계속 안정적인 실적을 남기기에 다소 난이도가 높은 회사입니다. 또한 사업의 잠재 고객을 찾는 일도 쉽지 않고요. 고객과의 관계를 심화하여 얻는 정보도 제한적이라 어렵습니다.
","
접객상 주말에 근무를 하고 평일에 쉬는게 좋겠습니다. 대부분 주말에 내방이 가능한 고객이 많기 때문에 회사 전체 사포트 인력들도 주말 출근하면 좋겠습니다.
"
마케팅/시장조사,현직원,서울,2023. 08,5.0,"""신입도 적극적으로 업무에 참여를 도모하는 회사. 배를타고 함께 떠나는 마케팅 여행~^^""","
신입으로서 다양한 업무 리드를 맡을 수있는 기회를 부여 하고 연차를 따지지 않고 성과 위주로 사람을 평가 하여 직원을 소중이 다루는 회사이다
","
주니어 시절 많은 경험을 할 수 있지만 시니어가 되고 나면 대관업무를 맡아야 되기 때문에 상당히 어려운 가중 돼 보인다
","
주니어 간격을 많이 줄여 주는 게 올바른 조직 문화 융합을 위하여 매우 절실해 보입니다 작은 의견이지만 간과하지 마시고 회사가 잘 될 수 있도록 길을 기울여 주세요
"
서비스/고객지원,전직원,서울,2023. 08,5.0,"""어스빌리지 출신으로서의 자부심!첫째, 업무에 타협은 없다. 첫째, 개인 발전은 조직의 발전과 같다. 첫째, 성과로서 과정을 입증한다.""","
“불가능은 없다!”어스빌리지 사전에 불가능은 없다. 한계점을 돌파하고 첨단 서비스의 도전은 계속된다!도전정신과 무한탐구. 어스빌리지의 장점은 기업정신이다.
","
“프롭테크 업계에서 절대우위 달성!!”언제나 목표점이 너무 높았다. 달성하기 어려운 목표를향해 가던 시절 어려움이 산재했다.
","
대표님, 여전히 잘 계신가요? 대표님께서 강조하시던 도전정신과 단결력을 마음에 갖고 잘 살고 있습니다. 그립네요 옛 사무실 멤버들. 회사가 많이 어려웠다고 들었습니디. 이제는 나아지고 있어서 괜찮지요? 충성!
"
디자인,현직원,서울,2023. 07,5.0,"""그림자를 걷어내고 새롭게 잘 해 보려는 회사 분위기 좋은 회사 성장성 좋은 회사 전망 좋은 회사""","
요즘 정말 분위기가 너무 좋다 회사에서 일할 맛이 난다 왜냐면 그동안 파벌을 만들어서 회사 분위기를 엉망으로 만들던 인간들이 사라졌기 때문이다. 밑에 보니 기업리뷰 테러를 해놨던데 우리는 신경안쓴다 남아 있는 사람들끼리 새롭게 다시 시작할 거다. 정말 조직문화가 많이 좋아졌고 이제는 임직원들이 파벌 정치 불필요한 것들에 쏠리지 않고 일할 수 있는 좋은 회사가 됐다.
","
(퇴사자 관리를 잘해야 된다 지금 퇴사한 인력들 중 특정 부류가 기업 리뷰 테러 등 회사의 이미지를 깎아 먹고 있다. 이런 일이 제발 하지 않도록 방지 노력을 해야 된다. )인사 기능이 많이 부족하다. 채용 프로세스 부터 교육 인사 기획 인사 관리 등 인사 업무의 다양한 기능을 수립하고 체계화해야 한다. 정 어렵다면 인사 및 경영 지원 업무는 아웃소싱을 활용 하는 것도 좋겠다.
","
회사를 떠났던 특정 부류의 인간들의 휘둘리지 마시고 남아있는 인력들은 사장님을 믿고 있으니 다시 잘해 보면 좋겠습니다.
"
데이터,현직원,서울,2023. 07,5.0,"""그동안 인적쇄신을 하는동안 힘든일이 많았지만 인력 물갈이 후 회사가 많이 좋아지는게 느껴짐.""","
기존에 쉽게 접할 수 있는 원룸 문화를 커뮤니티와 하여서 공동 생활 채 환경을 구축 하고 이를 통해 사업을 버리는 새로운 모델을 접할 수 있는 것이 장점이다. 특히 IT 기술을 접목하여 청년층 중에 주거환경 개선에 이바지 할 수 있다는 점도 매우 맘에 든다. 그리고 일인 주거환경에 대한 니즈가 지속적으로 성장 될 전망 이기 때문에 사업 전망성도 뛰어나다.
","
주력 사업 외에 다른 사업 포트폴리오가 없다. 즉 주력 사업이 흔들리면 회사 전체가 흔들리는 구조이니 외부 환경적 요인 의 회사가 쉽게 어려워질 수 있다 빨리 다른 사업을 통해서 회사 운영을 할 수 있는 게 아니기 때문에 사업 다각화에 대한 진지한 논의가 필요하다. 아니면 주력 사업에 안해서 좀 더 다양한 아이템을 고민해 보는 것도 좋겠다.
","
그동안 회사를 속썩이던 인력들이 나가고 나니 회사 분위기가 참 많이 좋아진 것이 느껴집니다. 제가 단점에서 서술한 다각화에 대해서도 검토를 해 주시기 바랍니다.
"
영업/제휴,현직원,서울,2023. 07,5.0,"""Good company 에서 Great company로 넘어가는 과도기에 있는 회사.""","
최대한 직원의 편의를 받으려고 노력하고 실제로 근태 있어서도 최대한 유연하게 직원들이 WorkLife 밸런스를 유지 할 수 있도록 협조 해 주고 있다. 금전적 보상에 있어서도 동종 업계 기준은 상당히 높은 편이라서 직원들이 생활하는데 있어서 문제 없도록 책임을 지고 있다. 그리고 연공서열 집착 하지 않고 실적과 실력 위주의 인사평가는 직원들의 성장에 많은 동기부여가 되고 실제로 성공사례가 끊임 없이 탄생 하고 있다. 이러한 성공사례가 모여서 어스 빌리지는 좋은 회사에서 훌륭한 회사로 성장하고 있다.
","
사내 Communication 인프라가 아직 열악하다. 슬랙 또는 다양한 플래폼을 활용할 수 있지만 아직 임직원 집단 지성에 대한 관심이 부족하여 커뮤니케이션 툴을 개발하거나 도입 하지 않은 것은 큰 단점이라 생각한다. 앞으로 빠른시일내에 업무용 커뮤니케이션 플래폼을 도입 하여서 적극적으로 직원들이 의견을 개진 하고 실제 써비스에 반영 할 수 있는 틀을 만들어야 된다.
","
이제는 어스 빌리 지도 훌륭한 회사가 되기 위해서 각고의 노력을 해야 합니다. 모든 경제 상황이 악화 되는 현재 시점에서 비용 절감을 위해서 다양한 분야에서 비용 절감 노력을 실시 하면 좋겠습니다. 그리고 사무실 유지비가 상당히 높은 것으로 알고 있는데 사무실 이전도 고려해 보시면 좋겠습니다.
"
기획/경영,전직원,서울,2023. 07,1.0,"""“old하고 outdated하고 narcissim한 조직.”""","
10시 출근 / 18시 퇴근 / 40분 점심시간이 유일한 장점입니다
","
1) 잡플래닛 평점 신경안쓴다고 cool 한척 하지만 money내고 지우는 회사2) 평점 5점 알바쓸거면 어느정도 reliability 한 내용으로 써야 자연스러운데 이건 뭐 주작이라고 광고하는 회사3) 프리미엄 리뷰보는데 이회사에 복지포인트랑 사내카페가 어딨음? 여성직원대상 탄력근무제? 회사콘도? ㅋㅋㅋ무튼 없는 걸 있다고하는 nice한 회사4) 마케팅/시장조사 가상의 직원 만들어서 전문가인척 전문용어쓰면 진짜라고 생각하는 amazing한 회사5) 월급 밀리는걸 줄 곧 당일 18시에 공지한 회사. 왜냐고? 직원들 일 안할까봐6) 겉으론 있어보이는척 남들이 어떻게 보는지 제일 중요한 회사. but 사대보험 11개월째 체납되고있는 great한 회사7) 권고사직 당한 직원이 오히려 신나서 상사들한테 점심 사주고 떠나는 perfect한 회사
","
이미 퇴사해서 바라는 점 없음 ㅎㅎㅎ(짝)young~stylish~excellent(짝)
"
개발,전직원,서울,2023. 07,5.0,"""전반적으로 만족하며 다녔던 곳. 많은걸 배울 수 있었다.""","
연차를 눈치보지 않고 쓸 수 있다. 복지가 좋다. 하는일에 부담이 없다. 사람들이 좋다.
","
출퇴근 시간이 너무 오래 걸린다. 사택 지원이 없다. 가끔 원하지 않는 업무도 해야한다.
","
바라는 점 딱히 없습니다. 기업 경영 열심히 하세요
"
서비스/고객지원,현직원,서울,2023. 07,5.0,"""한반도 백두대간 유일의 지리적 이 점을 살린 사업을 구현 하는 곳. 풍수지리와 지역 역사관 유대 관계를 통해 사업 전략을 수립 하는 회사이다""","
내점하고 있는 고객 간 커뮤니티 화를 통해서 장기 사용을 유도하고 접착화 시켜 수익성을 극대화 하는 사업전략을 구사하여 매우 높은 수익을 창출 하고 있다. 삼천리 금수강산 무궁무진한 사업 기회가 있는 회사입니다. 유 휴지에 모든 지점이 설립 되도록 노력하겠습니다.
","
해외 진출 하기에는 사업 모델이 국내 시장을 적법하게 짜진 것이라서 해외 시장에 맞추기에는 한계가 분명히 존재 합니다 또한 법적 검토를 받는 프로세스 더 굉장히 복잡하게 대문에 쉴래 해외 진출은 어려워 보입니다 해외 업무를 하고 싶은 사람 에게는 다소 어려운 회사가 될 수 있습니다
","
저는 회사가 분명히 잘 될 것이라고 생각합니다 저의 믿음이 흔들리지 않도록 모두가 합심해서 앞으로 나갔으면 좋겠습니다 많이 힘드시겠지만 수많은 사람들이 그랬듯이 고통을 감내 해야 분명히 좋은 날이 올 것입니다 저는 저희 회사가 꼭 잘 될 거라 생각하고 최선을 다 하겠습니다.
"
서비스/고객지원,현직원,서울,2023. 07,5.0,"""매일마다 새로운 일들이 연속, 내마음은 두근두근 쿵쿵!미소가득 고객들이 좋아하는 서비스에 고객 마음도 두근두근 쿵쿵!""","
신사동에 회사가 있어서 점심시간에 이것저것 식도락 여행을 즐길 수 있어서 좋다. 조간신문이나 월간지에 소개되는 대부분의 맛집은 이미 섭렵해서 한양맛집기행을 연재해도 될 수준이다. 퇴근하고 사람들 만나기도 좋고 회사 인프라는 최고다.
","
창작에는 비평이 따르는 법이다. 새로운 사업 모델을 추구하자니 설왕설래하는 이가 많아서 들어주기 힘들다. 이제 자리를 잡아가는 상황인데 자꾸 회사를 망치려하는 이들이 많아서 정리가 필요하다.
","
고객 서비스 응대 매뉴얼 작업이 필요합니다. 아직 텔레서비스 매뉴얼을 사용하고 있어서 프랙티스간 상이한 부분이 많아서 불편합니다.
"
미디어/홍보,현직원,서울,2023. 07,5.0,"""프롭테크에 관심있는 사람들은 추천 해 볼 만한 회사입니다.""","
실제 자산을 운용 하고 있기 때문에 기타 프롭 테크 회사에 비해서 상당히 다양한 경험을 할 수 있고 커리어 포트폴리오 구성에 도움이 많이 되고 있다. 기타 부동산 플래폼 회사와는 차원이 다르다.
","
자산관리와 접객을 해야 된다는 것은 단순히 책상에 앉아서 컴퓨터 하는 것과는 차원이 다른 업무이다. 실제로 다양한 사람들을 만나면 스트레스도 많이 받고 동안 사회초년생의 대부분 고객이 만큼 상상하지도 못 하는 일들이 많이 생긴다.
","
1. 하단에 있는 매우 악질스러운 기업리뷰는 신고하시고 삭제하세요. 법적으로 처리할 방안을 고민해보시죠. 2. 사업 진출 지역을 신촌, 대학가에만 한정 할 것이 아니라 대림동이나 신길동처럼 이민자 유입 입력이 있는 곳으로 확대 해야 된다고 생각을 합니다 고객층을 사회초년생 만으로 하지말고 한국에 이민자들도 사용할 수 있게 하는 것이 진정 자산 공용사업에 모멘텀을 가져올거에요. 3. 힘내세요 사장님!
"
마케팅/시장조사,현직원,서울,2023. 07,5.0,"""보증금을 받지 않고 입주를 가능케 하여 사회초년생의 사회 진출을 적극적으로 돕는 사회적 기업이다.""","
실제로 보증금을 받지 않습니다. 현금 유입이야말로 기업 생존에 가장 중요한 요소 중 하나인데 일을 포기하고 사회초년생의 편이와 자금 사정을 고려하여 보증금을 받지 않고 입주를 가능케 하고 있습니다. 또한 빌리지 마다 필라테스룸, 게임룸, 취미 생활을 할 수 있는 다양한 다목적 공간을 제공 하여서 사회초년생들이 혼자 사는 것이 아니라 더불어 사는 것에 가치를 깨닫게 해 주는 사회적 영향을 하고 있습니다. 그리고 주요 타겟층이 대학생과 사회초년생임을 감안 하여서 대학과 주변 요충지에 지점을 개설하여 투숙 이력들이 안전하고 편리하게 사회 생활을 학교 생활을 할 수 있게 도와주고 있습니다.
","
선 보증금을 받지 않기때문에 회사의 재무적 리스크가 언제나 존재한다. 현금 창출 능력 및 유인 능력은 기업 회계 가장 중요한 요소인데 만약 연체가 발생하여현금 확보가 어려울 시 경영상 큰 어려움에 처할 리스크가 있다.
","
임직원들이 좀 더 기업에 사회적 같이에 대해서 알아갔으면 좋겠습니다. 현재 근무하는 직원 중에 선한 영향력, 사회 긍정적인 영향, 기업에 책임 등에 관해서 관심을 두는 이가 없을 것이라 생각합니다. 이제는 기업과 사회가 상생하는 사회인 만큼 저희 어스 빌리지에서도 사회적 기업 의 역할에 대해서 직원들이 필히 인지하고 자부심을 느끼고 일할 수 있으면 좋겠습니다
"
마케팅/시장조사,현직원,서울,2023. 07,5.0,"""어스빌리지의 사업비전은 일장춘몽이 아니었음을 깨달아가고임직원 가슴은 뜨거운 열정으로 가득하네. 나홀로 간다해도 천리길인데나그네길 함께할 벗 넘쳐나니화수분 인재에 감복하리.""","
밤이되어 홀연히 빛나는 초롱불 처럼 바람 앞에흔들린 적은 많아도 결코 빛을 잃지 않는 회사라네. 코로나 사태 등 풍파의 연속에도 결코 좌절한적없고대표님의 사업 의지는 확고하네. 성공할 수 있다는 대표님의 믿음과 서로간의 신뢰어찌 이보다 더한 장점이 있겠느냐.
","
결국은 자본 경쟁이 될 시장이다. 계속 투자를 유치해야 우위를 점 할 수 있다.경제가 위축 되고 투자심리가 위축 될 시자본 경쟁에서 밀릴 수밖에 없는 아이템이다. 이런 한계가 분명히 있는 사업이다.
","
산천은 의구하되 인걸은 간데없다라고 하지 않습니까. 떠나간 이들과 흘러간 일들이 원통하지만그 어찌 사장님의 무구한 심경을 헤아릴까 합니다. 계좌마다 자금이 가득하여 직원들이 먹고 살 걱정 없기를 바라시는 사장님의 심정 이해합니다. 좀 더 힘내시고 저희도 열심히 하겠습니다.
"
미디어/홍보,전직원,서울,2023. 07,5.0,"""IT업계 평균 보상 및 연간 수입에서 좋았던 회사""","
최신 IT기술에 참여한다는 것도 좋았다. 사회적 문제를 기술로 해결한다는 보람도 있었고. 회사를 대표해서 고객과 협상가로서 최전방에 선다는 자부심도 있었고 고객에게 문제 해결책을 전달할 서비스를 만든다는 미션으로 회사 사람들과 고민했던 추억도 좋았다. 팀워크는 상당히 좋다. IT 비숙련자라도 조기 전력화를 시키고 성과를 내면 바로바로 보상도 있는 회사니 신입 레벨에서 도전하기 좋은 회사다.
","
회사 업무상 내부 개발 엔지니어와 영업맨, 고객 사이의 가교역할을 기대하는데 양측의 딜레마에 빠져 조정에 어려움을 겪는 것이 드문 일이 아니었다. 기술을 이용해 고객의 문제를 해결하기 위해 노력했지만 워낙 다양한 관점의 사람들과 상대해야 하기 때문에 어려움이 많았다. 업계 성격상 높은 장애물, 엄격함, 어려운 배경과 지식과 더불어 고도의 커뮤니케이션 능력과 프로젝트 관리 능력이 없으면 힘든 회사이다.
","
정보통신기술이 급속히 발전하고 있는 현대사회에서 다양한 서비스와 제품이 날마다 만들어지고 있습니다. 고객은 다양한 라인업 중에서 선택할 수 있지만 모두 비슷한 기능을 가지고 있다고 느끼고 궁극적으로 가격을 결정하는 경우가 많은 결과에 무기력함을 느꼈습니다. 결국 지속된 무기력함에 회사를 떠나게 되었습니다. 대표님! 서비스 차별화가 결국 회사의 성공을 좌우할 것입니다.
"
영업/제휴,전직원,서울,2023. 07,5.0,"""한 줄로 표현하기에는 너무 어렵다.사자성어로 풀이하자면 ‘고진감래’ 하다.""","
견곤일척이라는 말이 있다. 스타트업으로 시작할때 세웠던 어스빌리지의 비전을 고진감래하면 꼭 이룰 수 있다는 것이다. 흔들리지 않는 대표이사가 있고 이를 지지하고 따르는 인재가 장점이로다. 인재를 위해서 투자할 줄 아는 조직이 있고 이에부응하기 위해 절치부심하는 직원이 장점 아니겠는가!
","
중앙집권형 리더쉽 체계에 점진적인 변화가 필요하다. 중앙리더쉽이 부재할 시 대체할 인력이 전무하다.
","
경영진들은 회사의 미래만 보고 절박한 심정으로 각개전투에 임하시고 필승의 의지로 치적을 쌓아 따르는 직원들을 보살피고 그의 가족들까지 보은하거라.
"
디자인,전직원,서울,2023. 07,5.0,"""플랫폼 비즈니스의 A to Z를 경험할 수 았는 곳입니다~""","
플랫폼 사업의 생리를 잘 알고 있어서 수익성을 잘 나티내고 있구~ :) 파슨스 디자인 컨셉을 잘 활용해서 실용주의 디자이너들이 일하기 참 좋은 곳이고 현실주의 사용자 편의 디자인 연구에 좋은 성과를 보이고 있어요~
","
Ux에 많은 투자를 한 가운데 ui적 개발은 지지부진한것 같아요~*^^* 가능하시다면 gui 개발자외 디자이너가 콜라보가 있으면 좋겠아요~~^^;
","
사실주의적 사용자 경험을 중요시하는건 좋은 것 같아요~ 하지만 디자인적 매너리즘에 빠지지 않도록 계속 실험적 시도를 하는게 좋겠어요^^*
"
전문직,현직원,서울,2023. 07,5.0,"""흩어진 별들은 한대모아 별자리를 만들어 세상의 밝은 이정표를 세운다. 사회 긍정적 영향을 주는 기업으로 1인 가구 사회에 새로운 서비스를 제공한다.""","
웃는 사람은 다 아름다워. 세상 모든 고객에게 웃음을 가져다주는 것을 목표로 사회에 플러스 존재가 되는 이념으로 태생했다. 조직 분위기 자체가 즐거움을 표방하여 매일매일 즐겁고 일하는 재미가 넘친다. 청년층에 필요한 서비스를 제공하여 사회심리적 안녕을 도모하는 영향력을 준다는 것에크게 자부심을 느낀다. 1인가구 증가에 맞춰서 블록채인 기반 데이터 소싱 기술 활용하여 인공지능 접목한 양적 서비스 성장 중이다.
","
회사의 사회적 이념을 이해하지 못하고 배타적인 태도를 보이는 직원들이 있다. 임직원 모두 통일된 한방향 의식으로 서비스를 제공해야 되는데 이러한 인력들이 서비스 품질을 저해하고 있다. 회사의 사회적 영향에 대한 이해가 없고 조직에 불만만 많은 인력들을 관리 못하는 것이 회사의 최대 단점이다.
","
사장님 조직의 암적인 존재들을 단칼에 정리하십시오. 밑에 매우 악의적이고 작위적은 기업 리뷰가 많습니다. 특정인으로 추정되는 자가 악의적인 허위사실로 도배를 하고 있습니다. 무관심으로 대응할 것이 아니라 적극적으로 잡플래닛에 삭제 요청을 하세요. 회사 이미지 제고를 하세요!!!
"
마케팅/시장조사,현직원,서울,2023. 07,5.0,"""Outbound marketing methodology에 자체 프로토콜 depth가 두터우며 마케팅적 innovative approaches 시도가 많은 회사이다.""","
‘3S 5Y 7K’ marketing comprehensive rules를 가장 잘 지키는 회사이다. 물밀듯한 어프로치로 마케팅 retention rate가 업계 최고 수준이며 CRM 기술력도 뛰어나다. Marketeer로서 창의적사고를 할 수 있는 회사다.
","
Customer service 부분이 미완적이다. 보완할 점은 회시가잘 알겠지만 Aggressive한 마케팅, 영업 정책 탓에 백엔드 서포트가 약하다.
","
크게 바라는 점은 없습니다. 아직 업력이 길지 않은 만큼 변화하고 성장하는데 어려움이 없으니 흔들리지마시고 원하시는데로 회사를 운영하시기 바랍니다. 그리고 밑에 기업리뷰 관리를 좀 하시는게 좋겠습니다.
"
개발,전직원,서울,2023. 07,5.0,"""‘US’ 빌리지에는 ’우리‘가 전부다! 우리가 하고 싶은대로 꿈꾸는대로 이상을 현실로! ’우리‘ U S 빌리지에서!""","
젊은 직원들끼리 으쌰으쌰 잘하고 단합된 분위기에서 도전적인 태도를 장려한다. 1인 가구가 증가하는 추세에 맞춤형 중개 플랫폼 사업은 앞날이 창창하다. 진정 팀웤이 좋고 ‘우리’가 전부고 ‘나’를 희생할 줄 아는 동료들이 참 좋다!
","
다소 능력이 부족하고 팀웤을 저해하는 직원들이 존재한다. 불만만 많고 개선할 노력과 의지는 없는 자들이 문제다.
","
대표님 이제는 인적 쇄신을 할실때입니다. 매일 10시쯤 출근해서 불만만 많은 저성과자들은 권고사직하시길 부탁드립니다. 저희는 분명 잘 될 수 있습니다! 제발 인적쇄신을 통해서 조직의 기강을 되찾으시기 바랍니다.
"
금융/재무,현직원,서울,2023. 07,5.0,"""Young하고 Stylish하고 Excellent한 조직.""","
강남 신사 한복판에서 근무 할 수 있다. 스타일을 느끼고 시도해보고 창의적인 조직문화가 있다. 강남을 벗어날 일도 없고 언제나 트렌드 최전선에서 활동할 수 있다. 젊은 사람들이 일하기 최고의 공간이자 최선의 선택이라 생각할 수 있다 그리고 이러한 조직 문화에서 젊은이들이 마음껏 꿈을 펼칠 수 있으니 이보다 더 좋은 직장은 없다고 생각한다. 특히 자산운용 의 대해서 관심이 많은 사람들은 콘텐츠 공부를 더 하고 배움을 지속 할 수 있는 곳이기 때문에 이곳에서 직장 생활을 시작하는 것도 좋다고 생각한다.
","
부서 간에 층이 달라서 협업하는데 문제가 많다. 될 수 있으면 사무실을 좀 더 큰 곳으로 합쳐 갖고 모든 부서가 한 층에서 같이 근무를 하면 시너지 효과가 있을 것이다. 하지만 최근 경기 프랑에 따른 경비 압력에 의에서 새로운 시도를 못 해 보는 것은 기업 의 단점으로 보인다. 그리고 앞으로 국제 경기에 따라서 크게 자우 될 사업에 비전이 분명이 리스크가 많다고 본다.
","
해외 자산운용 의 대해서도 관심을 좀 더 가는 것이 좋을 것 같습니다. 국내 경기가 불황의 지속 되어서 앞으로 어떻게 될지 모르는 상황에 국내 시장에 올인하는 것은 크게 문제가 있다 생각합니다.
"
기획/경영,현직원,서울,2023. 07,5.0,"""Real Estate 시장에 신바람을 일으키고 있다. 디벨로퍼를 넘어서 밸류 크리에이터로 자리매김을 하고 있는 곳""","
전통적인 부동산 산업의 시각이 아닌 도시재생의 혁신을 가져오고 가치를 부여 하여 새로운 부동산 사업의 표본을 제시 하고 있다. 단순 임대업이 아닌 같이 상상을 통한 도시재생 의 관심이 있는 사람들에게는 최고의 직장이 될 수 있다. 첨단 기술을 접목한 부동산 써비스로 수요자 공급자 중 개인이 모두 혁신을 경험할 수 있는 회사에 서비스는 당연 시장을 주도 할 것이다.
","
블록 체인 적용 등 수료자 편의를 고려한 신규 서비스를 검토하였으나 어려움이 많아 보인다. 결국 문제는 타산성인데 단순이 중개인 구매자 공급자가 정보를고 공유 하는 플래폼으로 머물러서는 안 된다는 것이다. 또한 부동산 시장 침체기에는 부동산 시장의 리스크를 떠안아야 하는 단점도 있다. 매물 정보와 지도 기반 위치 가상 부동산 체험 서비스 등 수요자에게 꼭 필요한 서비스를 적기에 제공할 수 있는 회사가 되어야 한다. 빅데이터와 인공지능 기술을 접목하여 건설 분석 소프트웨어 개발에도 많은 투자를 해야하여야 한다.
","
부동산 시장에 리스크 와 수익을 건물 좋아 분산하여 부담 하는 것이 좋겠습니다. 불경기에 불안정성 의 대비하여 사업 모델 의 변화를 주는 것이 생전 전략이 될 것으로 생각합니다.
"
디자인,전직원,서울,2023. 06,1.0,"""보여주기식 끝판왕, 돼지목에 진주목걸이, 허례허식, 거짓, 사기, 허구, 허세, 빈수레가 요란하다 어떤 말로 설명 불가...,, 양심적으로 모든 일에 거짓말, 사기는 치지 맙시다. 당신의 거짓이 어디까지 인지 I am super curios ~~~~~~ 인스타 없이 못사는 뽀이""","
1_대표실과 분리 층 사용하쥬 2_엘베 있쥬3_책상,의자 있쥬
","
대표가 중학교 2학년 마인드임. 관심 받고 싶고 돈 많은 척 센척 young한 척 Ewww너무 올드함. 근데 혼자만 올드한 걸 모름 ㅋㅋ.. 진부한 콘텐츠 stop!!!!!
","
가스라이팅 그만 당하시고 오은영 박사님과 상담 하시길.. 안타깝습니다(직원 욕하면 옆에서 맞장구 치는 때리는 시어머니 말리는 시누이 전무라는 사람 제외^^)
"
기획/경영,전직원,서울,2023. 06,1.0,"""도산공원사거리에 위치한 있어보이는거 되게 중요하게 생각하는 회사 비슷한 집단""","
글쎄요 없는 장점을 만들어 적을 수도 없고 10시에 출근하는거 장점일 수 있겠네요 그래도 바쁜 출근시간 피해서 출근 가능함
","
대표가 워낙 잘나서 직원들 무시하는게 일상. 초기부터 함께한 직원 두명있는데 가스라이팅 심하게 당해서 맨날 욕먹고 무시 당해도 충성을 다해서 일함직원들 자존감 바닥을 치게 만들고 뭣도 없으면서 대기업 흉내 내기에 바쁨내부 시스템이고 프로그램이고 하나도 없으면서 굉장히 체계적인 회사인척 하면서 매일 직원들 무시하는게 일상인생에서 지우고 싶은 회사임대표가 누구 하나 찍으면 직원들 앞에서 공개처형하고 인신공격하고 듣고 있기 거북함그만둔 직원들 욕하는게 일상인데 듣고 있으면 굉장히 유치함업무시간 외에 개인적으로 카톡도 많이 보내고 주말 퇴근 후 가릴것 없이 보냄이런 행동들이 직원들로 하여금 불편함을 느낀다는걸 모르는지두명의 직원들 이름으로 법인 대표 만들어 놓고 정작 실제 대표는 어디에도 자기 이름 안올려 놓음청년기업으로 혜택 받으려고 가라로 대표 만들어 놓고 혜택 먹튀하는 회사임말이 법인이고 회사지 개인 자영업이나 마찬가지시간 낭비하지 말고 여기는 제발 거르세요,,,이제는 하다하다 급여랑 4대보험도 밀리는거 같은데아까운 청춘 여기서 썩히지 말고 쳐다도 안보는게 답입니다.
","
대표 본인 돈 많은거 잘난거 자랑하지 마시고 직원들 무시하지 말고 인격적으로 대하세요.그리고 전무라는 사람 아직도 대표가 직원 욕하면 옆에서 맞장구치는지 모르겠네때리는 시어머니 말리는 시누이 쿵짝 잘 맞더만
"
디자인,전직원,서울,2023. 06,1.0,"""한줄평 쓸것도 없음. 과거로 돌아가서 절대 입사하지말라고 말리고싶음. 경영진이랑 업무하게되면 pdf 순서 바꾸는것 까지 외부에 있는 본인이 하게됨. 시공간을 초월해 언제어디서든 일 할 수 있는 문화. 터무니없는 휘뚜루마뚜루 업무로인해 본인의 능력 및 한계가 생각보다 높음을 발견할 수 있음.""","
근처에 스벅이랑 투썸 있음, 4층은 6층보다 비교적 맘편한 분위기임
","
장소를 가리지 않는 경영진의 상식 밖의 행동과 욕설? 오케이 무시하면 그만 ^^ 점심시간 끝나자마자 감시하러 돌아다니는 경영진? 오케이 그럴 수 있음 ^^ 주말에 직원에게 사적인 일로 포토샵해달라고 연락하는거? 오케이 공과 사 구분 못할 수 있음 ^^ 월급 밀린다고 당일 퇴근시간에 말하는거? 오케이 그럴수 있지^^내가 속한 모든 부서의 업무가 기울어진 운동장 마냥 진전없이 뱅뱅도는거? 오케이 아니? 절대 그럴 수 없음^^ 여기 2년 다니고 퇴사한 이유임. 체계없는 스타트업은 부바부가 엄청 큰데 하필 내 부서가 이랬던거고요? 다른부서는 나름 잘돌아감. 내가 속했던 기획부는 가관이였음. 각기 다른 전문가들을 모아 신생부서를 만들었으면, 이들을 통솔하고 리드할 수 있는 사람이 팀장이 되야하는데 능력과 일절 무관하게 경영진과 가장 오래 일한 직원을 팀장 자리에 앉힘. 기획업무 특성상 경영진의 의사결정이 컸기때문에, 직접 회의실에 직원들 불러서 업무지시하는 경우가 많았음. 그럼 이 다음 순서는? 중간 관리자인 팀장급이 업무 취합해서 아래 직원들에게 분배, 취합, 수정, 보고 이순서 아닌가? 여긴 사원, 대리들이 알아서 업무 분담하고 단톡방에 각자 경영진한테 보고함. 직원들이 취합해서 보고해달라고 요청하면 경영진이 뭐라고 화낼지 본인도 무섭다며 회피함. 리더하라고 상급자를 만들어줬는데 왜 실무만 열심히 하는지 모르겠음. 대리급이랑 똑같은 일을 할거면 왜 리더죠? 그냥 내가하지. 이런 모양새로 반년넘게 지났을때, 경영진은 부서가 망해가고 있는 근본적인 이유를 모르고 말단 직원들부터 차례대로 잡기 시작함. 직원 보는 눈 진짜 없음^^ ‘내가 니들에게 뭘 잘못했길래 일을 이따위로 하는지 다들’ 경영진이 했던 말 중 가장 기억에 남음ㅋㅋㅋ 그놈에 남탓 남탓 남탓~평생 남탓^^덕분에 직원들 개개인 역량이 좋아도 리더의 부재로 인해 팀이 망할 수 도 있다는걸 이번에 알았음. 현재 팀원들은 다 퇴사했고 그들만 남아있음. 많은 썰들이 있지만 시간 아까워서 여기까지^^
","
절이 싫어서 중이 떠났어요 ^^ 제가 다녔던 회사가 망하진 않기를 ~
"
개발,전직원,서울,2023. 06,1.0,"""가지마세요. 지금까지 직장생활 하면서 최악중에 최악 별점이 마이너스가 있으면 -10000000개 주고 싶어요""","
장점 40분 일찍 끝나는거 그걸로 끝 더이상 없음 진짜 없음 눈씻고 찾이봐도 없음아 그리고 실화 회식비 개인카드 쓰라고 하고 40만원 결재 했는데 안줌 절대 개인카드 쓰지 마세요. 나중에 뒤통수 맞아요
","
단점이 너무 많아서 뭘 적어야 할지1. 월급이 밀림 그래서 노동부에 신고한 사람 많음2. 회식을 직원 개인카드로 결재하고 돈을 안줌3. 회사에 오피스밖에 없음4. 대표는 저녁을 4~50만원씩 드심5. 충성스런 심복이 2명 이었는데 지금은 3명임6. 나이를 먹은 사람이나 임원이나 대표한테 말 한마디 못함7. 프롭티컬(?) 말로는 첨단 기술이라는데 속은 쓰레기소스8. 아래부터 윗까지 싸가지가 없음9. 저렇게 살면 부끄럽지 읺나(자식있는 사람은 자기 자식들한테 미혼이면 사는 방식에) 라는 생각이듬10. 면접때 속아서 들어온거 땅을치고 후회함11. 업무를 하려고 보고를해도 답변도 안오고 승인도 안해줌그리고 나중에 왜 안했냐고 함. 일좀 하자는말 엄청 함12. 솔직히 이외에도 100개 이상의 단점이 있는데 여기에 다 못 적겠음12. 아 이야기는 해야함 직원들이 안뽑히니까 잡플래닛 평점 조작함 꼭 명심하세요
","
제발 특유의 양아치 스러움을 버리고 진심으로 성심으로 경영에 집중하세요. 본인이 셀프로 일 잘한다고 하면 잘하는 건가요? 타인과 직원들이 인정해줘야 인정 받는거지 그리고 임금체불 하지 맙시다. 한달벌어 힘들게 생활하는 직원들 불쌍히 좀 여기세요
"
서비스/고객지원,현직원,서울,2023. 05,1.0,"""가지마세요, 대표가 맘대로 하는 회사, 실무자 임원진 다 필요없이 대표가 맘대로 하는 회사""","
없는데.. 눈 씻고봐도 없음, 커리어가 좋아지기를 해.. 그냥 10시출근인거 1개
","
나머지 다, 체계도 없고, 프로그램도 아직도 구닥다리에 액셀쓰고, 복지 1개도 없음 진짜로
","
팩트: 건보료 9개월 미납, 청소 전기 가스 등 공과금 3개월 미납, 직원들 월급 밀림
"
서비스/고객지원,현직원,서울,2023. 05,1.0,"""대표님 맘대로인 회사 ^_^ 하나부터 열까지, 실무자들은 원치않고 불편해도 강경하게 밀고나갑니다 ㅎ""","
워라밸 지킨다, 터치가 없다, 여기까지고,, 장점을 30자 이상 쓸게 없다 너무 길다 미쳤다, 단점쓸건 너무 많은데 ㅠㅠ 슬프다, 언제까지 써야하냐 이쯤되면 봐줘라
","
그래서 그만큼 협업 개념도 없는 개인플레이, 복지ZERO, 회사가 불안정합니다 (모든것이 미납, 건보료 9개월 이상 미납이면 말 다했죠?), 아까말했듯이 그리고 대표 마음대로 뭐든
","
제발 마음대로 하지말고 아랫사람 실무자들 말 들어서 방향성 틀면 참 좋을거 같은데, 임원진도 찍소리못하는 회사니 뭐.. 아이디어나 방향은 참 좋은데..
"
기획/경영,전직원,서울,2023. 05,1.0,"""그냥 모든게 최악인 회사. 인생 하드모드로 바꾸고싶은 사람들 입사 추천드려요.""","
없음. 그나마 10to6인데 이걸로 모든 회사 복지 퉁침 ㅋㅋ
","
1.처참한 경영능력수준2.사업 타겟이 20대인데 대표가 사소한거부터 컨트롤 하려고하다보니 회사분위기부터 브랜드 아이덴티티 다 엄청 촌스러움3.막말 가스라이팅 진짜 심하고 착하고 물정모르는사람들 앞에 방패막 세워두고 대표 하고싶은거 다 함 ㅋㅋㅋ4.직원들한테 다른 직원이나 퇴사한 직원들 욕 엄청함 나이를 어디로 먹은건지...?5.거짓말 허풍 진짜 너무 심함 믿는사람이 있다는게 신기한데 대부분 직원들 그가 하는 말 거짓말인거 알고있음6.체계없는곤 기본이고 이게 회산지 그냥 역할놀이를 하고싶은건지 모르겠음
","
퇴사한 직원들 욕하려고만 하지말고 왜 다 돌아섰는지 자기반성 한 번 해봤으면 함. 그리고 신촌출신은 맞는지 너무 궁금하네요~~~
"
기획/경영,전직원,서울,2023. 05,1.0,"""회사라고 말 할 수 없을 정도의 경영수준 (원수가 다닌다고 해도 도시락싸며 말릴정도)""","
회사 위치가 좋아하는 마라탕집 근처에 있어서 그 집 마라탕 자주 먹었음
","
1. 월급이 매번 밀린다2. 4대보험이 밀린다(퇴사한 현재까지 밀려있음)3. 투자를 받기위해 프롭테크라는 그럴싸한 단어로 포장한다 그 안에 아무것도 프롭테크라고 할만한게 없음 ㅎ4. 제대로된 기획서 하나 없으면서 기획은 말로 하는거라는 이상한 논리를 펼침5. 전 직원 회사 자체 시험 봄 점수 낮으면 직원들 앞에서 한마디하고 재시험 보라고 소리침6.연차는 눈치보면서 쓰는거라고 말함 7. 직원들 험담하는 경영진8. 점심시간 40분이어서 위염 및 식도염 걸리기 딱좋음9. 경영진방에서 회의하면 앞에서 줄담배 핌10. 사내메신저 안쓰고 카톡 사용함 11. 본인이 다 안다는 식으로 실무자들 업무에 왈가왈부 하면서 방해함
","
쓸말이 너무 많아 넘치는데 저정도로 간략하게 씁니다. 애사심을 가지라는 말만 하지말고 애사심을 갖게 만들어야죠^^ 밀린 돈들 하루빨리 지급해주세요
"
기획/경영,전직원,서울,2023. 05,1.0,"""삭제된 리뷰 보면 답 나오시죠? 지금까지 다녔던 회사 중에 리뷰 삭제를 이렇게 많이 한 회사는 처음입니다.""","
유일한 장점은 10시 출근이라는거 단 하나. 초반에는 6시에 칼퇴 가능하긴한데 일 많아지면 어차피 퇴근 못해서 그냥 늦게 출근하고 늦게 퇴근하는게 답입니다.근데 점심시간은 40분이라 칼퇴 못하면 손해.
","
중소기업이 다 그렇겠지만 제대로 된 커리어 쌓기 불가능. 입사하면 온갖 잡무는 모두 당신의 것. 이건 아니다 싶으면 빠른 퇴사가 답입니다.사내 메신저 없음. 카톡지옥. 모든 업무 엑셀로 함. 엑셀 잘 하는 사람은 적응하긴 편할듯. 애초에 erp프로그램 안쓴다는거 알면 입사 안했을텐데 이건 면접에서 확인 못한 내 실수임. 하루에도 수십번씩 돈 없다고 노래를 부르는데 듣고있다보면 얼른 퇴사해야겠다는 생각뿐. 이런 재정 상태로 기업을 경영한다는것 자체가 코미디. 이 카드로 여기 막고 다른 카드로 저기 막고 돌려막기 경영중. 여기저기서 돈 내라는 전화, 메일 계속 옴.
","
회사에 복지가 없어요. 복지라도 좀 만들어야 직원들이 계속 다니지 않을까요.
"
서비스/고객지원,현직원,경북,2023. 04,2.0,"""연본 적은건 물론이고 복지, 고객들의 하향평준화를 기반으로 낮은 직업 만족도""","
식대 아침,점심,저녁을 다 먹어도 됨. 기숙사 운영을 하긴 함. 위생, 퀄리티는 뭐..
","
임금 낮음, 인센티브, 상여 거의 없는 수준. 기숙사 운영을 앞세우지만 사실 보고나면 이게뭔가 싶음
","
직원들 좀 생각해주시고 고객들에게 어느정도 맞춰드리는것은 당연하지만 하나하나 다 고객이라면 빌빌 기는것좀 하지말자
"
기획/경영,전직원,서울,2023. 04,1.0,"""별을 한개 주는게 아까움.  거래처 납부대금 미납,  직원 4대보험 반년 이상 미납.""","
10시 출근으로  타 회사 대비 근무시간이 한시간 짧음. 6시 퇴근
","
직원들 가스라이팅 최고 수준의 회사.     직원들 4대보험 체납해서  대출도 안되고, 경영 담당자에게 납부해달라고 전화해봤자   신고하라는 식으로 대함.    모든 직원이 빚독촉에 시달리고 투자받기 위해 겉포장만 열심히 하는 회사.
","
부디 열심히 하셔서,   밀린 미납금들 해결하고 4대보험료도 어서 납부하시길,   퇴사한 많은 직원들이  건강보험공단에서 미납안내 받지 않게 해주길 바랍니다.
"
디자인,전직원,서울,2023. 03,1.0,"""디자인을 하는사람이면 매우 비추천하는 회사입니다. 인간적으로 진짜 별로임""","
신입치고 연봉을 높게 쳐주는것. 자유로운 복장 및 출근 시간이 10시까지라는 점
","
하지만 디자이너가 밖에서 노가다하고, 화분 정리하고 잡다한 일이 많고, 말과는 다른 회식 필참에 복지도 매우 않좋습니다.
","
돈이 관련된 일은 빠르게 처리하고 퇴사자들이 직접 연락 안 하게 미리 대책을 취하든지 하세요. 받는 처지인 사람한테 훈수 두는 건 무슨 자신감인가요?ㅋㅋㅋㅋㅋㅋ
"
서비스/고객지원,전직원,서울,2023. 02,1.0,"""리뷰 그렇게 삭제하셔도 알아 볼 사람은 다 알아보고삭제 된 리뷰가 이려 더 독이 된다는 걸 모르십니까..?손바닥으로 하늘을 가리세여-경영 그렇게 하시면 안됩니다. 시대가 어떤 시대인데요.회의하면서 담배연기 맡고싶으시면 가세요!""","
공고가 매력적이라 리뷰 보려고 들어오셨다면후회하실 겁니다. 10-6 말고는 좋은 것이 없으니까요.
","
위치. 어느 역에서든 멀어서 버스 타야 함인사? 꿈도 꾸지마 연진아.직원들 하도 들어왔다 나갔다해서 소개도 없고~ 세팅도 안 되어있고~ 누가 누군지 모르고~ 그렇기에 환영도 없는 분위기. 초기설명 부족(회사소개 등)한 건 기본이요. 그러면서 대표가 내용 물어보고 모르면 꼽 준다! 모르면 모른다고 말 하라면서 ㅋㅋ 프로세스 직접 만들어나가야 함 ㅇㅋ 그래 뭐 이건 스타트업이니까 이해함 근데 너~무 없음 한 2-3년 수준? 그리고 주변 식당조차 저조한데 점심 40분임ㅋㅋ! 위염 걸리고 싶으신 분들 추천합니다 ㅎㅎ 그리고 단연코 모두가 생각하건데 Ceo가 제일입니다 ~~! 인사도 안받고~ 직원들에게 하는 말투..ㄹㅇ,, 그걸 받아주는 직원들이 대단합니다~ 진짜 ㅜ 그렇게 10-6 으로 생색내실거면 9-6 하고말죠 아~ 이상한 전자담배 덕에 이상하고 고약한 쩐내 사무실 입구에서 잘 맡았습니다. 덕분에 폐가 많이 상한 것 같아요ㅜ 업무는 메신저 따로 없이 카톡으로 업무시간과 관계없이 진행됩니다~
","
지켜봤던 비판적인 리뷰들 보면 도움이 됐다는 버튼이대다수 10개 이상이던데 지우시면 해결이 됩니까?경영진이 자세를 바꾸던지 해야지 무조건 막는다고 다 될까요? 해보세요 그럼.
"
기획/경영,전직원,서울,2023. 01,1.0,"""물 경력 되기 딱인곳! 트렌디 한 건 다 짬봉해서 하는 것 처럼 포장했지만, 정작 제대로 하는건 아무것도 없는 회사, 직원들 가스라이팅하고 사기꾼이 왕 놀이 하는 곳""","
10시 출근, 논현동에 본사 운영, 그런데 월세 밀려서 사무실에서 쫒겨나는걸로 알고 있음
","
1. 어스빌리지와 유에스디씨는 같은 회사임2. 가스라이팅을 많이 당해 본인들이 지금 무슨일을 겪고 있고, 어떤 책임을 져야하는지 모르는 2명의 바지 사장이 있음. 심성은 착한 것 같은데 왜 당하고 있는지 불쌍함3. 대표라고 있는 사람은 정작 회사에 대표나 직원으로 등록되어 있지 않음, 2명의 바지사장의 월급을 많이 책정해서 그들에게 월급 주고 다시 자기가 일부 돌려받음4. 대표가 활동명을 사용하고 있음, 연예인도 아니고 가명쓰는 대표라 수상함, 나중에 무슨일 터졌을때 자기 본명은 더럽히고 싶지 않은 것 같음5. 회사에 엄마를 직원으로 등록해서 꼬박꼬박 월급 주고 있음, 부모님 집 월세를 회사돈으로 내주고 있고, 회사 차도 리스해서 주고, 법인카드도 주고, 회사돈으로 효도하는 효자임6. 4대보험 체납, 월급도 밀리고, 경비도 안줬음, 경비 지금까지 못 받음7. 업체들 돈 못줘서 소송걸린거 많았음, 조정했지만 돈 못주고 있음, 업체들 찾아오고, 월세 못받은 집주인들 찾아와서 난리치는날 많았음8.  회계자료 조작임, 회계 프로그램 따위 쓰지 않음, 엑셀로 정리함. 회사통장을 지저분하게 써서 정리가 될까 싶다9. 좋은거는 다 같다 붙임, 공유하우스+부동산중계+렌탈+원데이클래스+배송 서비스 등등 근데 이미 다 선점하고 잘나가는 업체들 아이템 짜집기임, 그런데 여기서 그나마 제대로 하고 있는거 공유하유스 밖에 없음,  그때 그때 트렌디 한거 잘 같다 붙임, 플랫폼 회사라고 했다가 프롭테크 회사라고 했다가 지금은 뭐라고 하는지 모르겠음10. 대표가 말바꾸기 잘함, 사소한것까지 다 알고 싶어하고 관여하고 싶어함, 직원들 함부로 대하고 욕과 막말이 일상임,  듣고 있으면 정신병걸릴 것 같음, 1인 기업하면 잘할 것 같음11. 사무실에서 담배피워서 찌든 냄새남12. 쿠O. 마켓OO, 패스트OOO, 오늘의O 등 이런 회사들 우습게 봄, 어스빌리지도 그렇게 될 것처럼 말하는데, 뭐하는지 모르는 정체불명 회사라 잠깐다니고 나가는 퇴사자들 많음
","
회사를 운영하려면 최소한의 기본은 지키세요, 4대보험 미납, 참 부끄러웠네요아직도 다니고 있는 사람이 있다는게 신기할정도에요
"
기획/경영,현직원,서울,2022. 12,4.0,"""열정이 있고 미래 성장을 위해 도전할 수 있는 사람에게 추천함""","
스타트업 회사로 절은 마인드, 활발한 커뮤니케이션이 장점
","
아직은 업무체계가 완벽하지는 않아 많이 개선해야 하고 모든 직원들이 함께 노력해야항
","
모든 직원들이 화합할 수 있는 분위기 조성에 힘써주시기를
"
기획/경영,전직원,서울,2022. 09,5.0,"""향후 모습이 기대되는 회사. 이 회사가 어디까지 커질 것인지 궁금하다.""","
향후 발전 가능성이 매우 높아, 향후 기업의 모습이 기대됨.
","
지속적인 발전으로 인해 많은 것을 경험할 수 있지만,노력하고 발전하지 않는 사람에게는 힘들 수 있음
","
새로운 도전으로 인해 스텝이 어긋날때도 있지만, 꼭 성공하길 바란다.
"
서비스/고객지원,전직원,서울,2022. 09,4.0,"""성장을 하는 회사기 때문에 열정이 넘친다. 하지만, 여기에 적응을 하는 건 본인이 관건...""","
스타트업이고, 역량도 나름 갖추고 있고 있을 건 다 있다. 그리고 회사 목적에 맞게 움직이는 사람들은 챙겨 줄건 다 챙겨준다. 아이템도 나름 아이디어 있고 성장 가망성도 있다고 생각한다. 나름 규모도 갖추고 있다.
","
회사가 대표와 대표를 지지하는 사람 위주로 성장을 강조한다. 이에 못 미치고, 역량이 안되면, 여기에서 오는 스트레스가 은근히 있는 편이다. 지금은 성장 할 때라서 열심히 일하고, 한자리 차지 할 사람에게 맞는 회사다.
","
회사 성장 속도에 맞춰서 발전 시키는 것도 중요하다고 생각 한다. 다만, 그걸 할 수 있는 사람도 있고, 할 수 없는 사람도 있는 것이다. 그것이 직원들 생각 하는 바와 다를 수도 있다는 점은 헤아려 주면 좋겠다.
"
개발,현직원,서울,2022. 09,4.0,"""자유로운 분위기, 배울수 있는 환경.""","
업무강도는 있으나 상사분들이 같이 배워가는 분위기라 성장하고 싶은 신입들에게 추천. 10 to 6 이라 지옥철 안 탈수 있고 편함. 근무자들의 연령대가 젊은층이라 자유로운 분위기와 수평구조임. 개인적으로 백프로 만족은 아니지만 줄건 다 챙겨주고 성장 가능성이 있다 생각하여 다니는중.
","
회사가 급속도로 성장하는중이라 타이트한 일정과 눈에 보이는 성과로 업무가 진행됨.그러다보니 그에 맞쳐 따라가지 못하는 직원은 힘들어하는게 눈에 보임. 소통과 해결의 역할을 수행하는 중간관리자가 부족하다보니 도태된 직원들은 악순환의 길을 걷다 퇴사함.
","
제품을 생산하는 곳이 아니다보니 제품 대신 어스빌리지 직원들 한달 살아보기와 같이 어스빌리지인으로서 자부심이 느껴지는 회사복지가 있었으면 좋겠습니다.
"
개발,전직원,서울,2022. 08,5.0,"""일은 좀 빡세지만 돈은 잘챙겨줌. 이상한데에서 잘챙겨주는게 있음""","
대표가 좀 특이하긴 한데, 나름 철학이 있고, 갈굴 때 그래도 근거가 다 있음. 잘 될지는 모르겠는데 그래도 기업컨셉은 확실해서 뭐라도 나오지 않겠나 싶음
","
인원이 부족하다. 뭐 스타트업이 다 그렇긴 한데, 그렇다고.
","
뭐 훌륭하신 분들이니까 위에 있는거겠지 싶지만, 그래도 밑에 직원들 말도 좀 들어주면 좋겠다.
"
