﻿직무,고용 현황,근무지,날짜,별점,요약,장점,단점,경영진에게 바라는 점
생산/제조,현직원,경기,2022. 11,5.0,"""""철도가 있는 곳에 에스알이 있습니다.""라는 홈페이지내 문구처럼 철도업계에서는 철도신호기 제조회사로 점점 인정을 받고 있는 회사.  최근 2~3년간 매출이 급성장하고 있으며,  최근 회사를 중견기업으로 성장시키기 위해 변화와 혁식을 위한 노력(전문인력 영입 등)을 아끼지 않고 있음.""","
철도공사의 수주에 따른 안정적인 수익을 바탕으로 급성장 할 수 있는 회사. 자유로운 연차, 출퇴근의 자유 등  워라벨의 균형이 있는 회사능력 있는 임직원에 대한 지원을 아끼지 않는 회사
","
전체 임직원 수 대비, 임원의 수가 적지 않은 편.이에 따른 보고 체계가 복잡하고 결재 지연 등은 다소 문제가 있어 보임.
","
회사가 성장하기 위해 변화를 시도하는 만큼, 각 팀장 관리자의 역할이 매우 중요한 시점에서 책임에 대한 강조보다 권한에 대한 지원이 절실히 필요한 듯 합니다.
"
생산/제조,전직원,경기,2022. 11,4.0,"""국가 사업으로 거래처가 튼튼함. 코로나에도 영향 전혀 안받고 오히려 매출 증가함. 망하지는 않을듯.""","
공단,공사 거래처가 대부분이라 망하지는 않을 듯그래서인지 월급은 잘 나옴점심 무료, 8시 넘어서까지 야근하게 되면 저녁도 사줌연차 사용 자유로움조용히 혼자 다닐 수 있는 분위기본인 업무만 잘 한다면 인정 받을 수 있고 그에 맞게 잘 챙겨줌
","
가족회사임나이 많은 분들이 많음, 그래도 분위기나 문화는 요즘 시대에 맞춰 변화하려는 중임젊은 직원이 별로 없음전국을 돌아다녀야 하는 출장이 많음
","
직원들에게 교육을 정기적으로 해주었으면 좋겠고젊은 직원들을 좀 더 신경써줬으면 좋겠음 결국 젊은 직원들을 키워야 할텐데 이부분을 너무 신경 안쓰는듯 함.....
"
생산/제조,전직원,경기,2022. 10,2.0,"""부서별로 장단점이 명확하며 매출이 급하게 오르다보니 중구난방 너무 정신이없음.대기업을 표방하나 현실은 중소기업조차도 버거운정도""","
연차의 자유로움 / 탕비실에 간식도 준비 잘 되어있음 / 회사 카페가 있어서 50%할인된 가격으로 이용가능 / 주차는 불법주차긴 해도 아직까지는 잘 되는편 / 새건물이기에 깔끔함
","
보고체계가 복잡 / 대중교통 접근성이 안좋음 / 연봉이 적은편 / 사원급의 부재 / 가족경영 / 기술력 부족
","
불만을 듣게 되면 최대한 빨리 피드백을 해줘야하는데 너무 느림 / 탁상행정이 너무 심해요사원이 너무 부족해서 일할사람이 없어요
"
기획/경영,현직원,경기,2022. 10,5.0,"""철도업계에서는 잘 알려진 신호/전자 부품 공급기업으로 알짜인 회사임최근 성장추세와 함께 앞으로도 성장여력이 높은 회사""","
ㅇ 장점    - 국내외 철도산업에서 몇개안되는 신호/부품을 산업에 제공하는 기업으로     최근 2년내 폭팔적인 성장을 보이는 기업    - 내부 인프라와 프로세스를 개선하여 글로벌 기업으로 등극하려는 노력을 기울이는      회사    - 연봉 상승도 높아지고 있고, 점심식사는 공짜/회사 앞 카페에서 천원대에 먹을 수 있음    - 성장하는 만큼 기회가 많을 수 있음(승진,전문성,개인성장 등)
","
업종 자체가 BtoB이고 철도 산업이라는 보수적/ 폐쇠적 특색을 가지고 있어 외부에잘 알려지지 않음. 내부적으로는 성장을 위한 내부 프로세스 개선활동을 시작하고 있어 업무 수행방식이나일처리하는 방식이 다소 효율적이지 못하는 상황도 있음
","
성장의 미래 모습과 비전 그리고 우리가 일하는 가치가 왜 중요한지 항상소통해주시면 좋겠습니다.
"
기획/경영,전직원,경기,2022. 10,4.0,"""최근 규모가 커지고 있는 회사로 같이 성장하고싶은 사람들이 다니면 좋을듯.""","
사옥이 세워진 지 얼마되지 않아 쾌적한 공간에서 일할 수 있음.인테리어에도 엄청 신경쓴 티가 남.최근 3년간 지속적인 매출 상승 및 영업이익 증대로 회사가 커지고 있으며, 직원들에게 상여금을 지급하는 등 이익을 같이 나누고자하는 의지가 보임. 승진 및 연봉인상이 적절하게 이루어짐.점심이 제공되며 야근이나 외근시에도 식비가 제공됨.카페도 운영하고 있어서 직원가로 좋은 커피를 저렴하게 마실 수 있음.
","
회사가 커지면서 업무량이 늘어났고아직 체계가 잡히지 않아 업무적으로 어려움이 있음.결재라인이 많아 일이 늦게 진행됨.
","
지금처럼 회사가 계속 성장할 수 있도록 노력해주고 직원들에게 보상을 잘 해줬음 좋겠음.
"
기획/경영,현직원,경기,2022. 10,4.0,"""성장을 위해서 연구개발이나 조직 개편에 신경을 많이 쓰는게 느껴짐""","
연차 자유롭게 씀, 강압적이지 않은 문화, 배우기만 하면 인정받음
","
아직까지 조직이 완벽하게 갖추어지지 않아 소통이나 지시사항이 불분명한 경우가 있음
","
직원들 목소리를 들으려는 의지는 보이나 개선이 더디다고 느껴짐
"
생산/제조,현직원,경기,2019. 06,1.0,"""아파트형 공장에 있다. 직원이 적다. 철도관련 회사다. 밥을 주고, 야근시 수당이 있다.""","
야근시 수당 지급, 밥 제공, 철도관련 회사라 쉽게 망하지 않을듯. 끝.
","
회사내규의 연봉이 너무 작다. 타 지역에 사는 사람들은 돈이 매우 작아 입사를 포기할지도... 여기서 고민을 하게 된다.복지 없음.
","
연봉이 너무 작습니다. 아무리 회사내규라지만.... 연봉과 복지만 좋다면.....
"
연구개발,전직원,경남,2022. 03,2.0,"""신입으로는 괜찮은 곳. 회사 위치가 좋으며 배우는 일이 다양함하지만 밥이 너무 맛이 없고 불필요한 회의가 많음""","
여러가지 일을 한곳에서 할 수 있음. 2D 3D 도면작업 발주 평가 등등회사 위치가 시내 근방에 있어서 출퇴근이 편리함
","
밥이 너무 맛이 없고 불필요한 회의가 너무 많음.필요한 사람만 참석하여 내용전달하였으면 좋겠음
","
사람들이 들어왔다 나갔다를 반복하는데 빨리 문제점을 캐치하여 해결했으면 좋겠음
"
연구개발,전직원,경남,2021. 10,2.0,"""본인 의지가 있다면 배우기 좋을수도 있겠다. 그러나 단점이 더 컸다""","
신입은 본인 의지(희생정신)가 있다면, 제조업에서 사용하는 스킬이나 프로그램 등을 익힐 수 있다.
","
연봉(계약연봉에 상여금이 포함), 워라벨 등 장점이 존재 함에도 단점이 컸다
","
오래 다니면 도태될것 같은 느낌을 신입이 받습니다. 왜일까요
"
연구개발,전직원,경남,2021. 01,3.0,"""본사는 마산에 있고 개발지사는 분당에 있는 자동차 부품회사""","
연수도 오래되서 기업의 틀이 잡혀져 있으며 신사업에대한 투자가 많다. 임원들도 보수적이나 챙겨주려는 분위기. 분당에 개발팀 신설.
","
1.특별히 없으나 본사인 마산의 경우 근무시설이 다소 노후2.식당의 식대가 낮은지 그다지 맛이..3.차가 없으면 꽤 걸어야하는 공단 내 위치.
","
신사업 액츄에이터 투자나 기타 직원을 위하는 마음은 알겠으나,기존의 다소 강압적인 단체 행사. 등산, 글짓기, 발표등은 자유롭게 하는 것이 어떨까요.
"
생산/제조,전직원,경남,2019. 10,3.0,"""전 직원이 회사발전을 위해 노력하며 성장을 위해 해외수출에 치중함ㄴ""","
개인열걍을 발휘할수 있도록 적극적 지원, 경기도에도 연구소 추가 오픈
","
업무시간이 늦어지는 경우가 많아 워라벨 측면에서 불만있슴
","
사원복지에 좀더 신경써주시길 바라며 사원 기숙사 추가 확보 요망
"
생산/제조,전직원,경남,2019. 08,2.0,"""초창기 멤버들의 텃세가 굉장히 심한편이며. 생산쪽은 잔업 특근많음""","
일하는사람만 일함 그런데 일 안하고 정치 잘하면 대우받음
","
고인물들이 대단한 사람이라고 생각함.새로운 시도  자체를 생각 못함.좋은 아이디어가 있어도 다른 부서에서 협조  안함.혼자 아이디어내고 혼자 다하면  좋아는하는데 위에놈이 잘한걸로 됨.사람 충원 잘안됨
","
중간 관리자 혼자 북치고 장구치고 그러니  중간 관리자들이 퇴사를 많이하지요.인원 한면 뽑아서 성과도 내고 기술도 가르치고 해야되는데 그사람 나가면 인수인계 할사람도 없슴.
"
생산관리/품질관리,전직원,경남,2018. 05,2.0,"""작은회사로 여러가지일을 하기위한 회사 복지가 있지만 직원을 위한 복지는아님""","
밥이 맛있고 다양한일을 접해 볼수가 있음.업무강도가 확실히 약함.일 스트레스가 없음
","
인원이 작기때문에 자기일을 할수가 없음.계약직으로 돌아가는회사.작은 연봉으로 이직률 매우높음
","
직원을 위한 복지를 주었으면.일한 만큼 돈을 줬으면 좋겠네요
"
연구개발,전직원,경기,2022. 11,3.0,"""개발자로서 괜찮은 회사이기하나사회초년생은 추천하지 않는기업""","
원하는 이러닝 교육이나 업무에 필요한 교육이 있으면 듣게 해줍니다.연말 상여금, 연차를 자유롭게 사용할수 있다. 정도 인거 같아요.
","
회사 내부에 약간에 텃세가 있고 가끔 팀장이 야근을 강하고 내부 체계가 안잡혀 있습니다.사회초년생은 비추합니다.
","
늦게까지 남아 있는다고 무조건 일을 잘하는게 아닙니다.
"
생산/제조,현직원,경기,2022. 08,1.0,"""시스템자체가 정상적으로 운영되지 않으며 무분별한 알바를 고용합니다.""","
자율성이 보장되고 중식시간에 회사밖에서 먹고 싶은 음식을 먹을수 있다.
","
언제짤릴지 모르는 불안감과 정규직 전환이 매우 느림.일이 대한 피드백이 없고 해고도 통보식으로 진행받음.미래에대한 보장이 없음. 시간이 지날수록 복지조건이 미약해짐
","
복지쳬계를 다시 개선 시켜 주시고 현재 성과금제도 도입되길 진심으로 바랍니다.
"
개발,전직원,경기,2022. 06,3.0,"""개발자 대우 괜찮음.특이하게 사원,대리들이 텃세를 부립니다.""","
연차 눈치안보임, 급여괜찮고 중식 근처식당에서 자유롭게 먹음.
","
사원,대리들이 텃세를 부립니다.부장,이사급들이 야근해서 퇴근시 눈치보임
","
중소기업 중엔 그래도 괜찮은 회사입니다.지금처럼 경영바랍니다.
"
영업/제휴,전직원,경기,2022. 03,3.0,"""성장하고 있는 회사, 그만큼 직원교육에 힘을 주는 느낌.""","
연차 자유롭게 눈치안보고 사용 가능, 부서별로 다르지만 대체적으로 경직되지 않은 분위기
","
직원들은 좋은편이지만 1인자의 실무간섭이 굉장히 심한편.편애도 심하며 눈밖에 나는 순간 퇴사할 때 까지 고통받아야함
","
본인의 기준이 고객이 바라는 기준이라고 생각하시면 안될듯 싶습니다.
"
생산/제조,현직원,경기,2021. 01,1.0,"""급하게 구성된 아르바이트 인원이 난무하는 회사, 언제 짤릴지 모르는 불안감""","
편안한 회사 분위기와 일에 대한 터치가 없으며, 중식 제공
","
아르바이트가 너무 많아 일이 효율적으로 돌아가지 않고 관리가 되지 않음
","
갑작스럽게 일이 많아져서 아르바이트 인원만 급하게 충원해서 쓰지 말고 미리 미리 준비하는 자세가 필요함
"
영업/제휴,전직원,경기,2019. 11,2.0,"""중소기업에서 일어날 수 있는 모든 악조건의 집합소.""","
자기개발 할 수 있는 온/오프라인 교육 수강 가능. 중소기업치고 연봉이 터무니 없이 작진 않음
","
1새로 입사하면 경력이건 신입이건 버티기 힘든 구조.2업무체계없음3사무실 안에서 담배갑질(사무실내 흡연함 언제든지) 4근무시간으로 능력을 판단하는 구시대적 마인드
","
밑에서 열심히 배우고 있는 직원들 말고 모시고온 무능한 임원정리부터 시작하시길
"
연구개발,현직원,경기,2019. 09,4.0,"""이것저것 다 경험해 볼 수 있는 곳, 많은것을 경험해보기에 좋습니다.""","
자기개발하기위해서 투자하는것에는 아까워하지 않습니다. 꼭 관련 분야가 아니더라도 자기자신이 필요하다고 신청하는것은 교육을 시켜줍니다.
","
성과를 일한 시간으로 기준잡는 경향이 있습니다. 시간은 직급에 따라 평가의 기준이 될 수 없습니다. 자리를 비우는 사람들과도 비교를 할 수 없습니다.
","
경영진에게 바라는 점을 말 할 수있는 분위기가 되었으면 좋겠습니다.
"
영업/제휴,전직원,경기,2019. 05,4.0,"""뛰어난 기술력 바탕으로 모터 산업에 많은 기여를 하고 있는 회사""","
가성비 좋은 모터 생산과 기술력 으로 많은것을 배울수 있는 회사
","
수직적인 기업 구조형태 분위기가 딱딱하고 세대간 소통이 잘 안됨
","
보다 직원들 복지에 신경써주고 많은 소통이 오갈수 있으면 좋겠다
"
영업/제휴,전직원,서울,2018. 12,3.0,"""뛰어난 기술력이 있어 배울것이 많은 회사, 하지만 업무강도가 높음""","
영업사원들이 동종 타회사 엔지니어들보다 더 뛰어난 기술력을 가지고 있으며, 하드트레이닝으로 FA 업계서 일하길 원하는 사회초년생에게는 매우 도움되는 회사 ( 이직 시 여러분야에 도전할 수 있으며 동종업계 이직 시 회사서 주목받는 에이스가 될 확률 높음 ) 임원들이 같이 실무하고, 여직원도 같이 노가다를 하는 문화로 업무량에 대한 상대적 박탈감이 들지않고 모두가 다같이 공평하게 힘든 회사 , 모두 다같이 힘들기에 사내정치, 견제, 시기, 질투 등이 약한 회사 서로 으쌰으샤 우리 같이 힘들어도 잘해봅시다! 하는 사내분위기 텃세 없이 열심히 하겠다는 의지가 있다면 실력자들이 키워주는 분위기
","
업무강도가 절대 약하다고 볼수없는 회사로 일도 많고, 아주 열심히 일하는 분위기, 근무시간 길며  업무에 관해 매우 엄격한 사내 분위기. 팍팍함. 편한 회사를 원한다면 절대 비추천할 회사
","
특별한 건 없지만  조금의 여유가 필요한건 아닐지요?  너무 타이트해 보였습니다. 인원 충원이 필요해 보였습니다.
"
연구개발,전직원,경기,2018. 05,4.0,"""이것저것 생각하면 그렇게 나쁘지 않은곳.""","
주말 출근 시 일당 지급. 점심을 주고, 야근 시 저녁도 지급. 젊은 사람부터 연령층이 다양하게 있어서 어울리는데 불편함이 없음
","
연차 쓸 때 약간의 눈치가 보임. 교통이 좋지않음. 출근 시간은 9시 퇴근 시간은....부서별로 퇴근 시간의 차이가 많음
","
직원들 말에 귀 기울여 직원들이 일을 즐겁게 다닐 수 있게 해줬으면 좋겠습니다.
"
