﻿직무,고용 현황,근무지,날짜,별점,요약,장점,단점,경영진에게 바라는 점
기획/경영,전직원,서울,2023. 11,2.0,"""복지/팀원/조직문화 모두 좋은데 경영진이 아쉬워요""","
복지가 꽤 괜찮아요 스타트업치고는, 그리고 멤버들이 너무 좋은 분들이 많고 훌륭해요. 함께 일하는 멤버들의 퀄리티가 좋아요!!
","
경영지원쪽 부서 리더들이 너무 별로고 대표께서 기획에 미쳐있어서 경영관리를 안해요 그리고 연봉인상률이 별로에요
","
제발 경영지원부서 인사부서에서 꼰대짓하는것 좀 막아야하지않을까요? 기획에만 미쳐있기보다는 내부관리를 제발 해주세요
"
서비스/고객지원,현직원,서울,2023. 09,2.0,"""일부 팀에 문제가 좀 있습니다. 면접때 질문 많이 해보시고, 좀 골라서 들어올 필요가 있을듯.""","
점심에 플레이팅으로 밥 주는 것이 좋습니다. 점심 걱정 없고, 빨리 먹고 쉴 수 있음.
","
스타트업보다는 경직되어 있고, 중소기업이라고 하기에는 좀 부족한 것 같기도. 그리고 전반적으로 연령대가 낮은데, 권위적이고 조직문화가 너무 딱딱함.
","
방향성을 설정하고 모든 조직이 그 방향성에 맞는 업무를 할 수 있도록 해주세요. 못한다면, 하는 일이 달라도 거기에 기여하고 있다는 점을 자주 알려주고 동기부여를 해주세요.
"
교육,현직원,기타,2023. 08,3.0,"""다양한 학생과 비대면 수업을 통해 편하게 만남 및 수업이 가능해 경험 쌓기에는 좋으나, 선생님과 학생의 소통이 어려우며 회사와의 소통도 원활하지 않음""","
비대면 수업 플랫폼 1위 기업이라는 명성과 보너스 제도
","
학부모 또는 학생과의 문제가 생겼을 시 대처가 어려우며, 튜터 전문 고객센터 존재하지않음
","
학생과 학부모가 튜터에 대한 예의를 지킬수 있는 상호간의 배려, 협약이 강력하게 필요함
"
인사/총무,전직원,서울,2023. 08,2.0,"""스타트업인 척하는 중소기업.인원 규모에 비해 보잘 것 없는 체계와 조직문화.홍대역 근처라는 게 유일한 장점.""","
눈치 보지 않고 연차 사용 가능함홍대역 바로 근처라 접근성 좋음스타트업 치고는 무난한 사무실, 자잘한 복지 등
","
원칙을 세워놓고 아무도 지키지 않음.심지어 잘못했을 때 페널티도 없음.한 마디로 성실한 사람만 바보 취급 받는 곳.앞에서는 의견 들어주는 척 하지만직원들 전체 의견은 거의 무시하고리더들하고만 소통하는 지원부서.거기에 직원 관리에는 1도 관심도 없고 이슈가 생겨도 방치하는 무능한 경영진.비즈니스나 투자 성과도 거의 없음.C레벨이 도대체 왜 5명이나 있는지;;스타트업이라고 생각하고 들어온 순간 후회함.수평 문화 얘기하지만 사실상 수직 문화 강요함.
","
설문조사나 조직문화 이벤트를 많이 하면 뭐하나요? 의견 들어줄 생각도 없고, 안되는 이유라도 설명해주면 모르겠는데 그냥 넘겨버리는 걸 보고 회사가 그냥 사람 안 챙긴다는 생각밖에 안 듭니다..아니면 비즈니스 목표나 성과라도 정확히 공유해주세요. 멤버들 매번 혼란스러워하고 힘들어하는데 도대체 왜 하는지는 좀 공유 해주세요.그리고 잘못된 건 지적하고 바로 잡는 건 회사에서 당연한 게 아닐까요? 다같이 쉬쉬 하면서 덮어주면 열심히 하는 사람은 뭐가 되나요? 제발 잘 생각해보시길 바랍니다..최근에 꽤 많은 사람들 퇴사하는 걸 보고도 달라지는 게 없는 것 같아 많이 속상하네요. 지금부터라도 잘 꾸려나가시면 좋겠습니다.
"
기획/경영,전직원,서울,2023. 08,3.0,"""점심 지원해주는데 메뉴 고르는 고민 안해서 좋음, 사람들이 좋았음""","
점심 지원, 근처에 맛집 많음, 역에서 비교적 가까워 나쁘지 않은 접근성
","
방향이 자꾸 바뀌고, 전사 얼라인이 좀 안되는 듯직원을 잘 못믿는 것 같음
","
직원을 믿어주세요. 그럼 좀 더 능률이 오를수도..
"
교육,현직원,경기,2023. 08,3.0,"""이동시간을 고려하면 합리적일수도 있는 급여를 제공함. 하지만 선생님의 입장보단 학생과 부모님의 입장을 우선시 하고, 선생님의 이득은 고려하지 않는 면이있음.""","
플랫폼이 그럭저럭 잘 만들어져 있어 학생과의 적절한 커넥션의 유지만 잘 된다면 크게 신경쓸 일이 없고, 일한만큼 돈이 때일 걱정도 없음.
","
선생님을 위한 제도나 장기적으로 일해주는 선생님에 대한 우대는 없음. 그냥 잠깐 필요할 때 알바형식으로 하는게 나음. 학부모와 선생간의 갈등에서도 항상 우선적으로 학부모의 편을 들고 선생이 손해를 감수하도록 하는 면이 있음.
","
선생님들을 위한 복지를 신경쓰는 것이 좋을 것 같음. 절반정도 떼어가는 수수료는 도대체 어디에 쓰이는 것인지 알 수 없음.
"
기획/경영,전직원,서울,2023. 08,1.0,"""스타트업의 탈을 쓴 꼰대문화의 공무원집단같은 회사. 정말 기이하고 폐쇄적이라서 당황스러웠던 경험이었다.""","
자율출퇴근제도. 회사의 위치가 좋다. 점심 식사 지원 등 식대를 아끼지 않는다. 11시 이후 택시비 지원.
","
인맥으로 꽂아넣는 인사제도와 비효율적인 소통부재, 쌍방향소통이 아닌 일방향 통보가 다반사. 다른 스타트업 많으니 굳이 여긴 가지 마세요 시간 낭비 하지 마시고......
","
코로나 특수에서 벗어나 다른 경쟁력을 갖춰야 하고 안살림을 챙겨야함 그리고 각 팀장들이 수동적인 팀원 태도를 원하는 것이 눈에 보이는데 아주 바람직하지 못하다고 봅니다
"
서비스/고객지원,전직원,서울,2023. 08,3.0,"""코로나로 인한 비대면 교육 서비스였기에 호황기를 보냈음. 앞으로의 방향성이 매우 중요할 듯.""","
스타트업이기에 열정적으로 드릉드릉 쏟아낼 준비가 된 자라면 시도해볼만함. 점심 케이터링 뷔페 제공.
","
방향성이 맞지않은 리더를 따라만 간다면 본인의 커리어 보장 못함
","
전체를 아우를 수있는 리더 채용 필요. 그런 리더를 배치하지 못할 경우 앞으로의 성장 의문
"
개발,현직원,서울,2023. 08,3.0,"""사업은 잘 되는 것 같은데 기술적으로 발전할 수 있냐고 하면 의문이 든다.개발 문화라는 것이 아직 명확하게 존재하지 않음. 과도기.시니어 엔지니어가 거의 없고 주니어가 대다수""","
좋은 동료들(팀 내에는) 빌런 딱히 없음시리즈A 스타트업 중에서는 상당히 좋은 수준의 복지꾸준히 이용하는 고객이 있는 사업이라 다양한 프로젝트에 참여해 볼 수 있는 점
","
경영진의 생각을 잘 모르겠음기획이 자꾸 바뀌고 경영진의 방침도 자꾸 바뀜대부분이 주니어라 기술적으로 조언을 구할 곳이 마땅하지 않음체계가 있는 듯 하면서도 없음
","
실무자들의 이야기에 귀를 기울였으면 좋겠습니다
"
교육,전직원,서울,2023. 06,3.0,"""과외 선생님으로 활동을 한 후 적는 후기입니다.""","
원하는 시간에 근무가 가능하다는 장점이 있습니다. 또 서비스 관련 매칭해주시는 담당자분들이 친절하십니다.
","
보수가 너무 적어요. 비대면 과외인 점이 좋기는 하지만 학생들이 내는 비용 대비 선생님들에게 돌아오는 금액이 적은 것 같습니다.
","
서버 기술 문제가 꾸준히 일어나고 있는데 이 부분에 대한 개선이 필요해보입니다.
"
개발,전직원,서울,2023. 06,3.0,"""다양한 개발 환경을 경험할 수 있음근데 개발이 실제로 좋은 결과로 이어지고 있는지 잘 모르겠음""","
자유로운 분위기라서 사람들은 다 좋음먹는거 지원이 잘됨 간식 비치, 식비 지원 등등
","
포괄임금제회의가 너무 많아서 일할 시간이 모자라기도 함항상 기한이 타이트함
","
서비스 안정성을 높이는 방법을 강구했으면 좋겠음회사가 하고 있는 방향이랑 하는 일이 합치다 잘 안되는거 같음
"
기획/경영,전직원,서울,2023. 06,2.0,"""체계가 많이 불안정한 곳 이대로라면 성장해도...""","
유연근무제👍다양한 간식 (신청 가능)중식 케이터링 제공 (한식 맛남)닉네임 사용자유로운 분위기
","
체계가 너무너무너무너무 부족하다 체계 없이 정해지고 바뀌는 사항들이 너무 많고 잦음잦은 조직개편과 자리이동수평적인 소통인 척하지만 실상은 탑다운 업무 체계
","
보여지는 것에만 치중하지 마시고 내실을 탄탄하게 잡으시는게 먼저일 듯 합니다
"
마케팅/시장조사,현직원,서울,2023. 06,5.0,"""다양한 것을 해보고 성장할 수 있는 회사. 새로운 시장을 개척해나갈 수 있는 회사""","
열심히 하고자 한다면, 경험을 할 수 있는 폭이 크고 넓음. 여기서 성과를 잘 낸다면 서포트도 좋음.
","
단점은 딱히 없는 듯. 약간의 파벌이라는게 있는데, 사람과 어울리기 보다는 일에 집중하고 일을 좋아하는 스타일이라 여기에 집중한다면 문제는 없음
","
열심히 해주시는 것 알고 있습니다. 무엇인가 잘 못 되었을 때, 남탓하지 아니하고 용기 있는 리더십이라 항상 든든합니다.
"
개발,전직원,서울,2023. 06,4.0,"""개발자들끼리 모여서 스터티도 하고 배우고 싶은 기술 스택있으면 지원도 해주시고 자유롭고 평화로운 분위기""","
재택 근무, 연차 자유롭게 사용가능, 워라벨 보장, 사내 동아리 지원, 점심 지원
","
연봉 낮음, 연봉 상승률 낮음, 경영진 & HR 분들이 실력이 부족함, 꼰대 마인드, 무리한 사업 확장
","
좀 더 포용할 수 있는 마인드 셋 필요, 무리한 사업 확장보다는 정확한 마일스톤 필요
"
교육,현직원,서울,2023. 06,3.0,"""편하게 일할 수 있는 곳을 찾으면 나쁘지 않으나 돈이 필요하다면 나쁨""","
장소에 구애받지 않고 일할 수 있습니다. 일과 삶의 균형은 꽤나 괜찮은 듯.
","
장점을 제외하고는 단점인 것 같습니다. 튜터에 대한 복지 제대로 안 되어 있고, 일 처리 제대로 안 하고.
","
프리랜서에 대한 복지도 개선을 하려고 노력하시면 좋을 듯.
"
기획/경영,전직원,서울,2023. 05,4.0,"""연남동에 위치한 에듀 테크 기업. 젊은 팀원들로 구성되어 있어 분위기는 밝다.""","
탄력근무, 월 1회 재택, 사내 동호회 및 클래스, 넓은 라운지
","
기형적인 업무 프로세스, 개선 사항이 너무나 방대하여 손을 댈 수 없음
","
피어 평가 도입도 생각해 보셨으면 함. 어느 집단이나 그렇겠지만 불쾌하게 만드는 사람이 좀 있음
"
교육,전직원,서울,2023. 05,3.0,"""교사 입장에서는 시급과 편의를 맞교환하는 기업....""","
교재 제공, 재택 근무 가능, 스마트 학습의 경우 개념 설명 보충에 용이
","
학생의 과실을 입증하기 어려움, 3개월/2주 패널티 등 을 꼭 고려해야함
","
설탭의 경우 선생님들이 지속적으로 수업할 수 있는 환경을 조성해야할듯합니다
"
디자인,전직원,서울,2023. 05,4.0,"""스타트업의 장점과 단점을 뚜렷하게 가지고 있는 회사.오래다니는 사람들은 오래다니고 아닌 사람은 빠르게 퇴사함""","
점심 제공,연차 자유로운 사용,리프레쉬 워크,자율출근,교육비 지원
","
체계가 없어 다들 힘들어 함. 내부적으로 야근이 잦지만 해결하지 않음
","
빠르기 성장한만큼 규모에 맞는 체계를 갖추어야 할 시점인 거 같음
"
교육,전직원,서울,2023. 04,3.0,"""다양한 과외 경험을 바탕으로 경력 쌓을 수 있는 곳""","
매니저의 철저한 관리를 통해 케어 받는다는 느낌이 든다
","
학생들과의 매칭률이 적다는 것이 이 기업의 단점입니다.
","
매칭률을 상승시킬 수 있는 기능을 탑재
"
개발,전직원,서울,2023. 04,3.0,"""무난하게 다닐만 했습니다. 스타트업이라서 혼란한 면은 있었어요.""","
사람들 착하고, 먹을 것 잘 주는 편이었어요. 회사 다니며 살 쪘네요. 회사에 동아리 지원도 꽤 있어서 좋았습니다.
","
어떤 팀이냐, 어떤 부이냐에 따라 많이 갈리더라고요. 일이 몰리는 부서면 야근 많이 하고, 일 없는 부서면 설렁설렁 다니구요.
","
사업 잘하셔서 번창했으면 좋겠습니다. 이야기를 들어주시는 건 좋은데 회사에 반영되면 좋겠어요.
"
개발,전직원,서울,2023. 01,4.0,"""개발자가 대우받으면서 일 할 수 있는곳. 체계가 잡혀나가고 있어서 변화는 많으나 점점 좋아지고 있음""","
자율출근제. 휴가를 자유롭게 쓸 수 있고 수평적이라 사람들간의 스트레스가 덜함
","
업무툴 및 변화가 너무 다양함. 인사쪽의 경우에는 고지없이 바뀌는 경우가 많거나 이미 몇달전에 고지했다고 말하며 그냥 강행시킴.
","
투자실패로인해 위축되어있지만 잘 해결하여 더욱 더 나은 업무환경이 되었으면 좋겠습니다.
"
서비스/고객지원,전직원,서울,2023. 01,5.0,"""능력있는 C레벨들 입사와 오너십을 가진 구성원들의 노력으로 다방면으로 좋아지고 있는 기업""","
식대제공장비지원자유로운 연반차재택(월1회)능력있는 구성원 좋아지고 있는 복지혜택성장 가능성
","
아직 프로덕트가 불안해서 성장의 가능성이 가능성으로만 끝날 수 있을 듯 스타트업이라 업무는 빡세다 서비스가 고난도 업무라 계속 공부해야함월 1회 재택 규정(일이 있으면 승인 받아서 가능)
","
뭐 크게 바라는 건 없지만 더욱 성장하는 거 못보고 가게 되어 아쉽습니다. 제 커리어에 긍정적인 영향 갈 수 있게 오누이 더 성장시키겠다고 약속 했던 거 잊지마세요 대표님~!🤗앞으로 구성원들 의견에 더 많이 귀기울여주시고 소통 부탁드려요! 화이팅!!!!
"
기획/경영,전직원,서울,2022. 12,5.0,"""1년만큼 급성장한 회사 회사 규모에 맞는 프로세스와 제도를 갖춰나가고 있음""","
점심식사 건강검진 워라밸 성장성있는 사업분야 비대면교육의 성장가능성
","
가능성은 가능성일뿐 현실화 하는 것은 리더의 역량이고 스타트업으로서 갖는 불안정성은 어쩔수없는 듯
","
비전과 목표를 명확하게 공유하고 지금은 모두가 한 곳을 바라보고 가야할때인듯. 안그럼. 휘청
"
연구개발,현직원,서울,2022. 11,5.0,"""복지가 매우 잘되어 있는 회사입니다. 점심도 제공해주고, 출퇴근도 자유롭습니다.""","
이제 성장하는 회사라는 점이 가장 큰 장점이겠네요. 회사 발전함에 따라 개인의 발전도 자연스럽게 되는거  같습니다.
","
아직은 체계가 잡혀있지 않아서 조금 어수선합니다. 다만, 계속해서 정비하는 중이니, 곧 안정화가 될것으로 판단합니다.
","
화이팅~앞으로 더 발전하는 오누이가 될 것이라고 믿습니다!
"
기획/경영,전직원,서울,2022. 08,5.0,"""스타트업과 중견기업의 장점을 고루 갖춘 회사라고 생각합니다""","
복지가 매우 좋음. 밥이 매우 맛있음. 회사 분위기가 좋음. 꼰대문화 없음
","
업무가 체계적이지 못한 부분이 많음. 야근이 잦은편이 속함
","
경영진에게 따로 바라는 점은 크게 없습니다. 항상 화이팅입니다!
"
개발,현직원,서울,2022. 03,4.0,"""수평적이고 자유로운 분위기. 스스로 일을 찾아서 할 수 있고 원하는 기술을 도입해 볼 수 있는 기회가 있습니다.""","
정말로 자유로운 분위기. 수평적인 문화와 자기 업무를 충실히 한다면 편하게 다닐 수 있습니다.
","
시니어 개발자의 부재. 경험이 풍부한 인재가 없다보니 도움을 받기가 쉽지 않습니다.
","
특별히 바라는 건 없습니다. 현재 가는 방향을 잘 유지했으면 좋겠습니다.
"
개발,전직원,서울,2020. 11,1.0,"""의견은 수평적으로 듣지만 결정은 수직적으로 하는걸 원칙으로 한다""","
점심식대 제공해준다? 사무실 위치가 좋아서 접근성이 좋은편.
","
의견은 수평적으로 듣지만, 결정은 수직적으로 하므로 직원들의 의견이나 입장 반영이 되지 않고 오래된 구성원들 위주로 의사결정이 이루어짐.  부족한 부분을 개선하려는 의지나 행동이 전혀 보이지 않음. 없는 일을 지어내거나, 말을 꾸며내는 상황이 많다. 제대로 된 기술의 깊이가 없는데 자꾸 아는척하다 보니 맞지도 않는 해결책으로 시간 낭비 할 때가 많음.
","
믿음을 줄 수 있을때까지 기다려 달라고만 말하지 말고, 신뢰할만한 말과 행동을 보여주세요.
"
기획/경영,현직원,서울,2019. 10,4.0,"""다들 열심히 일하는 분위기, 회사와 개인의 성장에 온전히 집중할 수 있는 회사. 교육회사들 중에서는 IT 역량이 뛰어나고 괜찮은 방향으로 BM이 설정되서 앞으로가 기대되는 회사.""","
수평적인 분위기, 팀원들 간의 열린 소통으로 최선의 안을 만들어 가고 있음. 눈치보거나 사람 때문에 힘든 거 없이 자기 커리어에 욕심있는 사람이면 일하기 좋은 환경. 팀원들을 압박하기 보다 자기주도적으로 일할 수 있게 경영진이 노력함
","
아직 규모가 10인 안팎인 스타트업이라 일이 급하게 처리되는 경우들이 있고 큰 회사들이 가진 시스템이나 형식이 다 갖춰지지 못한 부분들이 있음. 수동적으로 일하는 게 익숙하면 다니기 어려움
","
한 달에 한 번 정도는 회식을 하면 좋을 것 같음. 보통 2~3달에 한 번씩 함. 성과 보상제도가 논의되고 있는데, 좋은 방향으로 잘 나오면 좋겠음.
"
마케팅/시장조사,현직원,서울,2019. 09,5.0,"""모든 구성원이 자신의 업무에 즐거움과 자부심을 갖고 일하는 곳. 중고생 30만명이 이용하는 ‘질의응답 어플 오누이’에 이어 국내최초 서울대 스마트 과외 ‘설탭’으로 앞으로 더 크게 성장할 가능성이 보이는 4년차 교육 스타트업.""","
1) 수평적 분위기 : 따로 직급 없이 닉네임 사용. 보고 및 컨펌 등 상부 전달식 문화/업무 없음. 20대 중반-30대 중반 사이의 친절한 팀원들. 연차 등 사용 시 눈치주거나 하는 경우 절대 없음. 2) 확실한 업무 권한 부여 : 자신 업무에 대해 최대한 스스로 고민,생각하고 진행할 수 있도록 신뢰하는 분위기. 그에 따른 교육이 필요하면 회사에서 적극 지원.3) 성장 기회 부여 : 개인에 대한 신뢰가 크기 때문에, 이를 바탕으로 본인이 책임감, 적극성만 갖춘다면 전문가로서의 커리어를 만들어나갈 수 있음. 본인의 의지와 능력만 있다면 발전하는 회사와 함께 그 핵심 멤버로 성장할 기회 제공.4) 발전 가능성 : 중고등학생 30만명 이용하는 질의응답 ‘오누이’를 성공적으로 런칭한 후, 현재 1:1 태블릿 과외 서비스 오픈해서 시장 확장하는 중으로 태블릿 과외 영역에서 1위 자리 구축하는 중.5) 즐거운 회사 분위기 : 딱딱한 회식 문화 없음. 매주 목요일을 먹요일로 지정해서 맛있는 점심을 먹는 것으로 대체함. 퇴근 후 회식은 분기에 한 번 정도 팀원들이 하고 싶은 액티비티(방탈출, 보드게임, 볼링 등) 투표해서 진행.6) 회사 환경 : 서울창업허브 내 입주해서 본 건물 서비스이용 가능. 공덕역에서 도보 5분 위치. 국가 지원 건물로 새롭게 리모델링되어 내부 환경이 트렌디함. 1층에 편의점/카페 위치. 남녀 분리된 휴게실. 옥상 및 다양한 회의실 구비.7) 업무 시간 : 자신의 업무 특성에 따라서 출퇴근 시간 유동적으로 활용할 수 있음. 야근 잘 하지 않음(강요하는 분위기나 눈치도 없음) 8) 기타 복지 : 식대 제공, 야근을 하게 될 경우 저녁 식대 지원, 야근 교통비 지원, 사무실 내 무한 간식 제공(아침밥 대체 가능), 기본적 연차 제도 외에 출산휴가 등 일반적인 복지 제공. 성과에 대한 보상 제공.무엇보다도 자신의 일을 사랑할 수 있도록 사람에 대한 배려와 신뢰가 가득한 직장입니다.
","
1) 체계화 부족 : 질의응답 오누이 서비스와 태블릿 과외 설탭 서비스 모두 기존에 있지 않던 새로운 유형의 서비스이기 때문에, 출시와 더불어 계속해서 업무 효율화와 시스템화가 병행되는 중. 그래서 여러가지 업무가 동시다발적으로 일어나는 경우도 있음.2) 업무를 배울 사수가 부족함 : 모든 업무가 빠르게 진행되는 중에 업무에 대한 방향을 잡아주거나 코칭해줄 수 있는 사수가 부족함. 각 팀원들은 각자 업무에 대해 전문성이 필요하며 결과 공유 및 개선에 대한 고민을 많이 하려고 노력해야함. 단, 지시나 보고 등의 업무에 치여 개인 업무를 하지 못 하는 경우는 없고 스스로 의지만 있다면 담당자로서 권한이 자유로움.
","
지금처럼 팀원들에 대한 인간적인 대우를 넘어서 회사의 더 큰 성장과 그에 따른 보상도 함께 이루어지기를 바랍니다 :)
"
"
          현직원
      ",서울,2023. 04,,5.0,"""젊은 인력들로 시도와 변화를 늘 추구합니다. 자신의 의견을 눈치 보지 않고 제시할 수 있고 개인/기업의 발전을 위해 수평적인 커뮤니케이션을 지향합니다 본인의 능력 발전을 위한 환경이 잘 갖추어져 있고 성장을 위한 기회를 많이 줍니다.""","
연차를 눈치 안보고 쓸 수 있습니다. 또한 회사내에 구비되어 있는 간식들 외에임원급들의 관리자들이 맛있는 간식들을 자주 시켜 같이 먹습니다.평균 나이대가 젊어 상하관계의 느낌보다는 편한 수평관계의 느낌을 받습니다.이에 본인의 의견을 자유롭게 제시할 수 있으며 이를 경청하여 들어줍니다.회사내에 파벌,정치 같은 피곤한 일이 없습니다. 점심 비용도 지원해줍니다.업무시간에 무조건 일만하는게 아니라 카페를 가거나 소소한 내기나 게임같은것도 자주합니다.
","
개인마다 다르겠지만 단순 업무가 많을 수 있습니다. 사무실이 3층인데 엘레베이터가 없습니다. 주차공간이 협소합니다.
","
직원들의 능력 향상을 위한 여러가지 제도나 프로세스등을 구축했으면 좋겠습니다.
"
"
          현직원
      ",서울,2023. 04,,5.0,"""딱딱한 분위기 싫어하는 근로자들에게 딱 맞는 회사이면서 직원의 아이디어와 목소리가 실현되는 회사.""","
20~30대 직원과 임원으로 구성 되어 있음. 직원들이 이런 업무 툴 이렇게 사용해도 좋을 것 같다는 아이디어 내면 회사에서는 빠르게 실현해줌. 규모가 아직 크지는 않지만 비슷한 직원 수의 규모 회사 대비 매출액도 좋은 편 이고 회사 신년 계획이나 매출, 성장 이런 전반적인 내용을 전 직원들 하고 공유해줘서 비전을 많이 느끼면서 일하고 있음. 특히 회식은 자주 하지 않지만 분위기가 좋아서 회식을 해도 친구들끼리 모임 하는 기분이 많이 듬.
","
규모가 큰 회사가 아니다 보니. 규모가 있는 회사에서 일을 했었던 직원이라면 업무 소통 같은 체계가 규모가 있는 기업보다는 잘 되있지 않다 느낄 수 있음
","
요즘 회사가 더 커질 수 있도록 많이 노력하고 있는데, 빨리 성장해서 지금 직원들도 모두 잘되고 앞으로 쭉 일할 수 있는 회사가 되었으면 좋겠습니다 ....ㅎ 오래 오래 일 하고싶어요
"
마케팅/시장조사,전직원,경기,2023. 10,4.0,"""업무 난이도는 높은 편에 속해 있었으나 본인 하기에 따라 다른 거 같았습니다. 정신력 싸움이 가장 컸던 것 같습니다.""","
업무 강도가 조금 있는 편에 속해 있지만 회사 전체적인 분위기가 좋아서 서로 으샤으샤 하며 멘탈 캐어 되는 것에 아주 좋았습니다. 어떠한 대기업을 들어가고 업무 강도가 아무리 낮아도 사람이 좋지 못하면 회사 못 다닌 다는 얘기를 들었습니다.
","
신입이 그냥 나가고 잠수 퇴사하고 1년 이상 버티는 사람이 많이 없고 이러한 일들이 비일비재 하다고 한들 신입에게 마음을 안 열고 차갑고 정규 되기 전까지 친해지지도 않는, 그런 건 좋지 못하다고 생각 했습니다. 당한게 있고 아쉬운 마음과 정때문에 나가면 속상하고, 이러한 부분은 다 이해하지만 그렇다고 모든 신입에게 똑같이 대하는 건 아니라고 생각합니다.
","
젊은 사람들이 좋아하는 MZ 회사라 볼 수 있지만 단점에 적었던 부분을 보안해준다면 좋을 듯 싶습니다.
"
마케팅/시장조사,전직원,경기,2023. 09,1.0,"""입사보다 퇴사가 많은 회사이상한 프로모션 하지말고 직원 복지에 신경좀 쓰길;""","
듀얼모니터,달력,볼펜제공자리마다 칸막이있음사무실은 이쁘게생김
","
복지 신경쓰라고했으니까 답글로 안마의자, 수요일 30분 점심시간, 스넥바, 금요일30분일찍퇴근 이런거 쓰실건가요?쓰지도못하는 안마의자어디에나있는 스넥바점심시간 퇴근시간 30분씩 더주고 줄여주는거는 이젠 다른회사에도 많습니다차라리 마지막주 재택근무 이런거해주는회사도많던데명절선물로 치약줌 치약ㅋㅋㅋㅋㅋ그냥 주지마시죠?성과안나오면 직원들보고 나가라고 눈치주시면서 왜 아닌척하세요?6개월 이후 정규직전환도 빡세고전환되고나서 매출안나오면 계속 그럴거냐고 매출내라고 눈치 엄청주시면서 이것도 아니라고 하실건가요?여기서의 경험은 절대 다른회사에서 도움이 되지 않으니마케터를 꿈꾼다면 도망치시는게 좋을듯차라리 얼른 다른곳에가서 경력쌓는게 나음피씨카톡은 왜막아두는거임?광고주들이랑 소통 카톡으로 할때마다 미치는줄알았음보안문제 어쩌고하던데 흠..직원들 야근하는거 당연한거 아니에요고생한다고 칭찬이라도 좀 해주시길야근아무리해도 매출안오르면 쳐다도안보시는건 좀..ㅎ
","
제발 직원들 이야기좀 귀담아들으세요얘네 또 불만이 많네 생각하지마시고..꽉막힌 생각을 바꾸셔야 될거같습니다~
"
마케팅/시장조사,전직원,경기,2023. 09,5.0,"""모든 영업직이 그렇듯 독하게 하면 성공할수 있는곳.""","
수요일 점심시간 1시간 30분 금요일 30분 조기 퇴근 직원들이 텃세 없고 좋다.
","
모든 영업직이 그렇듯 1년 까지는 정말 힘들다. 하는만큼 벌어가는 곳이기 때문에 적당히 일하고 적당히 돈 벌고 평범하게 살고 싶은사람들은 지원 안하는게 좋음
","
팀장님들이 잘 알려줘서 딱히 바라는 것은 없습니다.
"
마케팅/시장조사,전직원,경기,2023. 09,1.0,"""마케터로서 성장을 생각하면 완전 비추마케터 아니고 키워드뽑는방법만 아는거임 여기 경력으로 이직도 불가능;""","
안마의자 두대 쓸수없음공기청정기있음쇼파가많지만 못앉아봄사람들은 착함
","
사람이아니라 보이는 숫자가 전부인곳매출안나온다고 전화 못한다고 잘린사람 많음 (계약연장 안해줌)당일연차 반차 반반차 못씀 자유롭지못한 연차사용밑에 글 보니까 식대 안주는거 설문조사했다던데 작년에 한번도 못봤는데요? 언제 하신건지?
","
시대가 변하면 마인드도 변해야한다고 생각합니다안되는데 하라면 해 마인드는 좀..;계속 똑같다면 회사가 성장하긴 힘들듯
"
영업/제휴,전직원,경기,2023. 09,1.0,"""별5개짜리 후기 거르세요 평점을 위해 내부에서 작성하는듯""","
복장 비교적 자유로움엘베 많음점심시간있음회의실 2개있음
","
월급 적어도 집이랑 가까워서 오래다니려고 들어갔는데매일 야근하는거보고 질려서 나왔어요워라벨 없으니까 왜 돈버는건가 싶고 지쳐서요보여주기식 복지가 강하고실제로 직원들을 위한 복지는 없어요매체 잘 걸려야 그나마 매출성장하기 쉽습니다들어갔는데 매체 비전없으면 빠르게 손절하고 나오세요회사다니면서 자존감도 많이 떨어지고 다음취업하는데도 정말 오래걸렸어요다녔던 회사중에 제일 힘들고 이해가 안가는 부분이 많았네요일을 못해서 야근하는게 아닙니다 야근을 할수밖에 없는 시스템이에요포괄임금제로 야근수당피해가고 식대없어요
","
원하시는 목표인원 꼭 만드셨으면 좋겠어요그래도 다녔던 회사니까 없어지진 않았으면 합니다
"
마케팅/시장조사,현직원,경기,2023. 09,5.0,"""모두에게 공평한 기회를 제공하고, 직원들을 신경쓰고 배려해주는 기업""","
연차를 윗사람 눈치 안보고 쓸 수 있음, 주전부리 원할때 알아서 먹을 수 있음.
","
업무량이 많은편. 업무로 오는 스트레스가 있을 수 있음.
","
직원들의 말을 귀 기울여주고, 해결책을 생각해주었으면 좋겠음
"
마케팅/시장조사,전직원,경기,2023. 09,1.0,"""회사 장점이 스낵바 안마의자 공기청정기밖에 없는 야근/퇴사 압박 회사""","
오전 오후 한번씩 쉬는 시간 있어요,근처에 먹을곳이 많아요 (식대X 내돈내산),앉아서 일해요, 컴퓨터도 있고요, 화장실도 있어요.
","
1. 매체 비전이 전혀 없습니다. 그냥 콜센터라고 생각하시면 될듯.  2. 안마의자가 있긴 있으나 점심시간에만 사용가능하며, 두자리 모두 지정석처럼 점심시간 전부터 사용하시는 분들이 계셔서 입사이후 단 한번도 사용못해봤습니다.  3. 스낵바는 먹으면 눈치주고 점점 싸고 큰 불량식품 및 과자들로 채워져서 먹을수가 없어요. 그냥 돈주고 과자 사먹습니다. 4. 자유로운 연차 사용이라 했으나, 절대 자유롭지 못하고 팀장님들이 눈치 압박 줍니다. 일주일전에 컨펌 받아야하고 허락이 안되는 경우도 있습니다.  5. 밑에 글 주차비 관련 답글에 주차공간이 많다고 써주셨는데 그걸 얘기한게 아닌데 답변을 이상하게주시네요. 퇴사했으니 뭐 상관없지만 무료 주차공간 안내 받아본적 없습니다. 6. 야근 강요 없다고 하지만 다녀보면 야근 압박 엄청 납니다. 워라벨 전혀없고 야근 한다고 야근수당 주는것도 아님. 7. 영업실적 별로면 퇴사 압박 줍니다. 8. 식대없음. 긴 말 필요? 후기 밑에 달리는 댓글 읽어보다가 헛웃음이 나서 대충 생각나는거 반박해봅니다. 야근 강요 없다고요? 저 다닐때만해도 남아서 DB모으고 가라고 아예 대놓고 그러시는 분도 봤는데, 강요라는 개념이 많이 다른가봅니다. 그나마 장점이라고 내세우실게 스낵바, 안마의자, 공기청정기? 회사 장점이 스낵바에 공기청정기라 참 좋으시겠네요.
","
잘하다가도 못할수도 있는거고, 못하다가도 갑자기 감잡고 잘할수도 있는겁니다. 몇개월 찔끔 지켜보고 도움안되니 나가라고 눈치주고 그렇게해서 내보내면 나중에 결국 이 회사에 남는 사람이 누가 있을까요? 어떤 누가 일하고 싶어할까요? 인과응보 사필귀정입니다.
"
마케팅/시장조사,전직원,경기,2023. 09,1.0,"""마케팅회사라고 알고 들어왔는데 그냥 콜센터에 더 가까움""","
회식 안한다전자레인지가 4개다커피머신이있다컵라면이있다
","
사람보다 숫자 위주 사람귀한걸 모르는거같음기본급이 너무 짜다 업계에서 높은편이라고 말은하는데 아님;그냥 빠르게 판단해서 다른곳 경력 쌓는데 인생에 더 도움됨
","
왜 채용이 되지 않는지뽑아도 오래가지않는지 에 대해서는 고민을 안하시는듯?
"
마케팅/시장조사,전직원,경기,2023. 08,1.0,"""그냥 TM수준 영업회사식대 없고주차비 지원 없고야근 수당 없는데 야근많음""","
듀얼모니터다 마우스 키보드 준다 화장실가깝다비교적 젊은 연령층 사람들듀얼모니터
","
주차지원 없다 식대 없다 그냥 수당 없다 다 없다업무집중시간? 이라는게 있는데 쓸데없음정규직 전환조건 까다로움전환되도 기본급 낮음성과급 없음근데 식비 야근수당 주는척 급여명세서에는 기본급에 찢어서 들어가있음ㅋ
","
그냥 이대로라면 일했을때 있던 사람들 전부 다 나가지않을까 생각함조금 새로운 변화가 필요해보임힘내십쇼
"
영업/제휴,전직원,경기,2023. 08,1.0,"""전화 영업하는 회사입니다마케팅 관련 없고 하루종일 전화만해요""","
화장실있음 책상있음 의자 많음무선 마우스 키보드 내돈내산해서 쓸수있음
","
3개월 6개월차에 사람 쉽게 자릅니다당연히 권고사직아니고 스스로 그만두도록 계속적으로 압박을해요......남아있는 사람들은 일을 잘하는 사람들이 아니라 운이 좋은 사람들마음에 안든다는 이유들도 말이 안돼요매일 면접보고 사람들 맨날 퇴사합니다다른 직장과 입사를 고민중이라면 다시 취업준비하실바에 그쪽으로 가세요다니면서 기름값 주차비 식비가 아까워요야근수당안주는데 야근시키고업무시간에 졸아도 매출잘하면 열심히 하는 사람입니다제가 다녔던 회사중에 가스라이팅 최고봉입니다밑에 왜 좋은 후기들이 많은지 도통 모르겠어요 회사에서 쓰라고 한건지도..
","
직원들 이렇다저렇다 사적 평가하고 퇴사율이 높은건 이유가 분명 있습니다이유를 직원들에게 찾지마시고 회사에서 찾아보세요
"
마케팅/시장조사,전직원,경기,2023. 08,1.0,"""인생을 바쳐서 열심히 회사에 기여하고 싶다면 추천.노력 대비 보상에 대해선 각자 기준이 다르겠으나 아무튼 노력하면 언젠가 돌아올 수 있음""","
1층 인테리어가 예쁘다회의실이 나쁘지 않다화장실이 나쁘지 않다회식 좋아한다면 저녁값을 잘 아낄 수도 있다.
","
콜 영업을 해야 하니 안 맞는 사람은 힘들 수 있음자차가 없다면 회사 위치가 불편할 수도 있음회식 강요가 싫으면 매우 불편할 수도 있음
","
경영 철학과 방향성이 확실해서 잘하시고 있다고 말씀 드리고 싶네요다만 퇴사자들한테 조금 더 잘해주세요.
"
마케팅/시장조사,전직원,경기,2023. 08,4.0,"""전체적으로 연령대가 어린 편임. 마케팅분야라고 하지만 사실상 전화영업을 많이 하게된다고 보면됨""","
사람마다 다를 수 있겠지만 금전적인 욕심이나 목표가 있다면 자신의 역량에 따라서 많이도 벌 수 있는 구조임.  팀이 나눠져 있지만 일은 개인적으로 하기 때문에 사람간의 스트레스는 다른 회사보다 적을 수 있음.
","
영업에 대한 압박이 다른 영업직군 보다는 없다고 느낄 수 있지만 사실 누가 뭐라고 하지 않더라도 압박을 받을 수 밖에 없는 시스템임. 전화로 하는 영업이 맞지 않는다고 느끼면 비추
","
솔직히 더 바라는 점은 없음. 직원 입장에서 신입사원이 자주 퇴사하는 것에 대해 불만이 있을 수 있겠지만 시스템상 어쩔 수 없다고 생각
"
마케팅/시장조사,전직원,경기,2023. 08,1.0,"""식대× 워라벨× 비전×은 없지만 사무실이 깔끔하고 예쁜 회사""","
친해지려고 안해서 좋음 개인 주의회식 별로 없음사무실 2층이라 흡연장 가까움
","
되는 사람들만 된다다 같이 야근하는 분위기임강요는 안하지만 거의 칼퇴 없는듯야근 수당도 없음식대없고 주변에 밥 먹을 식당이 없음꼰대분위기에 경쟁 붙이고 압박 있는편하루종일 전화로 영업하는건데 잘 안받음다들 이미 친한 분위기고 신입사원을 따로 챙겨주진 않음알아서 잘 버텨라 식
","
비전있는 일을 계속해서 찾아야할듯하다.돈이 없어 기다려주지 못 하면 인재는 없음. 고로 기업도 성장할 수 없다.
"
마케팅/시장조사,전직원,경기,2022. 07,5.0,"""사람답게 일하는 곳이에요. 인간적인 신뢰가 있어서 사람 때문에 스트레스는 받지 않습니다만.. 마케팅으로 성장할 수 있을지는 미지수""","
다닐때는 장점인 줄 몰랐는데 퇴사 후 두세군데정도 이직해보니 인간관계에서 오는 스트레스가 얼마나 회사를 다니는데 큰 영향을 미치는지 알 것 같아요. 제가 그런 회사만 골라다녀 그런것인지도 모르겠지만 20-30명정도 되는 마케팅 관련 회사들은 대부분 신입이 들어와도 멀뚱히 앉아 있다가 시키는 일 주어지는 것들 구글링하면서 찾아서 하는곳들이 많은 것 같아요.(사수없거나 상세하게 알려주지않음) 적어도 여긴 욕하거나 안알려주거나 뒤에서 속닥거리는 분위기는 아니었습니다. 오히려 팀장님들과 다른 직원분들이 너무 잘 도와주고 교육해줬는데 사람을 대하는 태도가 기본적으로 좋아서 그랬던 것 같아요.
","
추구하는 사업분야가 오픈마켓 키워드 광고에 한정되어 퍼포먼스마케팅이나 바이럴마케팅 쪽으로 성장할 기회는 없어요. 광고주를 만들기위해 전화를 계속해서 하다보니 광고회사보다는 콜센터라는 느낌을 받아요. 전화에 부담을 느끼지 않으시는 분이라면 상관없을 것 같지만 개인적으로는 단점으로 느껴졌어요.
","
첫 직장이었다 보니 인사하는 것도 어려웠는데 입사했을때 받은 신입교육이 지금도 도움이 되고 있습니다. 다니는 동안 잘 챙겨주셔서 감사했습니다.
"
마케팅/시장조사,전직원,경기,2022. 07,3.0,"""마케팅 처음 배우기에는좋은곳. 1부터 가르친다는마인드이고 멘탈좋고잘버티면 좋다""","
간식창고있고 금요일6시퇴근 수요일점심 한시간반.사무실 아기자기하고 예쁨
","
영업과 실적이 최우선. 하루종일 전화돌리는 업무가90%이상이라고보면됨. 팀바이팀 분위기.
","
꾸준히 직원들과 소통하려고 노력하는 모습도 보이고 발전하려는모습이 보임. 하지만 워라벨중시하는 요새 직원들도있다보니 그부분만 잘하면좋을듯
"
마케팅/시장조사,현직원,경기,2022. 07,4.0,"""경력학력나이에 구분없이 마케팅을 시작해보고 싶은사람에게 기회를 주는곳입니다.""","
신입사원이면 어떠냐 모르는게당연하다 라는 공고를보고, 막연히 마케팅을 해보고싶다 라는 생각에 지원했는데, 입사후 진행된 기본교육부터 팀장님들이 1:1로 광고셋팅 영업활동등에 알려주시는것들이 많습니다. 동료직원분들도 최대한 많이 알려주고 도와주시려고해서 의지가 많이 되는 편입니다. 최근 반반차도 생기고, 매월 프로모션으로 지원되는 부분들도 늘어나는중이라 복지부분에서는 개선해나가려는 부분들이 많은것 같습니다.
","
업무강도가 높은편입니다. 광고제안을하기위해 하루 150통의 전화를 하는데 전화를 받지않는게 대부분이다보니 힘이 빠지는 경우가많습니다. 전화를 받아도 영업이 성공하기 쉽지않아 일에 보람을 느끼는건 좋으나 달성까지가 힘든편입니다.
","
매체 확장이 더 빨리 이루어지면 좋겠습니다. 지금 기대하는 기준이 너무 높은것 같습니다.
"
마케팅/시장조사,전직원,경기,2022. 06,3.0,"""첫 직장으로 좋지만 그 이상 아닌느낌입니다. 경력을 위해서라면 추천드리지만 이 직종과 업종에 관심이 없다면 추천드리지 않습니다.""","
처음 적응하기에 좋습니다. 다른 신입분들도 많아 서로 도우며 할수 있으며 나이대가 다들 어려 친하게 지내실 수 있습니다.
","
처음 직장으로 좋지만 오래다닌 분들도 많이 없으며 해당 업종관련 직종을 꿈꾸시는것이 아니라면 추천드리지 않습니다.
","
따로 없으나 회사의 비전이 더 나아졌으면 합니다. 장기근무 할수 있는 분위기가 되어야 발전할수 있다고 생각합니다.
"
마케팅/시장조사,전직원,경기,2022. 05,3.0,"""마케팅 사람과 소통을 하고싶고 스킬을 배우고 싶은 사람들은 추천""","
연차사용시 눈치 보지 않고 사용할 수 있으며 그거말곤 모르겠음
","
콜센터 수준의 영업으로 나뉘는 업무와 보고서 제출 등 비효율적
","
직원들과의 소통이 필요할거 같고 업무 체계가 바뀌어야함
"
마케팅/시장조사,현직원,경기,2022. 05,5.0,"""인센티브나 급여에 욕심이 있으면 일한만큼 보상해주는편교육과정이 괜찮은 편이라 무경력자들 많이 옴""","
입사 후 교육시스템이 잘 되어 있고 1:1 멘토링 시스템으로 운영됨. 회식없고 본인업무만 마무리하면 칼퇴가능. 눈치안보고 연차사용가능
","
입사 초반에는 반복적인 영업일이 지칠 수 있다. 스스로 일을 털지 못하면 쌓이는 구조
","
리프레쉬 휴가 늘려주세요~~~마사지기계 늘려주세요~~~
"
마케팅/시장조사,현직원,경기,2022. 04,5.0,"""동기부여와 비젼제시가 확실해서 일을 하면서 목표가 흔들리지않아 성취감을 느끼며 다니기 좋은 회사 !""","
주1회 수요일 점심시간 1시간 30분.매주 금요일 전 직원 30분 일찍 퇴근.소통의 일방통행이 없음.사내 분위기가 밝아 좋은 에너지를 받음.종류가 다양한 스낵바&음료냉장고 설치되어있어 음료 및 스낵 좋아용!고스펙이 아니여도 업무지원 및 기회제공!처음엔 업무가 익숙치않다보니 낯설고 어려우나 익숙해지면 버티기잘했다 생각들어서 결과가 좋을것같은 회사.노력이 뒷받침된다면 개천에서 용 난다 실현가능!
","
전체적인 분위기는 좋으나 이끈다는 느낌보다는 따라올거면 따라오고 아님말고 분위기여서 끙끙 앓는 사람들은 버티기 어려움.각자의 일만 하는곳이다보니 팀에 대한 소속감 회사에 대한 소속감을 느끼긴 어려움.
","
입사한지 얼마 안되서 만족스럽게 신나게 다니고있습니다.
"
마케팅/시장조사,현직원,경기,2022. 04,5.0,"""사람이 좋은회사. 업무는 각자하지만. 함께하는사람들과의 유대감으로 일하기 좋은회사""","
회사내 정치질 없는게 좋아요. 업무성과도 본인이 모두 일한만큼 챙길 수 있고, 인사고과를 누구잘주고 누구안주고 친한사람안친한사람 편나누기없는 분위기. 기본적인 복지는 어디가든 비슷하겠지만 사람때문에 스트레스안받는거 만으로도 좋아요. 각 종 프로모션으로 받게되는 혜택들이 상당히 많음.(연차/상품권 등)
","
인센티브받기까지 시간이 걸림. 초반에 어렵다고느꼈던 업무들이 시간지나서 비교적 쉬운업무가 되었는데 더 어려운 업무들이 생김. 회식도 코로나때문인지 잘 안함
","
프로모션을 더 많이 만들어주었으면 함.
"
마케팅/시장조사,현직원,경기,2022. 04,4.0,"""가치를 아는사람에게는 최고의 회사. 타 회사들 경험한 사람으로써 이만큼 편하게 해주는곳 도 없었다.""","
신입 입사 후 1주일간 교육받고 업무에 투입외었음. 적응기간동안 수정할 부분을 팀장님이 잘 알려주심. 내 광고주 관리만 하면되고, 일 돌려막기 다른사람 애 대신 떠맡기, 성과 가로채기 같은 불합리함 없음. 다른회사 몇군데 다녀보고 왔는데, 업무적인 사람 스트레스 없는거 장점.
","
신입 계속 뽑음. 2년만에 인원 두배 늘었음. 사람이 늘다보니 이것저것 지켜야할게 많아짐 ( 자꾸 가이드, 규정 같은거 만드는데 솔직히 뭐가 자꾸 생겨서 불편함) 잡플래닛 리뷰신경 좀 안쓰면 좋겠음. 적응못하는사람은 이유가 있는건데 팀장님들도 바빠서 힘든게 보이는데, 낮에 내내 신입들 케어한다고 시간 쏟다가, 본인 일하느라 야근하는거 보면 애쓰는게 안타까움.
","
신입 채용에 신경쓰는만큼, 기존 직원들과의 커뮤니케이션도 하면 좋겠음. 우리도 아직 신입인데 신입 케어하느라 회식도 점심 밖에 없으니 편하게 얘기할 기회가 없음.
"
마케팅/시장조사,현직원,경기,2022. 04,5.0,"""1년만 버티면 생활이 만족스러울 수 있는회사, 단 목표없이는 1년을 버티기가 쉽지않음""","
자격증 취득응시료 지급도해주고 봉사활동이나 다양한 사회활동에도 관심을 갖고있는 듯.업무대비 인센티브에대해 회사수익이나 기타 등등으로 빠져나가는비율이 적은듯함 직원들에게 많이 배려해주려는 노력은많이하는듯.비슷한 시기 입사하면 대부분 또래라 같이 다니기때문에 재밌기도함
","
1년에서 1년반만 버티라며 매번 팀장님들이 이야기하지만 버티기가 쉽지않음오래 있던대리님들이상 이야기들 들어보면 많이 안정되긴했지만  매일 반복되는 DB수집과 콜업무에 광고셋팅하고 리포트쓰다보면 시간이 순삭됨.
","
바이럴광고나 영상등 다른매체로 확장하려는 노력도 해주었으면함. 키워드광고만 진행해서 다소아쉬움
"
디자인,현직원,경기,2022. 03,4.0,"""영업관련 일이라 일은 힘들지만 노력한 만큼 보상이 확실한 곳""","
직원의 노고를 아는 회사. 노력하는 직원을 아는 회사. 힘들때 손을 잡아주는 회사.
","
친절하지만 먼저 다가가지 않으면 서먹서먹한 분위기. 영업 업무 특성상 높은 업무 난이도
","
업무가 힘든 만큼 채감할 수 있는 복지가 조금 더 있었으면 좋겠다.
"
영업/제휴,전직원,경기,2022. 03,1.0,"""근무환경과 교육 담당해주시는 팀장님만 좋습니다. 그 외에는 사실 잘 모르겠네요.""","
자유롭게 간식을 먹을 수 있지만 종류가 많지는 않아요. 사실 요즘 광고대행업계는 대부분 근무환경이 좋은편이라 글루온도 마찬가지로 답답하지 않는 인테리어와 탕비시설이 잘 되어 있습니다. 직원들끼리 서로 인사하는 분위기가 형성되어 있어 대체적으로 사이가 원만합니다.수요일 점심시간 30분 연장, 금요일 30분 조기퇴근으로 주 39시간 근무입니다.
","
효율적인 복지제도가 없습니다. 식대가 지급이 안되는데 턱 없이 부족하고, 수면실이 2실 밖에 없어요. 대부분 야근을 하는 분위기가 형성되어 있습니다 . 또, DB수집 같은경우에는 주말에 해놔야 평일에 콜 수를 채우기 때문에 주말까지 일하는 기분이 들어요. 그리고 각 부서별 팀장님들 기대치가 너무 높습니다. 신입을 뽑았고, 3일 교육을 했는데 너무 많은걸 바라시고 궁지로 내몹니다. 뒤에서 얘기하시는 것들은 제가 관여못하지만 피드백은 1대1로 진행하시는편이 나으실듯합니다.
","
업무에 투입되었다고해서 신입사원이 바로 주어지는 업무량을 완수할 순 없습니다. 신입사원에게 필요한건 채찍이 아닌 당근입니다. 하나의 업무를 반복해서 적응하고 일대일 피드백을 받는 방식이 나을듯합니다. 신입사원은 적응기간이 필요합니다. 그 기간에 부담을 갖지 않아야 역량을 펼칠 수 있다고 생각해요. 하지만 단기간에 효율을 내라고 하다보니 퇴사자가 늘어난다고 생각해요. 어느 회사든 어느 부서든 마찬가지입니다. 입사동기가 동시에 퇴사하는 일이 왜 있고 왜 신입들이 기가 죽어 다니는지 생각해보시고 개선이 필요합니다.
"
마케팅/시장조사,전직원,경기,2022. 03,3.0,"""사무실 구조 및 시설은 좋지만 대행사에서 늘릴수 있는 마케팅적 역량의 경험으론 다소 부족""","
지금은 어느 회사나 있는 스낵바지만 없는 곳도 많으니 장점
","
마케팅다운 마케팅 보다는 콜영업 위주의 업무로 마케팅을 배우고 싶다면 비추지만영업관련해서 재능이 있다 싶으면 나름 괜찮음
","
마케팅 관련하여 콜영업 위주가 아닌 디지털 마케팅의 역량을 늘릴수 있는 업무 방향을 지향하는 것이 좋을 것 같음
"
마케팅/시장조사,전직원,경기,2022. 03,3.0,"""끝까지 끌고가려는 의지가 없음 직원 90프로가 야근하는 분위기라 눈치보임""","
회사는 깨끗하고 간식도 준비 잘 되어있음 자리도 깔끔한 편이고 안마의자도 있음
","
주5일중 주4일은 야근이라고 생각하면됨 직원들 대부분이 야근을 지양해서당연히 신입들은 눈치보며 따라할수밖에 없는 구조 또한 업무집중시간에너무 힘듬
","
가르쳐주는 방법이 조금 바껴야할 것 같음 교육은 너무 좋으나 한순간 완벽해지고실적을 쌓기 힘든 구조
"
마케팅/시장조사,전직원,경기,2021. 11,5.0,"""지속적으로 성장하는 기업, 본인의 의지와 끈기가 있다면 본인 성장도 할 수 있는 곳.""","
연차 자유, 깔끔한 사무실, 수평적인 사내문화, 신입사원 피드백 시스템, 직원분들이 친절함.위 처럼 다양한 장점이 있으며 그중 인센티브와 기본급이 높은편에서 최고의 장점이라고 생각함.
","
아직까지 지역적 특성상 교통편이 좋진않지만 지속적인 지역발전으로 교통편이 좋아진다면 좋을 것 같다.
","
비록 퇴사했지만 지금처럼 뿐만아니라 앞으로 더욱 성장하는 기업이 되길 응원하겠습니다!
"
영업/제휴,현직원,경기,2021. 11,1.0,"""텔레마케팅 영업영업과 광고관리를 같이 한다""","
복장 자유 //개인 자리 있음 //깔끔한 사무실 //동종업계 대비 살짝 더 높은 기본급 //미숙해도 열정을 보이면 직원이 성과낼때까지 기다려 줌 //
","
과도한 업무량 //과도한 업무시간 (주 70시간 이상)//매주 1회 이상 택배 상하차 (퇴근시간 이후) //야간 및 시간 외 근로수당 없음 //동종업계 대비 낮은 인센티브 //연차 없음 (형식적으로 있지만 절대 쓸수없는 분위기 코로나 아닌 이상 쉴 수 없음) //
","
바라는 점은 없습니다.기업을 이끌어나가는 것은 전적으로 대표의 몫이라고 생각합니다.불만이 있다면 회사를 떠나면 된다고 생각합니다.회사에 불만이 있는데 떠날 능력이 없다면 회사에 불만사항을 수용해달라 요청하기보다는 절치부심하여 이직을 위해 노력하는것이 옳다고 생각합니다.
"
영업/제휴,전직원,경기,2021. 09,3.0,"""같이 일하는 사람들이 착하고 좋은 편이나 연봉이 그걸 못견디게함""","
눈치없이 퇴근할수있음. 연차 아무때나 쓸수있음. 금요일 30분 일찍 집에 감.
","
기본 연봉이 엄청 짠편. 대부분 개인플레이 근무 방식.
","
기본 연봉을 많이 올려주길 바람. 그 외엔 딱히 없음.
"
영업/제휴,전직원,경기,2021. 09,2.0,"""광고회사를 기대하고 들어왔지만 , 사실상 업무는 전화 텔레마케팅""","
사무실이 이쁜거..? 그리고 사람들이 수평적이며 착하다 스낵바가 있다 이정도
","
광고 제작을 기대하고왔는데 사실상 사업가들한테 전화돌려서 광고해달라고 전화 텔레마케팅, 퇴사율이 상당히 높은거 같다
","
신입들에게 무작정적인 결과를 가져오게하지말고 효과적으로 교육을 해줬으면 합니다.
"
마케팅/시장조사,전직원,경기,2021. 08,5.0,"""정말 이 회사의 일원이라는 대우를 받으며 일할 수 있는 곳입니다.""","
신입들을 위한 교육시스템이 체계적으로 잡혀있어 처음 업무를 시작하는 사람들도 잘 적응할 수 있도록 해주며 직원의 복지를 잘 챙겨주어 언제나 갈아치울 수 있는 소모품이 아니라 회사의 소속감을 가지고 업무에 임할 수 있게 해줍니다.
","
입사전까지 생각했던 업무와 입사 후 진행하게 되는 업무의 차이가 있어서 문제가 되었었습니다.
","
근무한 시간이 짧아 자세히 몰라 바라는 것이 없습니다.
"
마케팅/시장조사,현직원,경기,2021. 08,5.0,"""사내 복지가 정말 좋았습니다. 업무 성과에 대한 인센티브도 굉장히 확실해서 좋은 것 같아요!""","
연차를 쓰는데 눈치 볼 필요가 없어서 좋았습니다. 덕분에 여러군데 여행도 다닐 수 있어서 굉장히 좋았구용. 사내 복지도 기업 규모 대비 정말 좋아서 대표님이 가끔씩 왜이러시나 싶으실 정도로 복지에 신경을 잘 써주세요! 일한만큼 인센티브도 확실해서 업무에 자꾸 욕심을 내게 되네용 ㅋㅋㅋ 칼퇴는 당연한 분위기가 조성되어있어요!
","
제가 수원에 거주하고 있는데 교통편이 조금 불편한거 빼곤 없는 것 같아요!
","
많은 걸 바라지 않아요 지금처럼만 초심 잃지 않고 직원들을 대해주시면 감사하겠습니다!
"
마케팅/시장조사,전직원,경기,2021. 07,1.0,"""열심히 사는 사람들이 바글바글, 버티는 사람만 살아남는 회사""","
젊은 대표에 대부분 2030이라 좀더 빠르게 적응할수 있음
","
모든걸 돈으로만 생각하는 대표 , 이에 맞춰 직원들은 기계적으로 일해야함
","
매출에 대한 압박이 너무 심한거 같음 멘탈이 아무리 좋아도 버티기 힘들듯
"
마케팅/시장조사,전직원,경기,2021. 07,1.0,"""광고 마케팅보다는 콜영업이 업무의 90%이상 다소 스트레스가 많음""","
사무실이 깨끗함 탕비실 스낵바가 좋았다 업무는 영업한만큼 보상을 받는다는거 이외는…
","
동탄이 교통이 불편함 영업스트레스가 많음 콜영업이라 스트레스농도가 높다
","
딱히없습니다 구성원들에게 압박을 덜 줘도 괜찮을거같아요
"
영업/제휴,전직원,경기,2021. 07,4.0,"""전형적인 영업조직.모든 영업이 그렇듯, 나쁘지는 않았지만 힘은 든 회사.  멘탈 강하신분들 추천. 참고 버틴다면 비전은 잇을 듯.""","
스낵바, 음료 냉장고, 연령대가 젊음.  회식 거의 없음.수요일 점심시간 30분 추가. 금요일 30분 일찍 퇴근. 자율 복장.
","
처음 입사하면 일이 힘듬.  일반적인 영업직 회사들과 비슷.처음에는 실적 눈치도 보이고, 적응하는데에 적지 않은 시간이 듬. 멘탈이 강해야 함
","
전형적인 영업 조직이라, 개개인이 각자 해야 하는 일들이라 대부분이라 회사 경영진에 바라는 점은 딱히 없음
"
마케팅/시장조사,전직원,경기,2021. 06,3.0,"""팀장의 계약 압박과 눈치 심함  ㅜㅜ회사 겉멋만 좋은 회사""","
회사 깨끗함 화장실 깨끗함 스낵바있음 하지만 자리에서못먹으 먹고 올라가야됨
","
압박 심하고 워라벨 보장 안됨 야근이 일상 참고로 야근수당은 없습니다
","
신입 직원이 자꾸 바뀌는 이유를 생각해주세요
"
마케팅/시장조사,전직원,경기,2021. 06,3.0,"""누구나 한번쯤 접해보기 쉬운 직장. 첫직장으로 많이들 들어옴""","
복지가 다른직장에 비해 뛰어남. 초봉도 나쁘지않음. ㅇ
","
성과급이 너무 적음. 일이 재미가 없어서 관두는 사람들이 많음.
","
성과급을 올려주시면 직원들이 일을 더 열심히 할수있을거같아요.
"
마케팅/시장조사,전직원,경기,2021. 06,2.0,"""내가 생각했던 업무랑 많이 틀려서 업무를 하다보면 간혹 현타올 때가 많은 기업인 느낌이다.""","
근무 환경이 깨끗하고, 선임들 친절함. 초반 1년만 버티면 된다고 하는데 이게 맞는건지 의문이긴하나 1년 버티면 그 이후에는 돈은 많이 벌 수 있어 워라벨 별로 상관없는 사람들에게는 좋은 기업.
","
전화영업이랑 DB모으는게 주 업무인것 같고, 주말에도 하루종일 DB만 모으고 있어서 내가 모하는건가 싶은 생각이 듬. 비슷하게 들어왔던 동기들 2주 안에 다 퇴사했고, 제일 오래버틴 사람이 한 달임.
","
입사 후 면담할 때 해주신 말씀 아직도 기억하고 있습니다. 정말 멋있는 분이신것은 맞으나 신입 교육 시스템 개선이 필요하다는 생각이 듭니다.
"
마케팅/시장조사,전직원,경기,2021. 06,1.0,"""겉과 속이 다른, 배려심 전혀 없는 이기적인 회사 글루온""","
스낵바 , 수요일 점심시간 30분 연장 , 금요일 30분 일찍 퇴근
","
상사들이 매우 기분파임 본인들도 그걸 알면서도 개선하려고 하는 방향이 없음 업무상 스트레스 압박을 심각하게 줌 회식이나 워크샵 자유화 라고 하지만 눈치주며 반강제식이고, 술권유 안한다 하지만 분위기 파악 못하면 눈치줌 야근도 거의 강요함 모든게 윗사람 기분에 맞춰져있음 술자리에선 뒷얘기 무조건 함 사람보다 돈이 우선적임 직급이 높다고 자유로 자리 비우는 시간이 많음 대표 기준 하나라도 어긋나면 모든 직원들 다 불러놓고 잔소리함 성실하고 의지 강한사람보다 일잘하고 돈 많이 버는 사람 좋아함 그게 제일 우선적임 직원들을 짐승만도 못하게 생각함 따뜻함 배려심 따위 없음
","
매사 기분대로 행동 하시는데 본인도 알면서 제발 고쳤으면 하네요 또 다른 직원들이 피해볼까 안타깝네요 ㅋ
"
마케팅/시장조사,현직원,경기,2021. 06,5.0,"""사람들간 분위기가 좋고개인업무만 할 수 있어서 좋음키워드마케팅과 영업에대한 체계적인 교육이 이루어짐""","
입사하고 교육을받고 팀배치가되는데팀배치가되고나서도 수습기간동안은 팀장님이 관리해줌영업직에서 전화내용이나 업무방법까지 1대1로 알려주는회사는 처음이라 신선했음매출이안오르면 팀장님들도 같이 남아서 고민해주고 알려주심실적만잘내면 별다른 간섭도없음
","
실적이 안나오면 스트레스주변에 밥먹을데가 없음 구내식당 질림 스낵바에 컵라면이 있긴한데 채워지기만하면 1주일내에사라짐컵라면을 더 보충해줬으면좋겠음
","
별로 바라는것은 없음야근하는경우 야근수당 주면 좋겠음
"
마케팅/시장조사,전직원,경기,2021. 06,1.0,"""사람보다 돈이 우선적인 회사 , 기분파인 상사들과 함께 해야하는 쉽지 않은 기업""","
수요일 점심시간 30분 연장 , 간식제공 , 인테리어가 예쁘게 되어 잇음
","
점심식사 지원 없음 야근 강요 안한다고 하지만 항상 눈치봐야함 회식 할때도 술강요함 안하면 분위기 파악 못한다고 눈치줌 그리고 상사들이 매사에 기분파임 본인들도 알면서 절대 개선안함 대표가 생각하는게 사람보다 돈이 우선적임
","
대표 뿐만 아니라 상사들도 어른이면 기분이 나쁜건 좋건 본인 기분 대로 행동하는건 삼가 했으면 좋겠네요 그리고 직원들에게도 압박을 너무 주시지 않았으면 하네요 본인들이 말하는 말하나하나도 상대방에겐 큰 상처 라는걸 아셨으면 하네요 직원들 많아졌다고 대기업 따라 하지말고 융통성 있게 운영 하시길
"
기획/경영,전직원,경기,2021. 03,5.0,"""개발자가 대우받으며 보람차게 일할 수 있는 곳. 다양한 개발환경을 경험하고 서버와 클라 양쪽에서 커리어를 쌓고 싶으면 추천""","
연차를 눈치 안보고 사용 가능. 교육이 무료로 진행되고 식사까지 제공. 분위기도 화목하며 업무 분담 체계가 잘 이뤄져있음
","
보고를 위한 문서 작업이 많은것이 비효율적. 복지제도는 다양하고 좋지만 실질적으로 사용하는것은 매우 한정적임
","
직원들의 불만과 사정을 듣지만 말고 들어주고 실행 해줬으면 좋겠음
"
마케팅/시장조사,전직원,경기,2021. 03,2.0,"""홍보들은 결국 대단하게 적어놨지만 결국은 콜센터 키워드 광고나 캠페인 운영도 별로 못하고  전화하는 시간이 압도적임""","
사무실과 운영되는 스낵바등 사무실이 잘 꾸려져있음. 인테리어와 사무실만 보면 출근하고 싶은 욕구가 셈솟음. 다만 그게 전부라는 것이 안타까움.
","
요즘엔 어느 회사나 있는게 스낵바이며 마케팅을 빙자한 콜센터 직무라는 것이 가장 큰 단점.서울에서 거주한다면 다니지 않는 것을 추천 일보다도 출퇴근이 엄청 유동적이고 srt타자니 교통비가 월급의 50% 정도 소진 됨.
","
영업도 중요한 요소중에 하나지만 마케팅이라면 커뮤니케이션과 키워드 광고를 운영하는 실무를 경험하는 시간을 늘려줘야 할 것 같음.. 무조건 전화와 영업양만 늘린다고 좋은게 아닌거 같음.
"
마케팅/시장조사,전직원,경기,2021. 03,3.0,"""젊은 사람들이 많고 기업 성장가능성이 있음""","
나이가 적고 외향적이면 기업문화가 잘맞음 대표님 팀장님이 인간미 있음
","
영업업무인 만큼 실적압박이 있음 야근수당 없음 퇴사자들이 생길때마다 분위기가 난감함
","
개인적으로 모든 면담에서 좋았던 기억이 있습니다. 음주가무를 좋아하는 젊은 직원들이 많아 내향적인 성향의 신규들에게는 부담스러울 수 있을 것 같습니다.
"
마케팅/시장조사,전직원,경기,2021. 03,2.0,"""콜 영업과 돈이 전부인 회사 글루온채용공고와는 정반대""","
1. 스낵바의 간식2. 키워드 광고 공식대행사3. 인센티브 제도라 콜영업이 자신있고 잘 맞으면 다니기 좋다    (다만 성과 안나오면 정리 각오하고 다녀야함)
","
경영진이 너무 기분파고 직원을 너무 돈으로만 생각하는 분위기콜영업으로 매출 안오르면 정리되는 구조
","
예뻐하시는 직원에게 돌아가는 특혜는 없었으면 합니다.
"
영업/제휴,전직원,경기,2021. 02,3.0,"""노력에 따라 성과는 확실함경력없는 신입사원에게도 빠른 성과를 요구함""","
나쁘지않은 복지 모나지 않은 사람들철저하게 개인업무에 치중노력에 따른 보상 확실
","
철저한 개인업무로 인한 대인관계 형성 어려움오래 근무하면 칼퇴는 거의 불가능단기간 근무 후 퇴사자 많음고인물도 많음
","
더욱더 좋은회사 만들어서 더욱더 번창하시길 바랍니다화이팅
"
영업/제휴,현직원,경기,2021. 01,4.0,"""영업을 잘하면 인정받고 다닐수있고 영업직이 안맞다면 버티기힘듬""","
수요일점심시간 한시간반금요일30분일찍퇴근내 업무(영업 매출)만 좋으면 인정받고 다닐수있음
","
영업실적에대한 압박.영업실적이떨어지면 큰 부담이됨..   신입들에게 아니다싶으면 팀장선에서 퇴사권유
","
아직 입사한지얼마안된 신입들에게 영업능력등의 이유로 퇴사권유보다는 잘 가르쳐서 오래다니게만드는게 좋을듯.
"
마케팅/시장조사,현직원,경기,2020. 12,4.0,"""차근차근 체계를 갖춰가며 도약을 준비하는 회사""","
20~30대 위주의 젊은 분위기로 사내 분위기가 좋은편스스로 목표를 갖고 일한다면 좋은 대우(연봉)를 받을 수 있음텃세? 같은게 없어 적응하기 좋은 편스낵바의 각종 간식과 음료 굿!
","
동탄이라는 위치가 좀 애매할 순 있는데 집 가깝고 자차있으면 큰 문제는 아님신도시라 주변 상권이 아직은 좀..
","
정도를 걷는 기업문화가 끝까지 지속될 수 있도록 최선을 다해주세요
"
마케팅/시장조사,현직원,경기,2020. 12,4.0,"""성장하고 있는 검색광고마케팅 전문회사""","
온라인쇼핑몰의 키워드 광고를 체계적으로 배울 수 있으며 멘토링 시스템이 활성화 되어 있음.  회사규모를 확장하고 있으며 E커머스 시장에서 발전가능성이 많은 곳임. 오픈마켓의 구조와 쇼핑트렌드를 읽을 수 있는 눈을 키울 수 있으며 관련 분야 진출 범위가 넓은 편임.  영업전화를 통해 신규광고주를 유치하고 키워드 광고를 운영하면서 개인 매출액을 늘리는 프로세스. 오픈마켓을 키우고자 하는 셀러들을 대상으로 영업하기 때문에 영업의 난이도는 괜찮은 편. 입사 후 초기 1년이 관건. 보통 1년 정도 지나면 인센티브 구간을 돌파하여 일하는 만큼 버는 구조를 만들 수 있음. 직원들의 역량을 강화할 수 있도록 지원을 아끼지 않으며 개인의 노력여하에 따라 많은 인센티브를 받을 수 있을 곳.  기본적인 말센스, 업무센스가 있으면 잘 적응할 수 있음. 사무실 인테리어가 잘 꾸며져 있으며 안마의자를 이용할 수 있는 휴게공간이 마련돼 있음.  스낵바가 있어 음료와 스낵류를 자유롭게 이용할 수 있음.  연차사용이 자유로운 편.
","
프리라이더, 적당히, 대충 일하기를 원하는 사람에게는 안 맞는 회사.   광고주가 늘어나면서 업무량이 점점 많아지기 때문에 스케줄 관리를 못하는 사람은 어려움을 느낄 수 있음.  영업기반 조직이기 때문에 매출의 압박이 있을 수 있음.
","
직원들 역량 강화를 위한 교육 시스템을 계속해서 발전시키면 좋을 것 같습니다.
"
마케팅/시장조사,전직원,경기,2020. 12,1.0,"""사무실 인테리어에 반해서 꿈의 회사라고 잠시 착각했다 아무리 일해도 일이 줄어들지 않음 개인역량이 중요한 기업""","
직원복지가  훌륭함 안마의자(쓸 시간이 없어서 써보진 않았지만), 간식창고, 커피머신,  휴게실, 탁구칠 수 있음 , 화장실도 깔끔함, 건물이 간지나고 사무실도 굉장히 이쁨 입사욕구 뿜뿜, 일주일간 교육시간 있음팀장님이 음료를 자주 사주셨음업무시간 제외 사내분위기가 좋은 편 입사하면 칫솔이랑 수첩 노트 등등 웰컴선물처럼 책상에 올려져있음
","
-가장 힘들었던 건 업무가 무제한이라는 점,, 광고주들 컨택용 DB (데이터베이스)를 계속 모아야함 그 모은 DB들로 오전과 오후에 전화를 돌려야하기 때문에 출근시간보다 1시간빨리와서 모으고 야근을 하면서 계속 모아야함 야근이 대게 없다고 하시지만 칼퇴 분위기가 절대절대 아님 눈치보고 한 두명 일어나면 그제서야 감 일하느라 9시까지 혼자 일한 적도 있고 제일 먼저 출근해서 업무준비를 해놓았지만 체력적으로도 정신적으로도 너무 힘들어 버티기 어려웠음-식대가 따로 나오지 않다보니 대게 도시락을 싸서 먹었음 -마케팅이라고 입사했지만 잘 알아보지 못한 내탓도 있겠지만 대게 신입들은 전화 90% 마케팅10%임 -하루 목표 전화량이 정해져있으며,  광고주를 잡지 못하면 그 하루는 정말 우울모드임 ,, 팀장님이 어떤점이 문제인지 알려주시면서 내가 한 통화를 여럿과 같이 들어본 후 피드백해 주심-개인 핸드폰으로 광고주들과 연락해야할 일이 많이 있어서 아주 불편함 모르는 번호도 다 받아야하고 휴일에도 연락옴 ㅜㅜ
","
바라는 점은 없어요 체계자체는 정말 잘 잡혀있어서 개인이 버틸 수 있다면 돈도 많이 벌고 좋을 것 같습니다.
"
마케팅/시장조사,현직원,경기,2020. 11,5.0,"""차근차근 온라인광고에 대해 배우고 싶은 분에게 추천, 젊은세대로 이루어져 기업문화는 좋으편""","
간단한 스낵바와 음료창고가 있어 언제든지 자유롭게 먹을수 있음, 1층에 카페처럼 되어있어 점심시간에 따로 카페 안가도됨, 안마의자도 있음,복지는 좋은편이고 야근강요는 없으나 업무상 해야하는 경우는 있음.
","
기업의 단점이라기 보단 업무의 단점으로 야근을 하게되는 경우가 많음, 그치만 본인의 일이니 어쩔수 없음.
","
패밀리데이 등 금요일이나 특정요일이 일찍퇴근하는 날을 만들었음 좋겠다,
"
영업/제휴,전직원,경기,2020. 11,1.0,"""11번가, 쿠팡, 지마켓 등에서 상품을 판매하는 판매자들을 대상으로 영업 활동을 합니다. 텔레마케팅으로 영업을 진행하며 온라인 마켓의 판매자가 결제한 광고비의 일부분을 회사(글루온)가 배분받고 그 중의 일부분을 인센티브로 사원이 받는다.""","
간단한 먹거리가 있는 스낵바업무의 자율성(스스로 해나가야 함, 터치 받을 일 거의 없음)회사 분위기 와 팀내 분위기가 (주관적이지만) 좋은 편 이었음
","
사원의 희생을 강요하는 사내문화사원은 언제든 폐기처분 가능한 도구공부 못해서 이곳에 왔으니 회사가 주는 기회를 잘 활용하라! 라는 암묵적 분위기(물론 회사 입장에서는 아니라고 하실 수 있겠지만 개인적으로 마음 아팠던 부분입니다.)긴 업무시간(평일은 오후 11시, 주말은 오후 6시까지 일해야 맡은 역할 소화 가능)
","
기업의 장단점에 대해 적어보았으나 이것은 회사에서 바꿔야 하는 문제가 아니라 개인의 선택이라고 생각합니다.본인이 성공하길 원한다면 다른사람 보다 더 많이 노력하는 것이 당연합니다. 모든 일이 그렇겠지만 처음에는 힘들고 어렵습니다. 못하는 자기 자신의 모습을 부끄러워하지 말고 그 시간을 견뎌내면 언젠가 좋은 영업인이 될 수 있다고 생각합니다. 4차 산업의 가속화로 온라인 마켓 시장이 점점 커져가는 요즘, 광고영업인은 괜찮은 봉급과 다양한 경험을 쌓을 수 있는 매력적인 직종 중 하나라고 생각합니다.해당 회사에서 경험을 쌓으면 각종 온라인 마켓의 MD로 지원하기에도 유리합니다. 공급자의 입장에서 시장을 바라보는 안목을 기를 수 있기 때문입니다.(MD의 직무와 유사도가 높기도 합니다.)
"
영업/제휴,전직원,경기,2020. 09,2.0,"""복지가 좋은 회사이며 열심히 하면 급여도 좋습니다.젊은 기업으로 분위기 좋습니다.""","
젊은 기업으로 자신의 역량을 최대한 발휘할 수 있도록 지원합니다.복지가 좋습니다.
","
인센티브 제도로 인해 영업압박이 있으며야근 수당은 없습니다.교통수단 불편함
","
지속적인 업무 역량을 펼칠 수 있도록 지원요망합니다
"
영업/제휴,전직원,경기,2020. 08,4.0,"""사내 분위기가 굉장히 좋고, 입사한 신입 직원에게 배려와 친절이 가득한 기업""","
연령층이 2-30대로 젊은 편, 수요일은 점심시간 30분 추가, 금요일은 30분 일찍 퇴근, 사내 직원 분위기가 굉장히 좋음. 입사 후 업무 적응될 때까지 친절하게 일대일로 설명해주심.
","
근무시간 끝난 후 바로 퇴근 불가. 열정이 넘치는 사람만 근무 가능함. 목표 의식 없이는 근무 지속 불가.
","
일의 특성상 있는 스트레스 외에 경영진에게 따로 불만사항은 없습니다.
"
마케팅/시장조사,현직원,경기,2020. 08,4.0,"""전 직원을 동등하게 대하는 회사.직급에 따라 차별이 없고, 본인 업무에만 열중하면 되기 때문에 편리함.""","
1. 업무를 위해 노력한 만큼 인센티브가 지급되기 때문에 업무 동기 부여가 됨.2. 스낵바, 음료수 등이 제공되며 사무실 환경이 쾌적하여 좋음.3. 버스로 출퇴근하기 편이함. 도보 3분거리에 버스정류장 있음.
","
회사 주소가 동탄에 위치하여 주변 지하철이 없는 점이 불편함.
","
직원의 의견이 잘 반영될 수 있도록 상시 소통 가능한 문화를 만들어주었으면 좋을 것 같음.
"
영업/제휴,전직원,경기,2020. 08,2.0,"""AE지원했는데...광고 홍보 마케팅인줄알았더니 전화만 몇백통하는 텔레마케팅입니다""","
카페테리어가 잘되어있고 회식없어서좋고 거의 개인풀이라 분위기는 나름괜찮음
","
전화업무만함 정말 전화하고끊기만 반복. 점심식비 제공안함 저녁식비는 저녁 9시반까지 일해야제공됨 차량소지자는 차량등록 한달에 6만원내야함
","
휴무일을 보장해주고 야근강요안한다하는데 간접적야근강요 안했으면좋겠네요 업무압박도 장난아니구요
"
마케팅/시장조사,전직원,경기,2020. 08,3.0,"""온라인마케팅 업무 배울수 있고 사무실이 예쁨""","
교육 시스템 잘 되어있고 , 사무실이 예쁨. 간식 마음대로 먹을 수 있음. 사람 스트레스는 안받고 그냥 다닐 수 있을만한 회사
","
전화만 계속 돌려야되고, 말이 좋아 온라인 마케팅이지 텔레마케팅과 다를바 없음.
","
너무 처음부터 성과를 바라는 것 같아 아쉬움
"
마케팅/시장조사,전직원,경기,2020. 07,1.0,"""퇴직한 전직원의 솔직한 팩트 후기입니다.""","
1. 연령층이 상당히 젊은 편2. 스낵바 등 먹거리가 많음3. 쇼파와 탁구대가 있어서 쉴 수 있음4. 수요일은 점심시간 조금 더 주고 금요일은 1시간 일찍 끝남(근데 이러한 장점이 있어도 1년 미만 사원들 빤스런 많아요 왜 그럴까요)
","
1. 야근수당 없음팀장 말 : 야근은 선택 그러나 일 잘하고 싶으면 야근해라 사람들 거의 야근한다필자는 이 말이 야근하라는 암묵적인 강요라고 느껴졌습니다.그리고 회사에서 주는 석식 먹으면 오후 9시까지 군소리없이 일해야 됨 2. 식대 월 10만원10만원으로 평일 한달 밥값이 충분하다고 생각하시나요?그냥 매일 김밥만 먹으라는 말이랑 뭐가 다른지 모르겠네요별 거 아닌 것 같지만 식대가 꽤 큽니다 3. 연/월차 없음개인사정 미리 말하면 빼준다는데 이건 당연한 거라고 생각합니다 이렇게 안 해주는 회사 없어요 4. 업무강도 낮은 편은 아님부서마다 다르겠지만 하루종일 전화하면서 영업 또는 기존 거래처관리하는 일(굳이 갑을을 따지자면 이 회사가 을인 입장) 상당히 지침가만히 앉아서 전화하는 게 뭐가 지치는지 궁금하면 한 번 해보세요사람 상대하는 게 정말 지치는 일입니다(그러나 업무 강도에 비해 사원 월급을 많이 주진 않음) 퇴사하고 심심할 때마다 사람인 보는데 이 회사 공고 엄청 자주 올라옵니다자주 올라오는 곳은 이유 있어요
","
1. 야근수당 챙겨줄 것2. 식대를 평일 출근하는 날마다 7천~ 8천원정도로 계산해서 따로 지급 또는 식사 후 영수증 제출하면 그 금액에 맞춰 월급날 따로 지급해주길
"
영업/제휴,전직원,경기,2020. 06,2.0,"""1년 미만 근무자들이 엄청난 속도로 퇴사하는 곳. 매일 이어지는 수당 없는 야근이 싫다면 운이 좋아서 괜찮은 건이라도 잡아야 한다. 텔레마케팅이 잘 맞는 사람이라면 추천.""","
연차 사용에 부담 없음. 젊은 회사라는 점이 느껴진다.  관리하시는 분들이 잘 챙겨주신다. 인센티브제임에도 기본급이 괜찮은 편.
","
인센티브를 받기 위한 기간이 사람마다 다르다. 누구는 1년 누구눈 반 년. 사람하기 나름이다.  광고 관리보다는 영업직이기 때문에 그로 인해 오는 스트레스는 다들 알고 있길 바란다.
","
일의 특성상 있는 불만과 피로도 외엔 경영진 분들에게 불만은 없습니다.
"
마케팅/시장조사,전직원,경기,2020. 06,4.0,"""급여욕심 있으면 추천. 복지와 근무환경은 좋은데 서울에서 멀다는게 아쉽.""","
사무실 내부인테리어가 예쁘고, 중소기업치고 젊은 마인드를 강조해서인지 다양한 복지??를 하려고함(일찍 퇴근하는금요일.1시간반되는 점심시간수요일.간식음료무한제공등)
","
마케터들은 사실상 영업매출압박을 받을수밖에없음. 급여욕심 있는사람에게는 한만큼 벌어가니까 추천이지만, 그냥 얇고 길게 가려는 사람에게는 압박때문에 버티기 힘듦
","
복지에 신경쓰는만큼 압박을 줄일 수 있는 프로그램이나 구조를 만들어주세요
"
영업/제휴,전직원,경기,2020. 06,4.0,"""영업직에한해 성과에따라 고수익 가능복지에 대해 많이 신경쓰는편""","
다양한 복지(근무시간. 수요일점심1.5시간 금요일30분일찍퇴근 휴게실안마의자.과자음료무제한 등등등).회식워크숍 자율참석
","
처음입사하고 정착까지 버티면 고수익도 가능하고 업무를하기위해 필요한 자격증이나 자격조건이없지만 정착까지 영업압박을 견뎌야함.타 영업조직에비해서는 견딜만한편이지만 비교대상이없는 신입에게는 압박으로 느껴질수있음
","
퇴사자의 입장에서 경영진에게 바라는바는 딱히없음계속근무하는 직원들이 잘 버틸수있도록 복지와 조직문화가 더 좋아지길
"
영업/제휴,전직원,경기,2020. 06,4.0,"""영업직이다보니 성과에따라 신입도 많은 급여를 가져갈 수 있고 근무연령대가 20대~30대위주여서 회사분위기가 좋은편""","
무료스낵바.매주수요일점심시간 1시간30분. 금요일 30분일찍퇴근.  복지에 신경 많이 쓰는 기업
","
위치가 단점.근처에 지하철이없음. 영업직의 매출압박.
","
통근버스나 교통관련 지원이 있으면 좋겠음 .업무능력이 좋은경우 승진하라고 독려하지만업무능력좋을수록 승진보다 개인 일에 집중하고 싶음
"
영업/제휴,전직원,경기,2020. 05,2.0,"""어느정도의 압박면접이 들어가있음 그걸 버텨내면 입사하는데는 문제가 없음""","
복지면으로 볼때 탕비실은 잘 구성되어있고 쉴만한 공간도 잘마련되어있음 출근시간이 여유로워 아침에 출근하기엔 좋음
","
직원들의 실적이 부진하면 퇴사권유를 자주하는편 그날그날 실적을 내지못하면 눈치를 보게 만듦
","
눈앞에있는 실적이 전부가 아니라는것을 알았으면 좋겠음 장기적으로 볼때 특히 신입들이 성장할때까지의 기다림이 필요하다고봄
"
마케팅/시장조사,현직원,경기,2020. 03,5.0,"""최소한에 관심만 가지고 있다면 할 수 있는 일.""","
직원간 분위기가 좋고 복지혜택이 많은편 ( 스낵바, 음료냉장고, 안마의자, 카페같은 휴게실, 탁구대 ), 직원들 연령대가 상당히 젊은 편.
","
현재는  지하철역이 없어 자차가 없으면 교통은 불편함, 강남은 버스 40분 정도. 향후 발전 가능성은 있는곳.
","
쓴 소리도 듣고 바꾸려 하는 경영진에게 감사.
"
영업/제휴,현직원,경기,2020. 03,5.0,"""성실함과 열정이 있는 인원에겐 강추대충일하고 적당히 돈받고 싶은 인원에겐 비추""","
본인의 능력과 성과대로 급여를 대기업 수준으로 받을수있음연차 눈치 안보고 사용가능규모 대비 복지가 좋음영업의 특성상 처음1~2년은 힘들수 있으나, 그 이후로는 워라벨도 가능하면서 고소득이 가능
","
지하철역이 없음. 영업직이다보니 처음 1~2년은 힘들 수 있는점
","
인원이 많이 진다면 사내 동호회 활동  장려
"
영업/제휴,전직원,경기,2019. 12,1.0,"""직원들은 건전지, 충성하는자만 살아남는 회사,워라벨 보장이 어려운 회사, 본인이 맡은 업무 외에도 만능일꾼으로 일하는 내모습을 볼 수 있음""","
중소기업이라는 가정하에 객관적인 장점을 나열하자면1. 스낵바가 있어서 과자 등 먹거리가 있음2. 매주 금요일마다 30분 단축 근무3. 매주 수요일은 점심시간 총 1시간30분4. 케바케지만 직급간의 낮은 벽이 장점이라면 장점, 단점이라면 단점으로 적용됨(팀장급 관리직 제외)
","
1. 기본적으로 딸랑딸랑할 수 있는 센스가 있어야함2. 영업직은 매출하락이 지속된다면 간접적인 퇴사권유 및 타 직원과의 비교 과정에서 자존심 스크레치.. 매출압박이 있음3. 인센티브가 있다고하지만 인센티브 벽이 높게 느껴짐4.워라벨이 없는 삶. 출근은 일찍 퇴근은 늦게! (말로는 일찍 퇴근하자 하지만 매출 올리기에 급급하니 칼퇴한다면 바로 눈밖으로....)5.점심제공이 없지만 저녁은 제공해줌(이말은 야근을 하면 밥을 준다..? 판단은 자유)6. 간간히 들려오는 서로의 뒷담화, 신뢰하지 못하는 관계구조7. 대부분이 콜 영업이므로 호불호가 갈림, 광고보다는 콜영업에 치우쳐있음8. 쇼핑몰과 함께 운영하고있어서 주 1회는 중국에서 물류가 들어옴. 간혹 콜영업하다가 도와주러 가야하는데 쇼핑몰쪽 직원들은 물류때문에 야근을 밥먹듯이 함.(직급무관/직종무관 무조건 물류정리를 해야함9. 창고정리가 있는날에는 가끔 영업직도 투입,그날은 밤9시는 기본으로 야근ㄱㄱ이상 끝.대부분 직원들이 야근을 많이하고 주말에도 출근하는 분들도 계심. 그냥 일상을 회사에 충성할자신이 있다면 추천! 아니다 나는 돈을버는 이유가 내 삶의 만족을 위해서다는 비추!
","
직원들 흉은 이제 그만, 보여주기식 행사도 이제 그만, 대기업을 따라간다고 근무환경 등 당장 눈으로 보이는 외적인 부부만 지향하지 말고 직원들의 복지 등 내부적인 부분을 돌아보길...
"
마케팅/시장조사,전직원,경기,2019. 06,2.0,"""전화영업 업무에 치중되어있는곳. 콜영업 자신있는 사람에게는 추천.""","
수요일 2시간 점심시간, 금요일 6시퇴근, 간식제공, 내부가 깔끔하다는 것은 좋다.
","
전화영업에 치중되어있어 적응하기 힘듦. 영업업무라 직원들간의 경쟁이 심함.
","
오픈마켓 검색광고 이외에 다른 분야도 도전해봤으면 좋을듯.
"
영업/제휴,전직원,경기,2019. 06,2.0,"""광고를 관리하는 일을 하지만 사실상 전화 영업이 업무에 80%인곳.""","
수요일 점심2시간금요일 6시 퇴근간식제공영업하는 만큼 벌어감
","
전화영업을 버틸 수 있다면 추천. 못버티고 나오는 사람 많음
","
억압적인 분위기를 바꾸면 좋을 것 같습니다. 직원 관리 체계 확립이 필요합니다.
"
마케팅/시장조사,전직원,경기,2019. 06,3.0,"""마케팅이라는 분야보다는 일종의 영업직과 비슷하다고 보는게 좋음""","
회사 근무여건이나 시설 등은 굉장히 좋은편이라고 볼 수 있음
","
영업쪽으로 은근한 압박이 많아서 상당히 부담스러운 편임
","
영업분야에 실적압박이 너무 강한점아 좀 줄어들었으면 좋겠음
"
영업/제휴,전직원,경기,2019. 01,1.0,"""아부잘하는성격이면 굿 당신을키워줄것이다""","
저녁식사제공 7-8천원 야근이그만큼많다 안하면 눈치준다수요일 점심시간 1시간30분
","
조그만회사에서 정치질 편가르기 심하다 직급있는사람들 말하는 외모평가를 아무렇지않게 한다. 뒷담화가 두려운 경영진들은 직원들끼리 친해지는것을 두려워한다. 경영진이 직원들을 이간질시킨다.
","
장기근속자를 만들고싶다면 인맥 친목은 이제그만인맥으로 들어와서 일은 못한다고 인턴들까지도 뒤에서 욕합니다.
"
기획/경영,전직원,경기,2018. 12,5.0,"""영업전화가 힘들지만 그만큼 인센티브가 보장되는 곳""","
수평적인 분위기, 대표님이 여성 분이라서 기업문화가 좋음, 자유로운 업무환경
","
매출압박이 조금 있다. 초반에는 영업전화만 하다보니 텔레마케터 같은 느낌이 있지만 나중에는 광고주 관리에 더 집중하게됨
","
이커머스 검색광고만 진행하다 보니 미래가 불투명함, 검색광고 뿐만 아니라 다양한 사업도 시도해 보았으면..
"
영업/제휴,현직원,경기,2018. 10,2.0,"""밑에 별점 5점짜리 한줄평 보고 사실과 다른점을 정정하고자 씀""","
앉아서 하는 영업이다전화영업이므로 업무시간 동안 대면(실제 마주보는)영업보다 부담없이 많은 고객 접촉 가능그리하여 타 영업직군 대비 비교적 몸은 편하게 영업활동 가능대기업 영업직이나 중소기업 기술영업은 신입 사원이 입사 직후 곧바로 영업의 세계를 체험하기 힘들지만 이곳은 짧은 교육과 비교적 약한? 정신무장으로도 영업의 세계 느껴볼수있음동종업계(온라인 광고 대행사) 대비 기본급이 높은편(원빈 키)회사 분위기는 개인차가 크므로 언급 않겠음사내 인테리어가 이쁨적성에 맞는 사람이라면 평균적으로 입사 1년이후 월급 500이상을 노려볼 수 있음(잠만자고 일한다면)
","
인센티브가 동종업계 대비 확연히 적음회사에서 1인분하기 위해서는 주7일 밤9시~10시 퇴근은 각오해야함개인별 인센티브는있지만 추가근로수당은없음온라인판매업을 겸하고 있어 퇴근시간 이후 물류창고에서 일하는 날들이 꽤 있음워라벨을 기대하는 사람에게는 비추개인적인 의견이지만 젊을때 하기에는 아까움은퇴이후에도 충분히 할수있을듯인센티브제 이기때문에 적성에 안맞는다면 적은돈과 과한 업무시간으로 힘들 수 있음사원을 언제나 갈아치울수 있는 배터리 취급
","
휴식여건이 잘 보장되었으면 좋겠다사회초년생에게는 불만족스럽고 여건이 안좋은 회사처럼 느껴질수 있겠지만 우리나라에는 더 몸힘들고 월급적은 회사들도 많다
"
마케팅/시장조사,전직원,경기,2018. 02,1.0,"""직원을 소모품 취급.직원의 80%이상이 근속연수 1년 미만인곳.""","
사내 음료수, 커피 서비스.수요일은 점심시간 1시간 반.회식이 거의 없는 편. 이건 진짜 장점
","
야근은 필수. 한 사람당 업무량이 과한편.직원을 이끌어갈 수 있는 실무 관리자의 부재.차별이 심함. 직원들끼리 그룹이 자연스레 나눠짐.군대적인 구조와 상황을 대놓고 좋아함.직원의 궁금한점은 다른 직원에게 물어봄.관리자들의 단합이 없고 서로를 믿지 못함.
","
내가 하는 말이 법이니 따르라는 꼰대마인드를 버리고 직원들 하나하나가 다양한 광고분야의 전문가가 될 수 있도록 교육이나 제도적인 측면을 마련해줬으면.
"
마케팅/시장조사,전직원,경기,2018. 01,1.0,"""직원=건전지. 다 쓴 건전지는 매출하락 이유로 퇴사권유.관리자들끼리 서로를 믿지 못해서 의심하는게 들킴. 그래서인지 단합이 안됨. 여자 대표로 인해 젊은 기업인척 하지만 매우 매우 매우 군대문화가 심함.""","
수요일 점심시간 1시간 반, 금요일 청소 후 30분 조기퇴근 가능.월급 정확한 날짜에 들어옴. 개인플레이 좋아하는 사람이 다니기 좋음. 나서는거 좋아하고 마이웨이 잘 되는 사람이 가기 좋음.
","
공지사항 혹은 전체공유가 없음. 관리자들의 리더쉽을 구경할 수 없음. 대체로 일정공유가 없고 직원들끼리 입에서 입으로 전해지며 알게됨. 직원들끼리 친해지면 뒷담화 한다고 추측하며 싫어함. 인성 운운하는게 잦음. 인생의 자존감 바닥을 맛볼 수 있음.
","
수동적인 관리자 밑에서 수동적인 직원이 나오는 법.직원들의 개인적인 인성을 운운하기 전에 스스로 뒤돌아보시길 바랍니다.
"
