﻿직무,고용 현황,근무지,날짜,별점,요약,장점,단점,경영진에게 바라는 점
연구개발,전직원,대전,2023. 10,4.0,"""경험하기 좋은 회사, 사내 문화를 위해 항상 노력하는 회사""","
자유로운 연차 사용(샌드위치 휴일 눈치x)평등한 사내 문화경영팀이 사원들 편의를 항상 고려함
","
캐쉬카우가 일부 부서에 한정됨일부 부서는 굉장히 적은 인원으로 한정됨다른기업과 비교하여 특별한 장점 없음
","
부서간의 자율성 및 독립성을 인정해줬으면 함
"
생산관리/품질관리,전직원,대전,2023. 10,1.0,"""제가 다닐땐 신입이 적응하기 엄청 힘든 회사였습니다. 10 들어오면 9 나가고 그나마 있던 1도 경력 좀 채워 이직하는? 지금은 어떨지 모르겠네요.""","
대전시에 위치하며 대전 중에서도 위치가 나쁘지 않았습니다. 능력있는 직원들은 대우해주려는 사장님 마인드가 보였습니다. 에기연 식당에서 밥을 먹어 밥값 절약되고 야근시엔 식권을 회사측에서 제공해주었습니다
","
1.피피티 발표까지 시켜가며 사람 뽑고 왜 원래 경력직 자린데 잘못 들어왔다는 둥,, 다른 사람들의 이력서와 제 이력서까지 비교하며 스펙이 없다는 둥,, 회사측에서 정당한 면접 절차를 거쳐 뽑으신건데요..                                                                                                   2. 일 배우기가 쉽지 않았습니다. 학원이 아니고 직장이니 어느 정도 이해하지만 일 방해 말라고 선 긋고 뒤에선 딴소리,, 또 그 소릴 들은 사람은 들으란 듯이 티를 내더군요. 신입이어도 어느정도 정치질에 능한 사람이 살아남을 수 있는 곳이었습니다.                     3. 일 바쁜 부서는 야근에 주말 출근 때문에 고통을 토로하고 타부서는 사람 견디기 힘들었습니다. 그 직원이 아직 있는지 모르지만 이유없는 손찌검이라는 있어선 안 될 행동을 몇번이나 참고 버텼는데 모든 건 제 탓,, 손찌검 당한 거 말하니 관리직에 있던 분이 딴 데 가면 발로 밟는 데도 있고 뺨을 후려치는데도 있는데 뭐 그정도 갖다 그러냐더군요.. 그런일까지 참은 제가 아직도 미련하고 사람 대 사람인데 그렇게 행동하고 말한 그 분들.. 저는 엄청 힘들어했는데 기억도 못하시겠죠?                                                                                                   4. 그때 당시는 야근비 없는 야근이 당연시하는 분위기였습니다.   5. 오는 연락 확인하려 문자를 보면 뒤에서 문자를 보시고 읊으시더군요. 맹세코 근무태만적인 모습을 보인것도 아닌데 사무실에선 오는 연락확인도 못했습니다.
","
기업이 꾸준히 운영되는데는 분명 그만한 능력과 운영력이 있다는 거 인정합니다. 그리고 저란 사람이 이 기업이 첫 직장으로서 최선을 다하였는지에 대해선 당당히 모든 최선을 다했다 말할 수 없지만 저런 환경속에서 버티는 것만도 제겐 지옥이였습니다. 그리고 위의 일들을 겪으며 맞지 않는 옷이란 걸 알았음에도 미련히 참고 버틴 제 잘못도 인정합니다. 성인이니까요. 하지만 1000자 이내인 게 아쉬울 정도로 더 할 말이 많지 없는 일 얘기한 거 아니니 부디 앞으로는 저같은 일을 겪고 첫 시작부터 날개가 꺽이는 사람은 없었으면 합니다. 사람이란게 최소한의 인격적인 존중만 받으면 사회 나와서 돈 벌려고 다니는 직장, 일 적으로 만난 사람들,, 많은 기대 안합니다.. 부디 앞으로는 부당한 일 겪고 상처 받는 직원들이 없었으면 하고 기업 입장에서만 생각할 게 아니라 직원들 귀에도 귀 기울여주세요. 이미 나간 회사 흙 뿌리려고 작성하는 게 아니라 앞으로 이 회사에 들어올 무수히 많은 신입들을 위해 리뷰 썼습니다.
"
생산관리/품질관리,전직원,대전,2023. 10,2.0,"""중소기업 이상도 이하도 아님. 다른사무실과 비슷함""","
장점은 유연근무제를 사용할수 있다는것 이 좋았습니다. 다른건 모르겠음
","
신입사원등에게 교육이 아닌 일을 바로 시킴 적응하기 어려움
","
직원을 위한 기업이 되었으면 좋겠습니다.
"
엔지니어링,전직원,대전,2023. 09,3.0,"""입사하기 전에 한번 더 생각하게 하는 회사""","
자유로운 연차사용, 복지가 괜찬은 편이다. 일 못해도 일만 잘 따오면 이쁨 받는다.
","
일 안하는 정년퇴직하시던분 점점 많아지고 부장 및 중간관리자 퇴사율이 엄청 높음 그래서 신입 및 정년퇴직 하시던 분들이 많아서 나이차가 점점 심해짐.외근 및 출장이 많음. 팀이라는 울타리가 없음. 아바타 처럼 본인 선택권 없이 경연진 말만 듣고 싶은 사람한테는 좋음. 팀마다 틀린데 야근이 많음.
","
경영팀들은 고생 많이 하시는데 직원들 애원 좀 경영자한테 잘 전달했으면 한다.
"
개발,전직원,광주,2023. 09,3.0,"""좋다 기업이 최고다!! 여기모든지간에 그래도 사람이 사는 기업이다""","
역이랑 가깝다 맘에든다나는 지하철을 많이 쓴다 싶으면여기다
","
뭐 어느 중소기업이든 똑같지 않겟는가..야근이 너무너무너무 싫다
","
조금 더 유동적인 생활을 바랍니다회사의 무한한 성장을 위하여
"
엔지니어링,전직원,대전,2023. 09,2.0,"""경험쌓고 이직하기 좋은회사. 다양한 규정을 경험해볼수있음""","
연차가 자유롭고, 대화가 적어 업무에 간섭이 적음명절선물 잘챙겨주고  칼퇴가능
","
어르신들이 많이 계십니다 . 회사 분위기에 도움되지 않는거 같습니다ㅎ/직원 소리에 귀기울인다고 면담을 진행하긴하지만  내 의견에 관심있는게 아니라 정치질에 이용되거나  마음대로 해석하고 소문이나서 사실 면담보다는 그냥 할일없으니까 하나  생각이 듭니다.
","
직원들은 소모품이 아닙니다!야근하고 주말출근한다고 업무를 잘하는것도 아니라고 생각합니다.말많은 사람들만 조심시키면 오래다녔을거같습니다
"
인사/총무,전직원,대전,2023. 07,5.0,"""회시가 조용하고 사람들 연령대가 중간이 없다""","
다들 자기 할일만 열심히 하는 느낌입니다회사가 조용하고 구내식당이 있습니다
","
중간연차가 없다는 느낌?다들 칼퇴를 하지못하고.. 사장님의 눈치를 많이 보는 느낌이 있었습니다
","
사람들 신경 많이 써주세요~~ 중간 연령대가 없어서 사람들이 힘들어 하는 것 같슴다
"
연구개발,현직원,대전,2023. 06,5.0,"""최선을 다하는 사람에게 박수를 보낼 수 있는 젊은 회사.""","
초기기업을 지나고 안정적인 사업영역 구축을 위해 노력하는 리더와 직원들이 있다는 것이 가장 큰 장점입니다! 팀장님도 직원들을 존중하고 함께 성장할 수 있도록 격려하는 환경을 만들어 주고 계십니다.
","
업무나 사업영역이 불확실한 것들이 많습니다.사업화나 제품으로 만들어질 수 있을지 미지의 영역인것이 많아 불안감을 느낄 수 있습니다. 과제나 사업이 장기적으로  이어질 수 있을지 등은 회사가 더 많이 준비하고 계획을 세워야 될 것 같습니다.
","
아직 많은 점을 알지는 못하지만 적극적으로 지원해 주십니다
"
엔지니어링,전직원,대전,2023. 02,2.0,"""대단한 회사인척 하는 그냥 대표적인 중소. 오래 다닐 이유가 전혀 없는 회사""","
젊은 직원들이 많음개인 능력 키울 기회 있음생일이라고 선물줌
","
본인 할일 안하는 어르신들 어디서 잘데려옴부서마다 분위기 극과극:빡센팀/어르신팀/투덜이팀 등인사평가 결과가 연봉 100%대부분 중소처럼 복지? 그게뭐지?
","
젊은 직원들이 무능력해서 나가는거라 험담할 시간에 복지나 보상체계나 만들길
"
엔지니어링,전직원,대전,2023. 01,5.0,"""회사가 직원을 생각해주고 있구나 라는걸 점점 더 크게 느끼게 해주는 기업""","
같이 일하는 동료들이 대부분 좋았고 주어지는 업무도 잘 맞았어요 원래 하던 사업을 잘하고 있는데도 새로운 분야로 진출하는 도전정신도 가지고 있어 더 좋았어요
","
조직이 자주 바뀌는 정도? 내가 이야기한 걸 이상하게 바꿔서 말하는 사람들이 있었다는 정도? 그치만 사람 사는게 다 그런거라고 생각해서 성격 탓인지 딱히 단점이라고 할 만한 것은 없었던 것 같아요
","
경영진과 이야기할 기회가 많지 않아서 바라는 점도 없었어요 피치못할 사정으로 그만뒀지만 번창할 저력이 있다고 생각해요
"
연구개발,전직원,대전,2022. 11,3.0,"""점수를 준다면 3점인데 무난해서라기보다 장단점이 분명한 회사임..""","
일이 많이 없을땐 칼퇴가 가능하고 워라밸 실현됨일을 잘하면 인정받고 성장할 수 있는 여건이 생김중소기업 치고 이런저런 제도나 체계도 있고 소통하려고 노력하는편
","
일을 잘하면 일이 많아짐일이 많다고 딱히 수당이나 연봉으로 챙겨주는건 아님수익이 안나는게 내잘못은 아닌데 눈치가 보임불만을 얘기하면 불만쟁이가 되는 경우가 있음
","
일잘하는 직원들 좋아하시는데 일잘하는 직원들좀 챙겨주새요저같은 평범이는 마음 비우고 다니기에는 다닐만 했네요사람사는데 다 거기서 거기인데 불만쟁이나 관리자나 내가볼땐 똑같은데 궂이 서로가 잘못이라고 남탓하는건 그만하셨으면..그래도 이정도면 양반입니다 번창하세요
"
연구개발,전직원,대전,2022. 11,4.0,"""엔지니어링은 안정권, R&D는 물음표인 회사""","
엔지니어링에 캐시카우가 있는데도 신사업 개발을 열심히 함연차 사용이 자유로운 편서울/경기 갈거 아니면 연봉 수준은 무난한편직원들도 무난하고 모난 사람들 대부분 나가서 회사 분위기는 좋은편
","
연구 방향이나 체계가 없어서 맨땅에 헤딩하는 기분이 많이듦.중간관리자가 없고 팀장도 모르는게 많아서 알아가는 재미가 있지만 재미가 없을때가 더 많음생존형 R&D를 그만두면 정말 좋을것 같은데 그럴리가 없을거 같음.
","
뭔가 바뀐다바뀐다는데 언제 바뀌는지 궁금하다가 지쳤네요.올드한 경영철학을 바꾸시면 회사는 좋아질것 같습니다. 군복무 가산점은 좀..
"
엔지니어링,전직원,대전,2022. 08,2.0,"""대표 맘에 들면 날개를  달수있는 회사 , 가진것에 비해 콧대가 높은회사""","
연차 사용에 대해 자유로움정시 퇴근 가능중소기업 치고는 체계 구축이 잘되어있음
","
잘되어 있는 체계가 발목을 잡는편 중소기업 치고는 유난 떤다는 생각이 듦직원들에게 아낌 없는 지원과 소통하는 조직인 '척'을 하는 게 심함내로남불인 관리자들이 많아 마치 본인들은 소통을 하는 척 하고 들어 주는 척 하지만뒤에서는부하직원들  불만쟁이, 불편쟁이를 만드는데 가장 일등공신임
","
퇴직자나 재직자들이 잡플래닛와서 굳이 시간을 써가며 공통된 이야기들을 적는것에 대해 한번쯤은 생각해보시기 바랍니다.
"
엔지니어링,전직원,대전,2022. 08,4.0,"""기관이나 협회가 아님. 일반 사기업이며 대표님이 공사(한수원)출신임. 작은 기업이지만 관리가 타이트한 편임. 엔지니어링 기술을 배울수 있는 곳이기는 하지만 마음의 여유가 없으면 함든곳임""","
엔지니어링 기술을 배울수 있는 곳임. 특하 화재 방호 관련 기술로 특화된 기업임
","
기관이나 협회가 아님. 일반 사기업이며 대표님이 공사(한수원)출신임. 작은 기업이지만 관리가 타이트한 편임
","
직원들과의 소통이 폭 넓게 필요함. 작은 기업에 비해 쓸데없는 소문이 많음
"
엔지니어링,전직원,대전,2022. 08,2.0,"""연구원으로써 무언가를 계속 공부해야 살아남을 수 있는 곳""","
연차를 자유롭게 사용가능, 자기개발을 할 수 있게 교육을 듣게 해준다
","
교육들을 시간이 없다. 사내 정치가 심하다. (초반에 눈밖에 났으면 얼른 짐싸고 나가지 않으면 버티기 힘들어요)
","
너무 개인적으로 좋아하는 사람만 챙기지는 않았으면 좋겠습니다.
"
엔지니어링,현직원,대전,2022. 08,1.0,"""많은도전을하지만구성원들역량과열정이부족 회사분위기는매우조용하며활기가없음""","
정시퇴근 눈치없는연차사용 동아리활동지원 쾌적한사무실 사내괴롭힘없음 실적압박없음 빠른승진가능
","
일만하는척하다가는사람들이많음 복지부족 연봉낮음 성과급거의없음 성차별적인요소있음 주변식당및카페없음
","
직원들의목소리를들으려고노력하는척만하지마시고시대에뒤떨어진낡은경영방식은과감히바꿀용기를가지세요
"
엔지니어링,전직원,대전,2022. 07,1.0,"""정체성을 찾아가고 싶어하는 회사. 평범보다는 비범한 인재를 뽑고 싶은 회사""","
회사에 필요란 자기개발 할 수있음상사 눈치 안보고 연차쓰는데 연차는 쓰되 집에서 일을 하게 만듬
","
한치 앞만 봄. 본인이 전문지식이 있는 과제면 재밌게함. 다만, 그 과제가 끝나면 팽 당함. 또 다른 과제는 다른 사람 갔다 씀. 그래서 입/퇴사율이 높음.사장의 가스라이팅이 있음. 사장의 총애를 받는 사람들도 가스라이팅을 함. 그러다 팽당하면 알게될거임.
","
한수원의 좋은점만 따라하길 바람. 작은 기업에서 너무 보안을 중요시 함. 그러다 정작 중요한걸 놓칠수 있습니다. 기업 정체성을 잡고 번창하세요.
"
엔지니어링,현직원,대전,2022. 06,5.0,"""일이 많아서 적응할 시간이 꽤 소요됩니다""","
초봉이 높고 경력 쌓기에 좋은것 같습니다 공부도 많이되고요 내일채움공제 해줍니다
","
야근하라고 눈치줌 3시간까지 초과근무수당 나옴 회식 자주있음
","
바라는건 딱히 생각이 안나네요 바뀔거같지도 않고요
"
엔지니어링,현직원,대전,2022. 06,3.0,"""열심히 하면 고속 승진이 가능함. 단, 워라밸이 무너질 가능성이 매우 큼. 적당히 하면 워라밸 지키면서 직장생활 가능""","
자유로운 연차 사용 가능. 일에 너무 몰두하지 않으면 워라밸 맞출 수 있음(칼출근/칼퇴근). 회식이 적고 술 권하지 않는 회식문화.
","
급여가 높지 않고 성과급이 거의 없음. 일부 부서의 경우 정기적인 업무 수행이 불가함. 연구개발업무의 비중이 상당히 높음. 퇴사자가 매우 많음.
","
복지 및 급여개선 필요. 문어발식 사업 확장은 지양했으면 좋겠음. 불필요한 인력 삭감 및 적절한 인력 배치 필요.
"
엔지니어링,현직원,대전,2022. 05,5.0,"""좋은 사람들 오래 남아 있고 이상한 사람은 빨리 나가는 회사""","
회사 매출과 규모에 비해 전직원의 평균적 급여 및 복지수준 높음직원이 스스로 하고 싶은 것이 있으면 방해하지 않고 적극 도와줌
","
회사에 별 도움안되는 사람들도 가능한 안고 가려는 경향있음
","
부서간 협업이 활발하도록 분위기 조성 필요함냉철하게 분석해서 회사에 중요도 낮은 사업, 인력은 포기하셨으면 함
"
엔지니어링,전직원,대전,2022. 04,1.0,"""공평과 공정의 단어도 모르면서 그냥 가져다 붙여 쓰는 회사""","
연차 자유. 30자 이상 쓰라고 하는데, 단점이 정확하게 들어나는게 장점인?
","
중견기업 급의 연봉이라는데 글쎄? 연봉이 '성과제'로 바껴서 급여가 많이 올랐다고 이야기하는데 정작 평가를 개판으로 줘서 올라봤자 월급 3~4만원 상승. 공평과 공정의 뜻을 모르는거 같은데 그냥 가져다 붙이면서 직원의 장점보다 단점을 부각시키는곳. 바른 소리하면 불평 불만 많다고 하고 남들은 그렇게 안느끼는데 왜 혼자만 그러냐면서 나무라는 회사. 쓸모 없는 일에 매진하면서 정작 필요한 인원들을 내보내는 한심한 회사. 저 멀리 다이아몬드 보인다고 바로 앞에 쥘 수 있는 황금을 놓치는 미련한 회사.
","
인사평가든 사람을 대하든 편애하지 말고 정말로 '공정, 공평'하게 하세요. 일 잘하고 돈 벌어오는 인원 vs 일 할 줄 몰라도 앞에서 웃으면서 말 잘듣는 인원 중에 항상 후자를 선택하는데 그러니 회사의 기술이 발전이 없는겁니다. 언제까지 중간관리자 양성 없이 신입만 받아서 회사를 연명하려 하시는지? 사람은 기계나 부품이 아닙니다. 제발 이런 말도 안되는 상황 좀 인지하시고, 포기할건 포기하시면서 경영하세요. 팀장이든 사장이든.
"
연구개발,전직원,대전,2022. 03,1.0,"""내세울 만한 기술은 없어서 그런지 거짓은 날로 늘어나는 곳""","
중소기업의 연봉 평균치보다 약간 높은 수준. 연차 사용이 비교적 자유로움.
","
내세울 만한 기술도 없고 정확히 뭐 하는 건지 스스로도 모르겠음(스스로 모르는 게 능력이 없는 거지 회사가 무슨 잘못이냐 등 저급한 소리 집어치우기 바람).  기술력이니 뭐니 자랑스럽게 말하는데 허점 찾아서 공격할 거리 찾기? 인건비 충당용 연구 과제 따먹기? 제대로 아는 거 없어도 아는 척하는 사람 만들기? 뭐 이런 것도 기술력이라 하면 기술력이라 할 수 있을 듯. 나름 유망한 인재들은 전부 퇴사한 상황이고 무능한 인재나 신입이 대부분임(분명히 전부가 아니라 대부분이라고 했음). 즉 중간 역할을 해줄 사람이 없음. PL 좀 했다고 대내외 적으로 대표나 부서장을 포함한 여러 사람들을 뒤에서 흉 보고 다니는 인원이 있는데 그렇게 하면 자신에게 득이 되는지 생각 좀 해보기 바람.
","
이전 기업 평가 보니까 재직자들이 거짓으로 회사 이미지 조작 하려는 거 같은데 너무 추합니다. 그리고 대내외에서 공개적으로 퇴사자들 욕하는 행위 또한 그만 하시고 본질적으로 문제가 되는 부분을 찾아서 개선해나갈 방법을 모색해보시죠. 잡플래닛이라는 곳이 구직자들에게 참고자료로 쓰일 솔직한 기업 평을 작성하는 곳 아닙니까? 기업이 잘 하고 있다면 호평이 남을 것이고, 좋지 않다면 혹평이 남기 마련인데, 몇몇 사람들 말대로 재직자가 잡플래닛에 혹평 남기는 게 비겁한 행위라고 칩시다, 그럼 퇴사자는 말 못하는 벙어리 입니까? 왜 기업측의 무책임한 언론의 자유는 타당하고, 퇴사자의 언론의 자유는 비겁함이 되는 건지 도무지 이해할 수 없네요. 자유에는 책임이 따르기 마련이지만, 기업 또한 책임을 다 하고 있는지 돌아보시기 바랍니다.
"
연구개발,현직원,대전,2022. 02,1.0,"""적당히 하면서 아무생각없이 있다가 자기개발로 이직하는 회사""","
연차를 마음대로 사용할 수 있고 소기업의 기본 특징인 여러가지를 경험할 수 있는 있다는 장점아닌 장점이 있음
","
돈벌어오는 팀 빼고는 차별이 심하고 개국공신 다 숙청하고 남은 마지막 한명에 의해 좌지우지됨경력자가 없어 경력없는 사람들이 팀장되고 대표는 과제따먹기만 강요하고 총체적 난국…기술적으로 배울게 없고 사내문화는 교류와 지원이 없고 없는 팀들끼리 경쟁시키는 정말 삭막하고 재미없는 회사임잡플래닛 4~5점 글은 다 누군가가 평점 조작하는거임
","
연구개발서비스업으로 인건비 따먹는 일은 그만하고 진짜 연구개발을 하고 분야 전문 인원을 많은 돈주고 데려와야 간당간당하게 평타는 갈듯함소방팀장이랑 팀원 돈이라도 많이 주고 잡았어야 연구개발 굴러가고 제조하고 사업화해서 회사가 발전할껀데 퇴보하게 생김
"
연구개발,현직원,대전,2022. 02,5.0,"""연구개발 및 기술용역 업무를 수행하며, 실력을 쌓을 수 있는 좋은 기회가 되는 기업""","
연차를 눈치안보고 쓸수있음보고서 작성 능력을 키울 수 있음원자력 관련 기술용역 업무 수행 능력을 키울 수 있음유달리 인성이 나쁜 직원은 남아있지 않음
","
아직 성장하고있는 기업이므로 같이 열심히 회사를 성장시켜야하는 책임감이 요구됨
","
제조사업에 적극적인 투자를 통해 사업을 성공 시켰으면 좋겠다.
"
엔지니어링,전직원,대전,2021. 12,3.0,"""본인의 능력을독립적으로 키우긴 좋으나 특정 연차 이상부터는 상부 압박이 꽤있음""","
연차 자유롭게 사용가능/분위기 자유로운 편/야근강요없음/중소기업중엔 체계있는편
","
대표가 직접적으로 사업에 관여할때가 많음. 직접적인 관여때문에 압박이 오기도함. 아랫구성원 개개인이 사업을 발굴하고 이끌어 나가길원하기 때문에 스스로의 능력개발이나 업무적 욕심이 있는 사람이 아니라면 힘들 수 있음.
","
직원들을 부품정도로 생각하는것이 보임.
"
엔지니어링,현직원,대전,2021. 08,2.0,"""능력과 기술은 상관없고, 그저 상사들 앞에서 웃고 '따라만'주면 인정받는 회사.지금까지 잘했던 직원들의 고충은 들어주지 않아 다들 퇴사하게 만들고, 항상 신입만 뽑아서 기술 발전이 어렵고 분위기가 삭막한 회사.""","
1) 연차 자유2) 자기일 다 하면 자기개발 가능3) 명절 조금 일찍가고 떡값??..
","
1) 항상 공정과 공평을 내세우면서 정작 사람을 평가하는데는 공정하지도, 공평하지도 않는 불합리한 회사. 2) 앞에서는 공평하게 진행한다며 사람마다 각자의 레벨을 정해놓고 평가하는 이상한 회사. 3) 같은 연차 및 직급의 직원 둘을 기준으로 한 사람이 돈을 얼마나 벌어오고 얼마나 노력, 희생, 헌신하는지는 신경 안쓰고 그저 앞에서 웃고 자기말만 잘듣는 직원을 더 이뻐하고 평가를 잘주는 이상한 회사. 4) 돈 벌어오는 팀 vs 돈 쓰는 팀이 정확하게 구분되어 있으며 돈 안쓰는 팀끼리 경쟁 붙이고 정작 돈 벌어오는 팀은 방관하는 이상한 회사. 5) 위의 기술된 내용이 하나도 거짓이 없는 것이 팩트인 회사. 6) 끊임없이 공고를 올리는데는 그만한 이유가 있는것. 처음부터 잘했던 사람들은 붙잡지 못하고 그저 신삥들만 모아서 더 이상의 기술발전은 힘든 회사.
","
관리직(사장 및 팀장)들은 공정, 공편한 '척'좀 그만하시고 편애는 차라리 안보이고 안들리게 하시길.
"
엔지니어링,전직원,대전,2021. 08,1.0,"""말만 잘들으면 되는 회사인데 말 잘들어도 안되는 곳""","
장점은 위치로인해 국가에서 교통비 지원받을 수 있고, 연구원이라는 자존감
","
멋대로 판단하고 뒤에서 남얘기를 하는 몇몇이 있고, 그 몇몇 중 하나가 회사에서 높은 권력인데, 그 사람은 자기가 엄청 잘난줄 알고있어서 자기 잘못을 모름 말해도 모름
","
경영진에게 바라는 점은 어차피 그 사람이 볼거고 그 사람이 다른 아이디로 들어와 기업평점 높게 작성하면서 퇴사자들이 유치하다 작성하겠지요 말해도 모를거임
"
연구개발,현직원,대전,2021. 05,4.0,"""노력한 만큼 대우받으며 근무할 수 있는 곳""","
- 자유로운 사내 분위기- 중소기업 기준 준수한 복지(명절 상여금, 점심식대 지원, 가족행사 지원, 각종 연말 포상 등)- 교육 및 자기계발 장려
","
- 높은 수준의 업무강도 및 업무량- 지나치게 많은 사업분야
","
- 경영계획에 관한 정기적인 공유 필요- 직원들과 정기적인 소통 필요
"
엔지니어링,현직원,대전,2021. 05,5.0,"""열심히 일하는 사람은 대우받을 수 있는 회사열심히 하지 않았거나 능력이 떨어짐에도 사리사욕을 채우는 등 문제가 있는 사람은 이제는 내보내거나 조치할 수 있는 회사""","
열심히 하고 성과를 내는 자에게 보상을 해주고 고성과자들 뿐만 아니라 평범한 사람들도 그에 맞는 직무를 부여하면서 성장할 수 있게 도와주는 점수고와 성과에 대한 보상을 주기위해 노력하고 개인의 이익보다 회사의 이익을 추구하는 방향을 한번 더 고민하는 점
","
중소기업 특성 상 일이 몰릴때가 있다는 점부서마다 업무량의 편차가 있다는 점
","
사실을 기반으로 비평이나 비판을 한 분들은 해당이 없습니다만 그렇지 않은 분들에게는 아래의 말을 꼭 전하고 싶네요 회사는 봉사단체가 아닙니다. 자신의 역할 이상을 하는 사람에게는 연말 성과금, 다음 년도 진급 및 연봉상승으로 보상해주는 것이고 그렇지 않은 사람에겐 보상 범위를 축소하거나 주지 않는 것이 공정하고 합리적입니다. 그리고 그 평가는 당연히 정해진 회사의 방침에 따라 진행되는 것일 테고요 여기에 없었던 일을 마치 사실인 것처럼 적거나 있었던 일조차 자신에게 유리한 방향으로 은근히 바꿔 적는 사람은 정말 자신의 불평과 불만, 그리고 여기 적은 내용이 지나친 자기 합리화가 아니다거나 스스로의 이익이 아닌 회사 전체 구성원들을 위한 것이었다고 자신할 수 있으신지요 회사 방침이 잘하는 사람에 대한 인정 및 보상, 평범한 사람에 대한 그 자체로의 인정 또는 성장 지원, 자신의 역할도 못하고 불평, 불만을 늘어놓은 사람에  대한 개선 요구 및 불가능시 필요한 조치를 시행하는 것이라고 하면.. 그리고 그에 대한 나름의 기준을 만들어 시행하고 있다면  받아들이는 것이 맞지 않을까요.. 어떠한 근거로 CEO나 회사에 남은 사람들보다 자신의 말이 맞다고 자신할 수 있는건지요 자신이 회사의 방침을 받아들일 수 없다면 그에 맞는 다른 회사로 옮겨 열심히 하면 되지, 왜 열심히 일하는 사람들을 이상한 사람으로 만드시나요? 그럼 여기 남아 있는 모두가 바보이거나 회사가 틀렸는데도 그냥 감수하면서 사는 노예란 말인가요? 악플러처럼 익명이라고 아무렇게나 작성하지 않기를 부탁드리고 옮겨간 회사에서는 우리 회사에서 보이지 못했던 능력 마음껏 펼쳐 꼭 인정받기를 기원합니다. 마지막으로 경영진 분들께.. 시행착오는 있었지만 늘 더 나은 방향으로 발전해왔던 지금까지의 모습처럼 앞으로도 소신껏 밀어붙여 주시길 바랍니다.
"
영업/제휴,현직원,대전,2021. 05,1.0,"""사람 부품 취급한다는게 무엇인지 알려준 회사몇몇 사람들이 망치고 있는데 정작 그 사람들은 본인들이 그렇다는 것을 모르고 스스로가 똑똑하게 일처리 하고 있다고 믿음""","
장점이라.. 위치 및 접근성(대전 연구단지 안에 있다는거)회식 강요 없고 의지만 있으면 빠른 성장 가능하다는 점
","
사내 정치 심하고 남말 하기 좋아하는 사람 많음근거 없는 소문으로 뒷말 도는거 심함특정인들과 안친하면 열심히 해도 얻는거 없으니까 아래 여러 리뷰들 참조하셔서 눈 밖에 났으면 빠른 퇴사 및 이직 추천
","
열심히 일한 직원들이 만족하면서 다닐 수 있는 환경을 만들어 주세요. 높은 퇴사율이 말해주듯이 현 상황 자체에 문제가 많다는 점을 다들 아시는데 대체 왜 해결할 생각을 안하고 그저 덮고 남탓할 생각한 하시는지요.
"
연구개발,현직원,대전,2021. 04,4.0,"""자신의 능력을 마음껏 펼칠 수 있는곳, 사람이 있고 회사가 존재 한다는 것을 보여주는 회사.""","
1)개인의 창의성에 대하여 상급자의 존중이 느껴짐. 2) 연차는 권리! 인것처럼 자유로운 연차사용 가능.3) 업무의 자율성이 매우 높음(자신의 일을 모두 완료할 수 있을 경우)4) 직급간의 자유로운 의견제시 및 협의가능4-1) 이에 따라 신규직원 및 사원급 직원들의 자신감 및 업무 능력 대폭 향상 가능5) 전문적인 지식을 많이 활용하므로 개인적인 능력향상 가능6) 업무수행능력만이 아닌 일상생활에 관한 면담을 통해 '인격의 성장'이 가능
","
1) 다른회사도 동일하겠지만 업무가 어느 기간에 집중될 경우 많이 바쁨.2) 특정팀의 경우 여러업무를 동시 다발적으로 진행하므로 일정 이상의 지식 요구3) 끈기와 노력이 요구되는 업무 존재(시행령 또는 기술기준 등 비교)4) 선형적인 성장이 아닌 계단식의 성장 양상
","
직원들의 고충을 최소화하기 위한 모습들이 너무 잘 보입니다. 아직은 소수 인원의 불만이 발생하고 있지만 이를 참조하여 더욱더 경영쪽에 발전하셨으면 좋겠습니다.
"
기획/경영,전직원,대전,2020. 12,4.0,"""작은 회사 치고는 괜찮은 편. but 목표 대비 부족한 현실과의 간극.""","
면접때 발표평가를 한다고 해서 신기했음 그래도 보고서 원고료 주고 면접교통비 등 챙겨주는건 좋았음업무 마치면 알아서 집에 가는 분위기나, 연차 쓰는거, 회식등 눈치볼만한 일이 별로 없었음직원들끼리 어울리거나 전반적인 분위기는 좋았음
","
특별한 단점이라기보다 여기저기 회사들 다 하나씩 갖고 있는 단점들은 다 있었음. 업무 분장이 있었지만 업무영역이 딱 이렇다하게 구분되지 않았고, 이 일 저일 다해야 된다는거나, 업무체계를 갖추려고 하지만 체계를 만들기 위해 일을 하는 기분?짧은 기간이었지만 직원 입장에서 의견을 터놓고 얘기하기에 편안한 분위기는 아니었음식당은 있지만 매점이나 직원 휴게 공간이 부족한 점은 아쉬운편.
","
높은 목표는 좋아요. 무엇보다 현실적인 고민이 필요해 보입니다. 직무에 맞게 업무 지시와 명확한 업무분장이 함께 된다면 하는 아쉬움이 있습니다.
"
서비스/고객지원,전직원,대전,2020. 12,1.0,"""경력없는 30대들이 주류라 회사의 기술력이 없다고 봐야할 수준 배울게 없음 설마하겠지만 들어가보면 알거임 돈 벌어오는 팀 말곤 성과금 기대 X 주긴하나 연말정산 받는 정도라고 생각하면 편함""","
연차 사용 막 가능 대신 미사용 연차는 수당으로 안줌 회사앞에 버스정류장있어서 출퇴근 용이함 주차장도 넓찍한데 주차비 받는다고 함 자유로운 회사분위기 딱히 누구 눈치봐가면서 일할 필요 없음 그래서 일도 많이 안함
","
복지가 없다고 보면 됨 그게 맘 편함 평범한 인재를 비범한 인재로 만들겠다고 하는데 경영진이 평범한 사람들이라 비범한 인재 만들 능력이 안됨 신입이 들어가면 배울 기술이 없음
","
여직원들 군대 안갔다 왔다고 2년 호봉 깎고 시작하는것좀 없애주세요
"
엔지니어링,전직원,대전,2020. 11,2.0,"""일 못하면 방치하는 회사, 일 잘하면 많은 기회가 주어지는 회사""","
복지는 좋은편, 연차사용 자유로움, 일 잘하면 많은 기회가 주어짐,
","
신입이든 경력이든 일 못하면 방치하는편, 일 잘하는사람 못하는사람 차별심함, 경력직은 일 못따오면 눈치줌, 일을 배우거나 제대로된 경력 쌓기 힘듬
","
경영관리팀 일 잘합니다. 사장님은 직원 편애를 조금 줄여주셨으면 좋겠습니다
"
엔지니어링,현직원,대전,2020. 10,2.0,"""한 팀에서 다른팀과 회사 전체를 먹여 살리는 비정상적인 구조인 회사""","
연차사용이 자유롭고, 유연근무제로 일 있을 때 시간 조정 편함. 회사 자체로는 엄청 좋음. 직원 복지 많이 신경씀.
","
A팀장에 의해 이끌려 가는  회사임.  가식적인 사람들 몇몇 있음.  팀장 할 사람들이 아닌데도 팀장으로 있어 회사가 개판임. 관리가 잘 안됨. 팀들간 화합이 1%도 안됨. 사내연애하러 회사다니는 사람들 많음. 팀배치 최악임. 일 잘해야 승인?? 놉!! 딸랑이짓 잘하고 일거리 물어와야 승진함. 거짓말하는 인간들 많음. 배신 조심.  그냥 일만해야 할 사람인데 팀장으로 앉힌듯. 그 사람 땜에 여럿 나감.
","
팀들 일적인 성향에 따라 자리를 나눴으면 함. 사무실이 조용한 팀은 조용하고 시끄러운 팀은 시끄러워 일이 집중이 안됨. 부서이동 기회를 공개적으로 지원해줬으면 함.제발 사장이 경영쪽에 관심을 두었음 좋겠음. 경영 1%, 일능력 99%임. 직원들 불만을 알면서 모르는척 하는건지 진짜 모르는건지.
"
엔지니어링,현직원,대전,2020. 09,5.0,"""열심히 하는만큼 성장할 수 있는기업!회사의 성장이 기대되는 기업""","
자기 맡은업무를 끝내면 야근은 안할수있음업무가 원자력 관련 공기업 업무여서 실력 쌓기 좋음
","
아직 중소기업 이라는점회사를 성장시키기위해 다함께 열심히해야한다는점(버스탄다는 마인드를 버려야함)
","
지금까지 하던 초심을 잊지않고 꾸준히 해주셨으면 좋겠습니다.복리 후생 지원도 더욱 신경써주시면 좋겠습니다.
"
엔지니어링,전직원,대전,2020. 09,1.0,"""은근한? 대놓고? 야근강요많은 복지를 제공하는듯 하지만 수당을 챙겨주는게 더 좋을듯..""","
연차사용이 다소 자유로운듯 하면서 개인업무가 너무 많아서 사용하수가 없음 야식구비(다과, 컵라면 등)
","
작성할 문서 단계가 많고 결제라인 대표까지 가야해서 왠만하면 한꺼번에 몰아서 결제를 하려고하다보니 일 진행이 늦어짐직원들간에 대화가 별로 없고 단합할 기회도 별로 없다
","
결제권한을 팀장에게 일임해줬으면 좋겠다팀별로 차별이 느껴진다
"
연구개발,현직원,대전,2020. 04,4.0,"""평범한 ""인간""이 비범한 ""인재""로 거듭날 수 있는 곳""","
자유롭게 연차 사용이 가능하고, 정말 바쁘지 않은 이상 야근은 지양하는 분위기임.다양한 직무 및 비직무 교육 기회를 제공해줌으로써 끊임없는 자기개발이 가능함.업무는 수직적이되, 직원들 간에는 수평적으로 대하는 분위기이고, 직장 내 악습을 무너뜨리려는 문화임. 회식 참석 여부 역시 존중해줌. 생일파티, 워크샵, 체육대회, 동우회 등 다양한 활동을 제공하며, 복지에 더욱 신경쓰려함.
","
단순업무의 비중이 결코 적지 않으며, 업무를 진행함에 있어서 직원들 간 소통이 부족하다고 생각함. 지속적인 자기개발을 할 수 있으나, 자격증 취득 등에 대한 부담감이 존재함.
","
6년이라는 기간동안 여러 시행착오를 겪으며 성장해 온 회사라고 생각이 듭니다. 앞으로도 회사의 성장과 동시에 구성원들도 함께 성장해나가는 회사가 되었음 합니다. 반드시 네임 밸류가 있는 회사가 되었음 합니다.
"
엔지니어링,현직원,대전,2020. 03,4.0,"""원자력계통에 관한 엔지니어링 업무수행의 정점""","
연차를 윗사람 눈치 안보고 사용할 수 있음. 비교적 자유로운 분위기. 일 못하더라도 실수가 적고 사람과의 관계가 완만하게 유지되면 발전의 가능성이 많은 회사
","
비교적 단순작업이 많으며 팀간의 교류가 적은편. 팀마다의 실적차이가 분명하며 그에대한 차별성이 존재.
","
신규사업 추진에 있어 직원들의 능력을 향상시킬 기회가 있으면 좋겠습니다.
"
기획/경영,전직원,대전,2020. 02,4.0,"""워라벨이 가능한 중소기업.체계가 잘 잡혀있는 중소기업.""","
중소기업 중에서는 굉장히 체계가 잘 잡혀 있는 편임. 아래의 글처럼 중소기업이지만공기업 느낌이 많이 나는 회사임 그만큼 회사의 체계가 잘 잡혀있음. 휴가나 퇴근하는것에 있어서 터치가 적은편. 급여도 대전에 있는 중소기업에서 높은편이라고 생각함.
","
서류 작업이 많은 편.그리고 이렇다 할 사내 문화가 정착하지 않아서 직원들끼리 소통이 적은 것처럼 보이나 시간이 지나면 해결될 것 같음.
","
지금처럼 앞으로의 성장을 위해서 직원들과의 소통을  중시해주셨으면 좋겠습니다!!
"
엔지니어링,전직원,대전,2020. 02,1.0,"""근무환경은 자유로우나 성장할수 있는 환경은 되지 못하는곳.""","
근무환경 자유로움, 시키는 것만 해도 절반이상은 하는 기업, 세상은 이런곳이구나 하는 것을 배울수 있는 기업
","
다양한 직급간에 소통이 어렵고, 높은 직급은 강압적인 경우가 많음.야근이 많음.
","
직원간에 소통이 많이 필요하고, 차별대우가 없어져야 함.
"
기획/경영,현직원,대전,2019. 10,4.0,"""공기업 느낌이 나는 중소기업. 양 쪽의 강점 약점이 다 공존하는 재미있는 회사.실력이 존중되고 정치하는 사람이 아직?없는 젊은 회사.매년 성장하고 있어 가능성이 보이는 회사.""","
대전 기준 중소기업 중에서는 비교할만한 곳이 거의 없는 듯.자기 할일 마치고 퇴근하거나 휴가 쓰고 싶을때 연차내는 것, 처우나 업무 환경, 사내분위기 등 종합적으로  탑티어라고 생각함.특히 실력있고 성과있으면 확실하게 인정해주고 특진이나 여러가지 처우 확실하게 해주는 분위기는 매우 좋은것 같음.
","
업무분장이나 문서등이 체계화 되어 있지 않아 페이퍼워크가 많은 편임. 3~40명 남짓 하는 기업이다보니 사내복지규모가 다소 아쉬운편.회사차원에서 하는 회식이 거의 없는 편이라 직원들끼리 모이는 자리 만들기가 좀 어려운편.
","
기술부서에서 경영팀으로 몰리는 업무에 대한 관리가 필요함.경영팀 나름의 체계화도 필요하겠지만 기술부서와 경영팀간 부서장들의 조율이 잘 되었으면 좋겠다..?
"
연구개발,현직원,대전,2019. 10,5.0,"""평범한 사람을 비범한 인재로~~!! 당신의 꿈을 키워보고 싶다면 한번 도전해 보십시요.  나라경제가 어려운 환경에서도 매년 성장하고 있는 회사, 모든 직원들이 착하고 성실한 회사, 당신의 인생에 한페이지가 될 것입니다.""","
총 직원이 35명 내외로 서로 가족같은 분위기로 연차는 업무에 지장이 없는 경우 윗사람 눈치 안보고 사용 가능합니다. 일주일을 연차를 써고 해외가족여행을 가는 직원도 있습니다. 5월에는 가족여행비를 50만원 지원해줍니다. 분기에 한번씩은 문화의 날 제도가 있어 방탈출, 스크린야구 등 다양한 놀이를 통해 서로의 친목을 도모합니다.
","
이제 6년차 기업으로 가끔은 업무로드가 많이 걸리기도 합니다. 용역의 엔지니어링 단가를 높이기 위해서 개인마다 기사를 취득 하는 것을 권장하여 부담이 되기도 합니다.
","
제가 입사한지 10개월 정도 인데, 회사 초창기에는 회사의 존폐를 위해 많은 직원들의 노력을 강요하였다고 합니다만, 지금은 그런부분이 많이 개선되어서 좋습니다. 좀 더 많은 분야를 개척해서 회사가 계속적으로 발전하였으면 좋겠습니다. 이제 서서히 직원들 복지제도를 갖춰가시려고 하는 모습이 멋있습니다.
"
연구개발,전직원,대전,2019. 08,1.0,"""만족스러운 성과급과 월급을 받기위해서는 야근, 휴일근무가 거의 필수워라벨을 이해하지 못하는 회사""","
동종업계에 비해 월급이 높은편이지만 그 월급을 받기위해서는 개인시간을 포기하고회사에서 근무하는 시간이  길어야 함 팀장 직책을 제외하고는 대리,사원 직원들은  잘 어울리는거 같아보임
","
높은 연봉을 원하면 휴일근무, 야근 필요,대표이사의 old한 사고방식,  요즘같은 시대에 모든 업무는 서류화, 일하는 시간보다 서류 꾸미고 결재받는 시간이 더 오래걸리는거 같다.
","
남들에게 보여주기식 경영은 그만뒀으면 좋겠다. 가족친화기업, 일-생활균형 캠페인 참여기업, 아무 소용 없는거 아닌가 싶다. 회사를 이끌어가는 직원들의 불만사항 먼저 해결해야지 겉은 우수해보여도 실속은 없는 회사가 과연  올바른 회사인지 생각 하셨으면 한다.
"
엔지니어링,전직원,대전,2019. 08,3.0,"""최종합격 후 기업에 들어가 회사 생활을 하기도 전에 기업측에서 요구 사항이 많았고 기업에 대한 신뢰가 무너지는 상황이 발생함.""","
채용절차 속에서 회사 초창기보다 조금 개선되어지고 있다는 것을 느낄 수 있었음.
","
나름 회사 분위기는 나쁘지는 않았지만 중소기업이다보니 일처리가 확실하지 않아 번복되는 상황이 발생. 연봉이 생각보다 높지 않음.
","
회사에 입사하는 취업준비생에게 처음부터 많은 것을  바라지는 않았으면 좋겠음. 기업의 입장이 아닌 지원자의 입장에서 생각하고 지원자로부터 신뢰를 잃지 않는 기업이 되기를 바램
"
엔지니어링,현직원,대전,2019. 05,5.0,"""노력한만큼 대우받을 수 있고 수익을 직원에 돌려주는 강소기업""","
자유로운 연차사용, 나이 및 경력과 관계없이 능력에 따른 승진, 기회 부여, 다양한 부서에서 다채로운 기술용역 및 연구개발 과제 수행 가능, 조직에 독이되는 사람들이 모두 퇴사하여 업무에 집중하기 좋은 분위기 형성 등등등....
","
대체 휴무에 연차를 쓰고 쉬어야 하는 점, 부서간 교류가 다소 부족하다는 점..
","
모든 사람이 회사를 성장시킬 수 있는 좋은 직원이 될 수 있도록 원칙과 문화를 만들어 가길 바라고 회사는 가족이 아니므로 그러한 생각을 가지고 있는 직원들을 바로잡을 수 있었으면 합니다.
"
생산관리/품질관리,전직원,대전,2019. 04,3.0,"""회사 성장이 빠른만큼 내실이 부족한 회사""","
타 회사에 비해 직원들이 자유롭게 생활함. 이전보다 야근은 많이 없으며 연차 사용이 자유로움
","
회사에 리더가 없음. 본인이 뛰어나면 기회가 많아 능력을 발휘할 수 있으나 평범하다면 입사를 신중하게 생각해야함
","
직원의 다양성을 인정해줬으면함. 기업의 주인은 사장이 아니라 임직원이라는 생각을 가진다면 더좋은 회사가 될것으로 생각함
"
엔지니어링,현직원,대전,2018. 12,5.0,"""사람을 먼저생각하는 평생직장의 표본.배움과 업무를 동시에 함으로써의 뿌듯함""","
연차의 자유로운 사용, 비품관련 무한제공, 사원 및 대리에 대한 관심, 책임감 출중한 팀장, 먼저 발벗고 뛰시는 대표
","
몇몇 상관들의 횡포, 허나 그렇지않은 상관들이 더 많으므로 오해금물, 중소기업으로서의 업무량 및 업무집중도
","
지금처럼 한결같이 사원들과 대리, 과장, 차장님들을 챙겨주시고 더욱더 큰회사가 되도록 발벗고 노력해주셨으면 좋겠습니다.
"
기획/경영,현직원,대전,2018. 11,4.0,"""창업기에서 성장기로 진입하고 있고 비즈니스측면에서 지속적인 성장이 기대되는 기업. 창업기간에 비해 조직과 시스템이 체계화 되어있고, 과거 잦은 인력변동이 있었으나 성장기 기업이 겪는 과정 중 하나로 보여 짐.""","
현재 각 분야에 전문성을 보유한 팀장들을 중심으로 팀이 안정적으로 운영되고 있다고 판단되고, 또래 직원들끼리 좋은 유대관계를 맺고 있는것으로 보여짐.직무교육, 논문, 특허 출원, 자격증 취득 등을 장려하여 직무능력향상을 도모함. 자유스러운 분위기의 연차사용, 유연근무제, 상해보험가입, 직무발명보상제, 정기행사, 부식지원 등의 복지제도가 있음.
","
아직 이렇다할 사내문화가 정착되어 있지는 않음. 전체 회식 때 살짝 어색함. 기업만의 좋은 사내 문화는 앞으로 만들어가기 나름이라고 생각 됨.
","
지금처럼 긍정적인 변화를 위해 계속적인 관심과 노력을 해주시면 좋을 것 같음
"
엔지니어링,전직원,대전,2018. 11,1.0,"""사회 초년생은 버티기 힘든 회사입니다""","
지방에 있는 회사치고는 대우가 좋은 편입니다. 사장과 친한 직속상관에게만 잘보이면 회사에서 좋은 평가를 받습니다
","
이 회사에 입사했던 많은 직원들이 있었고 그 직원들 중 얼마가 남아있는지 회사는 스스로 반성이 필요합니다
","
이 회사, 좋은 기억도 없고 잘되길 바라지도 않아서 바라는 점이 없습니다
"
연구개발,전직원,대전,2018. 11,1.0,"""국책사업 수주, 제출수준은 전년도 사업베끼기+추가하기""","
- 퇴근해도 뭐라안함. 대신에 퇴근하면 카페같은데 가서 업무보냐고 물어봄 ㅋ- 먹을거리 다과, 라면 등 준비됨.- 연차쓰는건 자유롭게 함. (항상 끝에 자기일 스케쥴 정리 잘하면 된다함 ㅋ)
","
- 사장님이 자율적으로 일을 시킴 다만, 그밑에 차장급이 좀 이상함 (업력이 낮고 석사급 그냥 데려온 느낌이라 여기가 학교 연구실인지 회사인지   90년대 선후배 사인지 잘모르겠음)- 직원간 사이가 그닥 좋지 않음. 그냥 일만 함. - 국책사업이 뭔지 알게됨 왜 세금이 이렇게 쓰이는 지....좀.... - 복지는 잘 못느낌
","
- 자유는 대리급에게 사원가 차부장은 자유를 주면 안되요. 내생각엔
"
엔지니어링,현직원,대전,2018. 10,3.0,"""중소기업중에서는 연봉은 높은편이라고 생각합니다.다들 안좋게 남기는것 같아서 한줄 남깁니다.""","
본인 계획에 따라 자율적으로 연차를 사용할 수 있습니다.간식이 있어서 좋습니다.근무시간엔 사무실이 다소 적막하긴 하지만 대체적으로 직원들이 밝은 성격이라 좋습니다.
","
부서업무에 따라 야근이 있지만 야근수당이 없습니다.구내식당이 밥맛이 좀 별로입니다.
","
좀 더 좋은 회사환경을 만들어주시길 부탁드립니다.
"
엔지니어링,전직원,대전,2018. 10,3.0,"""광역시에서 근무할 수 있는 회사, 현실적인 워라밸 실현 가능""","
대전광역시 소재의 기업, 퇴근 후 워라밸 실현 가능, 사내 분위기 좋음경영진이 나름 직원들의 복지를 생각해주는 회사회식 강요 거의 없음
","
평소에는 칼퇴근하는 직원들이 많으나 바쁠때는 야근이 있음사업의 방향성이 바뀔 때가 있어서 업무의 연속성이 유지되지 않을 수 있음
","
직원들의 커리어 관리에도 신경을 써 줬으면 좋겠음
"
엔지니어링,현직원,대전,2018. 05,5.0,"""창업 4년차의 중소기업이 보여줄 수 있는 최대한의 성과를 보여주고 있는 기업""","
1. 기존의 직원들이 조화를 잘 이루고 있어서 신규직원(신입, 경력)들이 잘 적응할 수 있게 도와주고 꼰대 스타일의 상급자 없음.2. 개별 및 단체 회식이 상당부분 사라졌고 회사에서 술자리는 장려하지 않으며, 직원들의 의견을 반영하여 술자리를 대신한 다양한 문화를 만들어가고 있음(강제적인 회식 참석 요구 없음)3. 바쁘지 않으면 항상 칼퇴근 가능하고 창업4년차 회사이므로 자신의 능력에 따른 승진, 연봉 상승 기회 많음4. 직원들에게 대내외 교육을 받을 수 있는 기회를 많이 제공하고 사업 전반에 걸쳐 많은 경험을 쌓을 수 있음5. 전체적인 복지 수준이 높고(가족행사 지원 등) 연차쓸때 눈치주는 사람 없음(입사 후 2년간 연차 26개 줌)
","
1. 중소기업 특성상 업무가 몰리면 야근 있음2. 주말(토,일), 법정공휴일은 모두 정상적으로 쉬지만 대체공휴일에 쉬고 싶으면 연차를 써야함
","
창업 초기의 초심을 잃지 말고 달려주세요
"
연구개발,현직원,대전,2018. 04,5.0,"""벤처기업으로서 새로운분야에 도전하고 있으며, 다양한 업무 경험이 가능한 기업""","
1. 구성원간 친근한 분위기로 일하기 좋음2. 다양한 교육 지원을 통해 직원들을 키우려고 함3. 사업수주력이 좋아 일 걱정이 없는편4. 회사에 여력이 생기면 직원들에게 연봉이나 업무에 대한 보상을 해주려고 하는거 같음
","
1. 시험연구소이지만 시험실이 제대로 갖추어 지지 않음2. 업무 특성상 잦은 출장3. 중소기업의 특성상 다양한업무를 하게 되는데, 하나의 분야에서 깊이있는 커리어를 쌓기 어려워 보임
","
직원들의 목소리에 귀를 기울여주고 함께 성장하는 회사가 되었으면 합니다.
"
엔지니어링,전직원,대전,2017. 09,1.0,"""창업회사치고 사업수주력은 좋으나 그거외엔 어떠한 장점도 없는 회사. 사람을 뽑지말고 로봇을 사들여야될 회사.""","
창업년도에 비해 회사 성장속도 좋음. 근무를 하다보면 다음번엔 반드시 더 나은 회사로 이직해야겠다는 굳은 의지를 가질 수 있음.
","
사내 문화 최악. 회식 문화 최악. 직원들간 사이 안좋고 신입이 적응하기 힘듬. 근무강도 헬. 군대수준을 넘어 북한 군사학교 수준으로 입닫고 시키는대로하고 회사의 개가 되라는 마인드. 인격무시를 넘어 인격모독 빈번.
","
기계를 사들인게 아니라 사람을 뽑으신거면 최소한의 사람대접은 하는게 맞는겁니다.
"
연구개발,전직원,대전,2017. 06,1.0,"""기업이 발전할지 어쩔지는 모르겠으나 기업 자체의 마인드는 시간이 지나도 80년대일듯. 노후한 가치관""","
에기연 구내식당이 있어 식대는 절약 가능. 근처에 원룸 단지가 있어 회사 10분거리에서도 자취가능 보수는 나쁘지 않음
","
야근은 선택이 아닌 필수지만 야근수당따윈 없음 가장 중요한건 회사 자체의 마인드가 너무 보수적인점이다. 그냥 매사에 나의 마음보단 회사마음. 복지라는 단어는 연차가 전부인 회사
","
유연근무제는 유연하게 탄력적으로 쓰라고 만들어진 근무제가 아니던가요?
"
서비스/고객지원,전직원,대전,2017. 05,2.0,"""에너지기술연구원에 건물이 있어 뭔가 있어보이지만 지극히 헬조성 벤처기업임. 매달 인력교체가 이뤄지는 곳. 똑똑한 사람은 전부 퇴사하고 좋은 곳 감.""","
여름에 시원하고 겨울엔 따뜻하다.에기연 밥을 먹기 때문에 밥값이 저렴하다.
","
불필요한 보고서가 너무 많다. 사장이 퇴근을 안하기 때문에 직원들이 집에가기 힘들다. 전부다 퇴근을 안함. 가정불화인 사람이 많은듯. 사원들이 힘든 기업. 배울 점은 다른 좋은 곳을 가야된다는 의지를 준다는 점.
","
연구소 맞아요?? 절실한 개혁이 필요하다. 1년내 어마어마한 사람들이 나오고 들어가는 이유가 뭐라고 생각하나
"
