﻿직무,고용 현황,근무지,날짜,별점,요약,장점,단점,경영진에게 바라는 점
영업/제휴,현직원,경기,2022. 12,3.0,"""치과 소재의 기술력을 보유 하고 있는 회사입니다. 성장 가능성이 있습니다.""","
사람 인체에 들어가는 소재이므로 지속적인 성장 가능성 있습니다.
","
사람관리가 아쉬우며 비 전문가들이 각 부서에포진되어 있습니다.
","
자기의 실리 보다는 회사를 성장시킬수 있는 직원 들에게 투자를 하고 관리가 되었으면 합니다.
"
기획/경영,전직원,경기,2022. 01,1.0,"""자율적이면서 자율적이지 않은 분위기서로가 무슨 생각을 하는지 잘 모르겠다각자 입장만 생각하는 이기적인 분위기지만 서로 티를 안냄워라밸은 좋음""","
연차 자율적, 공통적인 여름휴가 터치가 없는듯한 분위기
","
비효율적인 업무 긴 회의 방향성을 알 수가 없어서 직원들이 힘들다
","
확실한 태도와 적절한 방향성 제시 효율적인 부분에 대한 고민 필요
"
생산/제조,현직원,경기,2021. 12,3.0,"""워라밸이 보장되고, 업무 강도가 높지 않음.전략만 잘 짠다면 유망있는 분야라고 생각함""","
워라벨 보장, 업무 스트레스 낮은편.경력직들이 오기에 좋은 곳 같음. 연봉은 적지만 챙겨주려고 하는 것은 보임.
","
업무 처리 방식이 느림. 교통이 불편함.직원들의 평균연령대는 젊지만 업무 스타일과 전체적인 방향은 젊지 않음.크게 에너지가 느껴지는 곳은 아님.
","
경력직은 모르겠으나, 신입은 연봉이 너무 낮으며 인상률도 매우 낮음.
"
미디어/홍보,전직원,경기,2021. 06,3.0,"""판매하는 제품군이 다양 하지는 않다 치과재료쪽의 전문적인 지식이 필요하고 업무강도가 높지는 않지만 여러가지 신경써야 할일들이 많다""","
업무강도가 높지 않고 회식을 제외하고 정시 퇴근 가능야근을 강요하지 않는다
","
사내 회식이 너무 잦음. 회식도 너무 늦게까지 해서 힘이듬업무가 체계적이지 않고 프로젝트 진행시 비용에 대한 압박이 있음급여가 높지 않음
","
특정인 몇명에게 집중되어 있는 업무 범위와 권한을 합리적으로 분배하고 기업을 떠나는 사람에게 이유를 확인해 좀더 발전 되는 회사가 되었으면 좋겠다
"
생산/제조,전직원,경기,2020. 09,3.0,"""큰 발전없이 평범하고 무난하게 다닐 수 있는 회사입니다.""","
연차 눈치 없었고, 정시출근과 칼퇴근 지켜졌습니다. 일도 그다지 힘들지 않았습니다.
","
뭐 다른 중소기업들과 마찬가지로 급여가 그렇게 높은 편은 아니었습니다사람들이 좋긴한데 약간 음주가무를 즐기는? 그런 편들 이셨습니다.
","
없습니다. 나온 곳인데 뭘 바라겠습니까 건승하시길 빕니다.
"
영업/제휴,현직원,서울,2020. 05,3.0,"""연령대가 대체적으로 젊어 활기찬 분위기임. 주요생산물품이 한번에 큰 매출을 낼 순 없지만 꾸준한 성장 가능은 있을 것 같음.""","
분위기가 밝음. 연차나 칼퇴에 눈치 안볼 수 있음. 비교적 자유로운 근무형태
","
연봉이 높진않음. 불필요한 업무를 할때도 있음. 회사 위치가 교통이 불편함
","
복지부분이 더 개선되었으면 좋겠음. 인사부분이 약함.
"
생산/제조,현직원,강원,2020. 03,3.0,"""지방에 공장을 둔 평범한 중소기업이다.나쁘지도 않고 엄청 좋지도 않다.20자 넘었다""","
있을건 다 있고 냉장고 전자렌지 커피(믹스 원두)연차 그런거할껀 다 하고 그런다.
","
사원 개인의 미래가 불투명내가 이 회사에 오래다녀서 뭐하지라는 생각이 든다
","
사원개인의 능력을 키워줬으면 좋겠다그럼 이직해서 안키워줄려나
"
생산/제조,전직원,강원,2020. 02,1.0,"""본인이 노예근성이 있거나, 퇴근하고 운동을 좋아하면 강추그게아니고 워라밸을 중요시한다면 비추드립니다.마지막으로 여성우대 기업이라 여성분은 다니기 좋으실꺼라 생각됩니다.""","
그나마 생각나는 장점은 아무래도 회사가 생산하는 제품의 비전 회사가 망할일은 없을 것 같네요.
","
1. 대리 과장급 중 축구를 좋아하는 사람들이 인원수를 채우기 위해 퇴근 시간 이후 강제로 축구를 시킴 혹시라도 일이 있다고 빠지거나 하기 싫어하는 티를 내면 흡연장에서 뒷담화2. R&D는 경기도 생산은 강원도에서 하는데 같은 회사임에도 불구하고 대표가 대하는 지역의 온도차이가 극명함(R&D쪽을 더 챙겨줌)3. 사람의 다쳤을 때 걱정보단 눈치주기 바쁨 4. 여성우대기업으로 선정되서 그런지 여성직원분들은 퇴근할 때 남자들은 남아서 청소그리고 가장 기억에 남았던건 다들 퇴근하고 쉬고 싶은데 몇몇 파워가 쎈 임원진들이 축구를 어떻게든 하고 싶으니 회의실에서 그걸 주제로 회의까지 했던데 제일 어처구니가 없었음
","
제가 다니는 기업이 아니라 바랄 것도 없습니다.
"
영업/제휴,전직원,경기,2020. 02,5.0,"""기술력과 영업력을 갖춘 우수한 인재가 인정받는 강소기업""","
비교적 수평적인 사무실 분위기다양한 복지제도 및 유연한 연차제도시차출퇴근제튼튼한 사업기반
","
상대적으로 낮은 연봉 및 성과급비교적 수평적이지만 일부 보수적인 조직문화기대 이상의 도덕성 및 인성 강조
","
합리적 복지 및 보상 체계 강화경청 및 형평성 유지100년 기업
"
마케팅/시장조사,전직원,경기,2020. 01,2.0,"""전형적인 능력부족 사람들이 모인 중소기업 집단. 몇몇 연차 높은 사람들의 꼰대력또한 대단함""","
의료재료 분야라 미미하지만 안정적인 매출. 라인업이 별로 없어 이직 후 금방 적응 가능
","
꼰대력있는 팀장들이 능력이 없음. 그냥 대표가 하자는 대로 하는 예스맨들임 특히 인사 마케팅 영업 한숨만 나옴
","
돈을 좀 더 주더라도 제대로 된 팀장급을 뽑기 바랍니다
"
유통/무역,전직원,경기,2019. 10,3.0,"""여가시간을 활용할 수 있기도하다. 주차장이 있어 차를 가지고 올수있으나 주차비는 내야한다.""","
연차는 윗사람눈치안보고 볼수있습니다. 해외출장이 있는 부서 그리고 강릉에서도 직원들이 내려오기도 하고  그리고 식비나와서 식사비는 아낄수있으나 밖에 나가서 먹으면 절약못할수있어요.
","
단순보고나 리포트 제출해야하는경우가 많은편이고 어떤일을 시작해서 끝맺음하는 경우가 좀 드물며 일이 진척되지않은경우가 많으나 이런경우는 어느회사나 비슷한듯합니다.
","
신규사업을 추진하는거는 좋으나 회사실정에 맞게 직원들의 눈높이를 충분히 고려하여 추진하였으면합니다.
"
유통/무역,전직원,경기,2018. 11,2.0,"""장점과 단점이 극명하게 갈린다사람에 성격에 따라서 적응잘하기도하고 반대로 적응못할수도 있다""","
자유로운 분위기(연차,칼퇴) 그리고 연령대가 젊다(해외영업기준)
","
급여가 적고 복지도 그다지 안좋음팀장급들 진짜 한숨 나올 정도로 일을 못함. 인사시스템이 사장마음임. 그리고 연령대가 젊은만큼 그에따른 단점이 많다.보철 아이템이 경쟁력이 있지가 않아서 전망은 안밝음
","
고인물은 언젠간 썪는다 무능한 중간관리자급 및 팀장들을 과감히 내쳐야 발전 가능성이 있다또한 결재 받는데 시간이 엄청 걸린다 프로세스좀 그렇게 줄이라고 말좀 하면 검토한다고 말만하지말고 실전으로좀 옮겼으면 좋겠다
"
영업/제휴,현직원,경기,2018. 11,1.0,"""앞으로 발전할 가능성낮고 취약점이 너무많으며 팀장급의 무능함이 상당함""","
장점은..딱히 없다고 해야하나 굳이 말하면 출퇴근시간 잘 지킴
","
모든면이 단점이지만 가장 심각한것은 팀장급의 무능함..
","
딱히 바라는거 없으며 이대로 쭉 진행해주시길..그래야 우리나라 세금이 절약될수있음
"
마케팅/시장조사,전직원,경기,2018. 09,3.0,"""중소기업의 전형적인 문제점이 해결과제로 남아 있는 기업 (시스템 부재), 야근 없음""","
삶과 일의 균형을 꾀하는 경우 그 목표 달성이 가능한 업무 패턴 설계 가능함
","
작은 기업임에도 기동력이 점차 둔화되는 느낌, 체계적인 인사관리 시스템/복지 없음
","
단기적인 프로젝트 해결에만 급급하지 말고, 기본적인 시스템을 확충해서 유능한 인재들을 육성, 유지할 수 있는 전략이 필요.
"
영업/제휴,현직원,경기,2022. 12,3.0,"""치과 소재의 기술력을 보유 하고 있는 회사입니다. 성장 가능성이 있습니다.""","
사람 인체에 들어가는 소재이므로 지속적인 성장 가능성 있습니다.
","
사람관리가 아쉬우며 비 전문가들이 각 부서에포진되어 있습니다.
","
자기의 실리 보다는 회사를 성장시킬수 있는 직원 들에게 투자를 하고 관리가 되었으면 합니다.
"
기획/경영,전직원,경기,2022. 01,1.0,"""자율적이면서 자율적이지 않은 분위기서로가 무슨 생각을 하는지 잘 모르겠다각자 입장만 생각하는 이기적인 분위기지만 서로 티를 안냄워라밸은 좋음""","
연차 자율적, 공통적인 여름휴가 터치가 없는듯한 분위기
","
비효율적인 업무 긴 회의 방향성을 알 수가 없어서 직원들이 힘들다
","
확실한 태도와 적절한 방향성 제시 효율적인 부분에 대한 고민 필요
"
생산/제조,현직원,경기,2021. 12,3.0,"""워라밸이 보장되고, 업무 강도가 높지 않음.전략만 잘 짠다면 유망있는 분야라고 생각함""","
워라벨 보장, 업무 스트레스 낮은편.경력직들이 오기에 좋은 곳 같음. 연봉은 적지만 챙겨주려고 하는 것은 보임.
","
업무 처리 방식이 느림. 교통이 불편함.직원들의 평균연령대는 젊지만 업무 스타일과 전체적인 방향은 젊지 않음.크게 에너지가 느껴지는 곳은 아님.
","
경력직은 모르겠으나, 신입은 연봉이 너무 낮으며 인상률도 매우 낮음.
"
미디어/홍보,전직원,경기,2021. 06,3.0,"""판매하는 제품군이 다양 하지는 않다 치과재료쪽의 전문적인 지식이 필요하고 업무강도가 높지는 않지만 여러가지 신경써야 할일들이 많다""","
업무강도가 높지 않고 회식을 제외하고 정시 퇴근 가능야근을 강요하지 않는다
","
사내 회식이 너무 잦음. 회식도 너무 늦게까지 해서 힘이듬업무가 체계적이지 않고 프로젝트 진행시 비용에 대한 압박이 있음급여가 높지 않음
","
특정인 몇명에게 집중되어 있는 업무 범위와 권한을 합리적으로 분배하고 기업을 떠나는 사람에게 이유를 확인해 좀더 발전 되는 회사가 되었으면 좋겠다
"
생산/제조,전직원,경기,2020. 09,3.0,"""큰 발전없이 평범하고 무난하게 다닐 수 있는 회사입니다.""","
연차 눈치 없었고, 정시출근과 칼퇴근 지켜졌습니다. 일도 그다지 힘들지 않았습니다.
","
뭐 다른 중소기업들과 마찬가지로 급여가 그렇게 높은 편은 아니었습니다사람들이 좋긴한데 약간 음주가무를 즐기는? 그런 편들 이셨습니다.
","
없습니다. 나온 곳인데 뭘 바라겠습니까 건승하시길 빕니다.
"
영업/제휴,현직원,서울,2020. 05,3.0,"""연령대가 대체적으로 젊어 활기찬 분위기임. 주요생산물품이 한번에 큰 매출을 낼 순 없지만 꾸준한 성장 가능은 있을 것 같음.""","
분위기가 밝음. 연차나 칼퇴에 눈치 안볼 수 있음. 비교적 자유로운 근무형태
","
연봉이 높진않음. 불필요한 업무를 할때도 있음. 회사 위치가 교통이 불편함
","
복지부분이 더 개선되었으면 좋겠음. 인사부분이 약함.
"
생산/제조,현직원,강원,2020. 03,3.0,"""지방에 공장을 둔 평범한 중소기업이다.나쁘지도 않고 엄청 좋지도 않다.20자 넘었다""","
있을건 다 있고 냉장고 전자렌지 커피(믹스 원두)연차 그런거할껀 다 하고 그런다.
","
사원 개인의 미래가 불투명내가 이 회사에 오래다녀서 뭐하지라는 생각이 든다
","
사원개인의 능력을 키워줬으면 좋겠다그럼 이직해서 안키워줄려나
"
생산/제조,전직원,강원,2020. 02,1.0,"""본인이 노예근성이 있거나, 퇴근하고 운동을 좋아하면 강추그게아니고 워라밸을 중요시한다면 비추드립니다.마지막으로 여성우대 기업이라 여성분은 다니기 좋으실꺼라 생각됩니다.""","
그나마 생각나는 장점은 아무래도 회사가 생산하는 제품의 비전 회사가 망할일은 없을 것 같네요.
","
1. 대리 과장급 중 축구를 좋아하는 사람들이 인원수를 채우기 위해 퇴근 시간 이후 강제로 축구를 시킴 혹시라도 일이 있다고 빠지거나 하기 싫어하는 티를 내면 흡연장에서 뒷담화2. R&D는 경기도 생산은 강원도에서 하는데 같은 회사임에도 불구하고 대표가 대하는 지역의 온도차이가 극명함(R&D쪽을 더 챙겨줌)3. 사람의 다쳤을 때 걱정보단 눈치주기 바쁨 4. 여성우대기업으로 선정되서 그런지 여성직원분들은 퇴근할 때 남자들은 남아서 청소그리고 가장 기억에 남았던건 다들 퇴근하고 쉬고 싶은데 몇몇 파워가 쎈 임원진들이 축구를 어떻게든 하고 싶으니 회의실에서 그걸 주제로 회의까지 했던데 제일 어처구니가 없었음
","
제가 다니는 기업이 아니라 바랄 것도 없습니다.
"
영업/제휴,전직원,경기,2020. 02,5.0,"""기술력과 영업력을 갖춘 우수한 인재가 인정받는 강소기업""","
비교적 수평적인 사무실 분위기다양한 복지제도 및 유연한 연차제도시차출퇴근제튼튼한 사업기반
","
상대적으로 낮은 연봉 및 성과급비교적 수평적이지만 일부 보수적인 조직문화기대 이상의 도덕성 및 인성 강조
","
합리적 복지 및 보상 체계 강화경청 및 형평성 유지100년 기업
"
마케팅/시장조사,전직원,경기,2020. 01,2.0,"""전형적인 능력부족 사람들이 모인 중소기업 집단. 몇몇 연차 높은 사람들의 꼰대력또한 대단함""","
의료재료 분야라 미미하지만 안정적인 매출. 라인업이 별로 없어 이직 후 금방 적응 가능
","
꼰대력있는 팀장들이 능력이 없음. 그냥 대표가 하자는 대로 하는 예스맨들임 특히 인사 마케팅 영업 한숨만 나옴
","
돈을 좀 더 주더라도 제대로 된 팀장급을 뽑기 바랍니다
"
유통/무역,전직원,경기,2019. 10,3.0,"""여가시간을 활용할 수 있기도하다. 주차장이 있어 차를 가지고 올수있으나 주차비는 내야한다.""","
연차는 윗사람눈치안보고 볼수있습니다. 해외출장이 있는 부서 그리고 강릉에서도 직원들이 내려오기도 하고  그리고 식비나와서 식사비는 아낄수있으나 밖에 나가서 먹으면 절약못할수있어요.
","
단순보고나 리포트 제출해야하는경우가 많은편이고 어떤일을 시작해서 끝맺음하는 경우가 좀 드물며 일이 진척되지않은경우가 많으나 이런경우는 어느회사나 비슷한듯합니다.
","
신규사업을 추진하는거는 좋으나 회사실정에 맞게 직원들의 눈높이를 충분히 고려하여 추진하였으면합니다.
"
유통/무역,전직원,경기,2018. 11,2.0,"""장점과 단점이 극명하게 갈린다사람에 성격에 따라서 적응잘하기도하고 반대로 적응못할수도 있다""","
자유로운 분위기(연차,칼퇴) 그리고 연령대가 젊다(해외영업기준)
","
급여가 적고 복지도 그다지 안좋음팀장급들 진짜 한숨 나올 정도로 일을 못함. 인사시스템이 사장마음임. 그리고 연령대가 젊은만큼 그에따른 단점이 많다.보철 아이템이 경쟁력이 있지가 않아서 전망은 안밝음
","
고인물은 언젠간 썪는다 무능한 중간관리자급 및 팀장들을 과감히 내쳐야 발전 가능성이 있다또한 결재 받는데 시간이 엄청 걸린다 프로세스좀 그렇게 줄이라고 말좀 하면 검토한다고 말만하지말고 실전으로좀 옮겼으면 좋겠다
"
영업/제휴,현직원,경기,2018. 11,1.0,"""앞으로 발전할 가능성낮고 취약점이 너무많으며 팀장급의 무능함이 상당함""","
장점은..딱히 없다고 해야하나 굳이 말하면 출퇴근시간 잘 지킴
","
모든면이 단점이지만 가장 심각한것은 팀장급의 무능함..
","
딱히 바라는거 없으며 이대로 쭉 진행해주시길..그래야 우리나라 세금이 절약될수있음
"
마케팅/시장조사,전직원,경기,2018. 09,3.0,"""중소기업의 전형적인 문제점이 해결과제로 남아 있는 기업 (시스템 부재), 야근 없음""","
삶과 일의 균형을 꾀하는 경우 그 목표 달성이 가능한 업무 패턴 설계 가능함
","
작은 기업임에도 기동력이 점차 둔화되는 느낌, 체계적인 인사관리 시스템/복지 없음
","
단기적인 프로젝트 해결에만 급급하지 말고, 기본적인 시스템을 확충해서 유능한 인재들을 육성, 유지할 수 있는 전략이 필요.
"
연구개발,현직원,대전,2023. 08,5.0,"""돈이 적지만 앞으로 나가려는 의지가 매우 큰 회사라고 생각""","
사람들이 좋다일이 적다 한달에 한번씩 워라벨데이로 빨리 끝내준다국가에서 하는 복지정책을 최대한 반영하려고 노력하는듯
","
사공이 많아서 일의 방향성이 계속 여러 갈래로 나뉜다
","
더 많은 투자와 복지를 해줬으면 좋겠습니다화이팅입니다
"
디자인,전직원,서울,2023. 04,2.0,"""사장과 임원이 맘대로 하는곳 직원은 눈치보고 따를수밖에""","
나름 복지지원해준답시고 대기업에서 하는걸 따라하지만직원들이 좋아하지않음
","
사장 맘대로 진행 임원 맘대로 진행경영지원부 임원이 직원과의 소통이 안됨
","
없네요 있겠습니까 상장시키려고 노력 많으십니다 열심히 하세요
"
전문직,전직원,대전,2022. 11,2.0,"""다양한 경험을 쌓을 수 있는 점이 좋았다. 신입이 일하기 좋은 회사이지만 경력쌓으면 다 나가는 그런 곳 같다.""","
연차를 눈치보지 않고 쓸 수 있고, 간식비 지원, 에어컨, 히터 , 뭐,,,등의 복지라는데 턱없이 부족하긴 하지만 회사의 복지라면 복지다.
","
일을 비효율적으로 한다. 팀별로 일 분배가 평등하지 못하고 힘든일 맡아서 하는 팀, 쉬운 일만 하는 팀 , 일 안하는 팀 나눠져있다.
","
연구원들에게 관심을 가져주면 좋겠다. 귀를 열어두시면 좋겠다... 너무 듣고싶은데로만 듣는 느낌이랄까.. 매출이 안나오는 이유가 있는듯 하다.
"
연구개발,전직원,대전,2022. 05,3.0,"""연차 쓰는거 눈치 안봐도 되는 회사입니다~ 소처럼 일하는 곳 기기적 이론이랑 시험적 이론에 대해서는 배울거 많음""","
연차 눈치 안보고 쓸 수 있다. (동기)사람들 나쁘지 않다. 기기에 관해서 배울거 많다. 시험이 관해 배울거 많다
","
회사 창립기념일 없다. 점심 매번 사먹거나 싸가거나~점심 제공없다 점심시간 1시간 뿐이라서 나가서 먹는건 허겁지겁 먹어야된다
","
창립 기념일 생겼음 좋겠습니다.인센티브 주셨음 좋겠어요~
"
디자인,전직원,대전,2022. 01,3.0,"""전직원들은 모두 좋았으나 운영진들이 별로였음 일의 체계가 없음""","
직원들끼리 사이는 좋은데 지금은 모르겠다 예전엔 밥도 잘 사주셨는데 요즘은 안그런듯
","
매일 너무 긴 회의때문에 정작 중요한 일은 못함사업이라는 걸 전혀 모르는 의사,박사들의 의견때문에정작 마케팅과 디자인이 산으로감회의만 정말 길고 잦다하지만 매번 같은 스토리지금도 마케팅 돈 아끼느라 몇년째 화장품 인지도 낮음
","
마케팅을 돈아깝다고 소소하게 적게하니 매년 매출이 그럴겁니다돈아깝다고 자식에게 아기때부터 대학생때까지 매일 흰죽만 먹여보세요 키,성장,영양이 골고루 가는지요
"
서비스/고객지원,전직원,대전,2021. 06,1.0,"""소장이나 사장 마음대로 직원을 자르는 곳""","
연봉을 다른 회사에 비해 조금 더 준다 그외에는 없다 생일을 생겨준다 정말로 없다 가끔 피자 사준거 외에...
","
소장이나 사장 아니면 인사팀장에 의사에 따라 직원을 함부로 자른다. 기준도 마음대로다 그리고 임상연구소지만 엉망이다 의뢰인에게 미안할정도 정확하게 안하고 싱험은 엉망이나 단가를 임상이라는 이유로 비싸게 부른다 의뢰은은 전문가가 의뢰한 사항을 수행한다 하지만 전혀 아님. 최고 단점은 언제 잘릴지 모른다
","
양심적으로 수행하셨으면...평가 기준을 세우고 의뢰한 임상 수행을 양심적인 단가로 정확하게 수행하시길... 의뢰 회사에 죄송할 정도입니다.
"
금융/재무,전직원,서울,2021. 05,1.0,"""아 길다 30자 별로 추천하고싶지않은 회사 화장품 업종임""","
여자는 칼퇴는가능 생일자생일케익 한달에 한번 컬커데이부서별
","
생일자케익 왜사는지 다들먹지도않고 업무바쁜데 회의실에 다모임 지금은 어떤지모르겠넹 부서별컬쳐데이 한달에 1번 금요일 3시퇴근후 일바빠는데 참 시간  허비 별 암튼 이외 복지없음
","
바라는점 없음 열악한곳에 실력있는사람와도 눈치채고 다 나감ㅋㅋ
"
금융/재무,전직원,서울,2021. 01,5.0,"""회사가 수평적이라 다니기가 너무 좋은회사입니다.제품 라인업이 우수해서 좋습니다.""","
연차 눈치없이 쓸수 있음 칼퇴근가능 상사들이 수평적입니다
","
절차가 정해진게 없습니다. 업무진행이 절차가 없습니다.야근이 간혹 있음
","
직원들에대한 귓를 귀우려 주세요~ 업무를 간소화 하시면 젛을거 같습니다.
"
디자인,전직원,서울,2020. 11,1.0,"""사장과 아이들.사장맘대로.해고는비번.녹취필요.회의회의회의회의""","
연차 자율, 복장자율,직원들은 괜찮습니다. 위치 괜찮습니다
","
사장과 인맥들. 말그대로 사장이 데리고온 아이들은 기존 직원보다 연봉자체가 다름. 사장 말 안들으면 그대로 해고. 회의는 매주 한번이지만 사장이 화내는 자리. 야근은 없지만 야근을 안하면 눈치 받음
","
싼임금으로 뼈를 바쳐 일할 노예를 찾지 마세요. 정정당당 하게 뽑으시면 해고 빈도도 줄어들일..
"
연구개발,전직원,대전,2020. 09,3.0,"""여러가지일을 배울수잇는곳, 사람이 좋은곳, 빠르게배울수 잇는곳""","
사람들이 모난 사람이 없음 일을 빠르게 배우고 여러가지 일을 할수잇음
","
일이 미친듯이 많음 일하명서 현타옴 공능제들이 많음 해결이   안되고 탓만함
","
모두 잘 됫으면 좋겟다 홧팅 열심히하는거 알아주세요
"
인사/총무,전직원,서울,2020. 09,3.0,"""기업 분위기는 밝고 자유로운 분위기그러나 그 안에 강압적이고 강제적인 것이 숨겨져 있음""","
발전 가능성이 있는 기업전문경영인이 운영하여 기업에 체계적으로 잡혀가고 있음
","
좀 강압적이고 그때그때 기분에 따라 업무 강도나 상황이 달라짐라인을 타고 안타고 그런 그룹이 나누어져있음
","
동일한 잣대와 눈으로 평가하고 경영진의 기분에 따라 달라지는것이 많아 눈치를 보게됩니다. 평가기준이 늘 동일하였으면 좋겠습니다
"
마케팅/시장조사,전직원,서울,2020. 05,2.0,"""인지도 없는 브랜드를 어떻게 크게 키울것인가에 대한 사회경험 시작을 바닥부터 시작할수 있음""","
본인하기에 야근없는 근무환경 사람들이 좋아보임 또라이가 없음.
","
주먹구구식 운영. 인사. 체계적이지 않은 분위기, 브랜드 인지도 전무
","
홍보와 마케팅을 좀 더 적극적으로 하고 전문적인 인재를 영입했으면 좋겠음. 인맥과 싼 임금만 보고 고용하지 말고..
"
기획/경영,전직원,서울,2020. 05,1.0,"""여기서 잡플레닛 관리하네ㅋㅋ안쓰려다가 참네ㅋㅋ팩트만 알려드림ㅋㅋ""","
서울사무소: 역삼역 위치 좋음 이외 장점은 없음대전공장: 신축 건물로 건물은 깨끗함 이외는 모르겠음
","
1.점심 자기돈주고 사먹음ㅋ2. 개인경비(문구류등)  사면 엄청 눈치줌ㅋㅋ3. 에어콘소리 시끄러움 ( 사무실 좋은곳좀 얻지)4. 한달에 한번씩 생일자 케익 사는데 다들 하기 시러하는데 함ㅋㅋ(생일축하노래 단체로 부름/개뻘쭘/케익사도 다들안먹음/아침부터 케익먹기는쫌ㅋㅋ)5. 돈없어서 맘에 안든다고ㅋㅋ 사람 짜름 (지방발령?ㅋㅋ)6. 프로세스 없음 주먹구구식/ 구멍가게수준/가보면 알게됨ㅋ7. 서로 책임안질려고 떠넘김ㅋㅋ8. 복지전혀없음 (한달에 1번 컬쳐데이라고있는데 3시에 출발함 지원금 부족해서 개인사비 보탬ㅋㅋ 차라리 집에 일찍가자 ) 9. 전문경영인,?ㅋㅋ 난 모르겠다ㅋㅋ10. 인생에최악의회사ㅋㅋ 많은데 그만써야지 (악감정은없고 그냥 회사는 본인이 선택하는거니ㅋㅋ)
","
합리적이고 상식적으로 경영하시면 좋은성과있을듯합니다^^
"
서비스/고객지원,전직원,대전,2020. 04,1.0,"""절대 지원하면 안되는 회사! 후회하는 회사""","
기업의 장점을 살펴보려 해도 아주 조금이나마 있는지 생각하려 해도 절대 없다. 그래서 기업의 장점을 못 쓰겠다. 그나마 장점이 겉과 속이 다르고, 겉으로 서로 인사한다는 점이다.
","
모든게 엉망인  회사 언어 폭력이 난무하고 처음엔 복지가 보여도 곧바로 없어진다. 분위기가 나쁘고 책임을 떠 넘김.
","
회사 분위기 및 회사 자체가 문제가 있다는 것을 조금이나마 인식하시길 바랬으면 좋겠다.
"
연구개발,전직원,대전,2020. 04,3.0,"""발전 가능성이 있는 회사임. 명예가 있는 사람들이 한데 모여서 만든 기업이라 발전할 수 있음.""","
연차 사용 자유로운 편, 밥 맛잇는데로 먹으러감....추석,설날때 많이는 아니어도 떡값은 나와요.
","
회의는 많이하는데 뭔가 나아지는건 없는 기분. 직원에게 바라는 게 너무 많아 할 일은 많은데 발전이 없어 지지부진한 느낌
","
조직의 끈끈함이 없어서 불편했던 것 같습니다.
"
디자인,전직원,대전,2020. 01,2.0,"""개인에게 책임이 돌아가는곳으로 책임감을 느끼며 일할수있지만 상황에 맞지않는 책임요구  , 피고용인이 보호받지못하고 여러사람이 한번에 잘림.""","
재직중엔 소규모 회사로서 개인이 원하는 비품이나 교육을 신청하는대로 전부 들을 수 있어서 좋았다.
","
전체적인 흐름을 보고 계획하고 흘러간다기 보다 관리자 층의 개인적인 욕구가 회사전체 분위기를 만든다.
","
좋은 아이템을 가진 회사이니 조금 더 체계적으로 움직이면 회사가 많이 클 것 같다.
"
생산관리/품질관리,현직원,서울,2019. 10,4.0,"""아미코젠(주)의 지분투자로 효율적인 구조의 자회사들이 함께하는 성장가능성 있는 회사""","
포지션에 따라 다르지만 비교적 출퇴근시간의 워라밸이 좋으며 남녀비율이 편중되지 않고 상명하복식의 분위기가 강하지 않아 업무적으로 의견제시가 자유로움
","
최근 연관된 회사들과의 문제 등으로 근무지의 환경 변화가 잦은 편이었음
","
직원들간의 업무평가와 연봉인상 등의 부분이 매년 적정하게 이루어졌으면 함
"
기획/경영,현직원,서울,2019. 07,4.0,"""새롭게 시작해서 계속해서 발전가능성이 많은 회사""","
전문경영인의 영입을 통한 회사시스템 구축 및 영업 활성화
","
직원수 20명 미만으로 규모가 작고, 매출 및 손익이 미미한 수준임.
","
회사쳬계 및 영업활성화를 통한 회사 발전
"
생산관리/품질관리,전직원,대전,2019. 06,2.0,"""전체적으로 해보려는 욕심만큼 기본 실력이 못 따라가는 느낌모래장에 고층빌딩 세우려고 하는 그런""","
임원진을 제외한 직원들끼리의 관계는 텃세도 없고 매우 좋았던 편, 복지도 작은 회사치고 신경써주려고 노력하는 느낌
","
전직원을 포함한 회의가 너무 잦음, 부서 특성을 배려하지 않은 참여 독려로 실제 업무 시간이 부족 부서별 인원 배분이 전혀 효율적이지 않음, 제조사인데 상대적으로 머리쓰는 일들을 한다는 부서직원들이 몸쓰는 직원보다 훨씬 많음 고쳐졌을지 모르지만 당연히 할 수 밖에 없는 잔업, 특근에 대한 수당 없었음. 요청에도 오랫동안 고쳐지지 않음어느 회사나 그렇겠지만 책임전가하려는 노력(?)들이 자주 보였음 문제가 생겼을때 내 책임이다 손드는 사람을 본적이 없음, 시스템 자체도 책임소지가 불분명하게 되어 있음
","
연구개발도 중요하지만 엄연히 제조업을 회사입니다다니는 동안 여러부분에서 계획도 중요하지만 실행이 더 중요하다는 말이 계속 머리에 맴돌았습니다 직접 일하는 실무자에 대한 배려가 조금 더 필요할 것 같습니다 계획의 방향이 쉽게 왔다갔다했던 것 같습니다 실무자 입장에서는 윗분들이 한번 결정했으면 한 방향을 계속 가리키고 있을 필요가 있어보입니다
"
생산/제조,전직원,서울,2019. 05,3.0,"""전형적인 중소기업인 느낌 다니다 노답이라 그만둠""","
뭔가 해보려는 시도는 늘 있는 기업임 사장도 위압감있지만 사원들과 소통하려는 느낌 강함
","
그치만 시도에만 그치는듯. 일이 너무 많음 직원더 뽑아주길
","
적극적인 자세는 좋은데 항상 거기에만 미쳤던듯 더 나아지는 느낌이 없어서 관둠.
"
디자인,전직원,대전,2019. 01,2.0,"""연봉 박봉이고 경영 사장이 데리고 온 애들은 연봉과 직급이 어이없게 높음 ㅋㅋㅋㅋ다 과장이고 차장임 ㅡㅡㅋㅋㅋㅋㅋㅋ""","
딱히없음 점심 맛있는데로감. 연차 눈치안보고 사용 가능. 주말이나 야근을 당연시 생각함. 휴가일때나 주말이나 밤늦게 전화하는 박사가 있음.
","
디자인1도모르는 대표나 박사들이 참견해서 디자인의 주관적인게 없음. 그래놓고 디자인 이렇게해라 저렇게해라 그래서 독보적인 아이템이없음. 마케팅 홍보 지원도안해주면서 매출 안나온다고함 어이없음
","
박사는 연구만하길 바람. 대표나 박사 외에 어이없게 디자인 참견 하지말고 그냥 마케팅비용이나 지원해줘라. 대표는 사이트가 어렵다고한다. 무통장입금이 뭐냐고 물어본 대표부터 잘못됨;; 그리고 야,너,언니 막말 대박 밤늦게 전화해서 일시키는...
"
