﻿직무,고용 현황,근무지,날짜,별점,요약,장점,단점,경영진에게 바라는 점
마케팅/시장조사,전직원,서울,2023. 10,2.0,"""사옥이 있으며 퇴사하고 후회가 안 남는 회사""","
전용 사옥있는 것과 자유로운 복장, 출퇴근 시간 선택 가능, 팬덤활동비 5만원 지원
","
부서별로 다르지만 주말 근무나 야근도 종종 있는 편이고, 고인물 그들만의 뭉치는게 있음팀장이 가져야 할 능력이 없는거 같은데 왜 팀장인지 모르겠음본인이 이뻐하는 사람과 아닌 사람한테 대하는 태도가 너무 달랐음
","
출근 시간 빡세게 관리하셨으면 좋겠어요
"
서비스/고객지원,전직원,서울,2023. 10,1.0,"""난 여길 떠난 것을 매일 같이 후회 안해. 지금 현직자들은 여러모로 고생일듯.""","
회식비를 5만원씩 주었던 것이 그래도 한 달에 밥 한 번 얻어 먹을 수 있어서 좋았다
","
이해할 수 없는 복지 제도가 너무 많았고. 각 부서별로 성격 파탄자들도 많았고. 그리고 돈을 벌어다주는데 그걸로 이득 보는 분들이 고마워하지 않았던 것 같음. 고래고래 소리 지르는 직원들도 있었음
","
배우들은 왜 영입하기 시작한걸까? 띠용합니다.. 혹시 회사의 비전은 뭔가요. 리더분들 체면차리기는 아닌가요?
"
마케팅/시장조사,전직원,서울,2023. 09,1.0,"""본인들끼리만 잘나간다고 생각하는 회사""","
분위기는 자유로운 것 같음 업무 용품이나 공간은 깨끗함 기분좋을때는 잘대해줌
","
특정 팀이 유독 문제. 비슷한 경쟁사든, 퇴사자든, 타팀이든 같은 팀이든 뒷담화하는걸 참 좋아하는 것 같아요 채용 공고와 다른 고용방식 등 직원들을 그정도로밖에 생각 안해주니 성장할 수 있을리가... 경쟁사들은 각자 분야에서 자리잡고 성장하는데 돈만 쫓고 정체성 없이 이것저것 닥치는대로 다 하다보니 제대로 된게 없고 위치가 이도저도 아니게 됐는데 본인들만 모르는 듯... 어차피 이렇게 써도 많이 입사하실텐데 채용공고와 채용 방식 다릅니다ㅎㅎ...아무것도 모르는 초년생들만 굴려먹고 아는 사람들은 다 피하는 곳...
","
정상적인 채용절차와 내부 승진제도가 갖춰졌으면 좋겠습니다 밖에서 보니 웃기네요
"
미디어/홍보,현직원,서울,2023. 08,1.0,"""밖에서는 취급 못받는 고인물만 가득한 회사""","
일하는데 필요한 사무 용품 및 모니터를 제공해주고 추가 근무에 대한 연차를 지급은 해줌. 같이 일하는 동료급들은 좋음.
","
윗선 사람들 그리고 특정 팀 팀장급들이 노답. 아랫사람들 무시하고 퇴사자들 뒷담까고 직원들 꼬투리 잡을 시간에 본인들 일이나 제대로 하시길. 더 말하기도 아까울 정도로 인성 터진 사람들이 많음 뭐 본인 문제를 전혀 모르니까 그 우물 안에서만 떵떵거리는거겠지만요^^
","
노답인 분들은 방류하지 마시고 그 안에서 데리고 계셔주세요
"
의약,전직원,서울,2023. 08,1.0,"""말하기도 아까운 역대급 최악 회사. 원수가 간다면 눈물 흘리면서 기뻐할 회사.""","
팬덤 활동비 지원. 한달에 한 번 간식 나눠준다. 그리고... 없다.
","
스타트업 정치질 끝판왕 회사. 사내 정치질이 무엇인지 알고 싶다면 이 곳을 들어가면 알 수 있다. 극악의 연봉 인상률, 실력도 없으면서 정치질로 잘 살아남고 싶어하는 사람들이 너무 많음.
","
할 말이 없다. 어떻게든 회사는 굴러가겠지 하면서 인력에 낭비하는 돈이 너무 많다.
"
의약,전직원,서울,2023. 07,1.0,"""정치질이 난무하는, 그리고 그 정치질을 컨트롤하지 못하는 우당탕탕 엉망진창 회사. 여기 후기 말고 블라인드 후기가 정확함.""","
님 호칭단독 사옥노트북 제공커피 머신 비치이외 생각나는게 없음
","
1. 복지라는게 전무함. 그나마 문화비로 고작 몇만원 지원해주는데 그것도 그냥 주는 것도 아니고 생색 오짐.사용처는 KPOP 관련한 것만 가능하도록 극도로 제한, 그조차도 사용 후 회사 업무와 관련성 있도록 피드백 제출해야 함. 근데 업무는 또 아니라며 업무 시간중에 써서 제출하면 뭐라함.2. 지각한 만큼 분 단위로 연차에서 깜.근데 야근은 30분도 아니고 한시간 단위로 카운팅해서 돈 줌.고로 한시간 미만으로 야근하면 0시간 야근한 것과 같음.3. 정치질하느라 바쁜 직원들. 그 중 승리자들만 남아 곪고 곪아가는 중.특히 모 팀은 매번 어디서 그렇게 정치질만 잘하는 폐급들만 쏙쏙 골라왔는지 신기할 지경다른 팀이 뭐 좀 요청하면 별거 아닌것도 이딴거 왜 해달라하냐고 욕하기 바쁘고 어떻게든 핑계+방어적이고 비협조적 태도다들 일은 안하고 하루종일 팀내든 팀외든 임원진 제외 모든 전사 직원들이랑 기싸움하느라 바쁨임원진들한테 서로서로 자기 좋은쪽으로 한마디라도 더 덧붙일 수 있는 기회만 호시탐탐 노림못버텨서 한명씩 나갈때마다 매번 이제는 잠잠해지려나 싶으면 다시 기싸움 시작. 그래서 기존 인원들 줄줄이 나감분위기 좋다는 주작냄새 풀풀나는 후기에 속지 마시길4. 열심히 일한 직원들 팽회사는 급성장하는 와중에 함께한 직원들에 대한 연봉이나 복지 처우는 전혀 좋아지는게 없음. 역대급 매출이라고 자랑할땐 언제고 연협때는 실제 회사에 들어오는 실수익은 얼마 안된다고 말바꿈. 열심히 써먹고 더 이상 필요없어지면 아웃. 그래놓고 뒤로는 이름있는 연예인들 대거 영입. 열심히 일해준 내 시간이 너무 아까움.5. 식대 물론 없음. 근데 주변에 식당도 별로 없고 카페도 몇개 없음. 학동역이랑도 5분거리 절대 아니라 더 멀고, 언덕 올라가야 함. 그 흔한 스벅도 10분은 넘게 걷고 큰 길 하나 건너야 겨우 도착함. 주변 지형 자체가 평지가 아니라 전부 오르막길이라 커피 하나 사러 갔다 오는것만해도 힘듦.
","
없음. 그냥 뭐.. 지금처럼 많이 버셔서 부자되세요. 이미 부자인 것 같지만요.
"
마케팅/시장조사,현직원,서울,2023. 07,4.0,"""계속 새로운 분야로 확장 중인 스타트업 성장 가능성이 높아보입니다""","
박해일 등 배우분들 많이 영입함케이팝 회사들 중에서는 앞서 나가고 있음전반적으로 사람들 착하고 분위기 괜찮음
","
지하철역에서 회사까지 오르막길이 좀 힘들다휴게공간이 부족함
","
휴게공간을 많이 만들어주시면 직원들이 더 힘내서 일할 것 같습니다
"
개발,현직원,서울,2023. 06,5.0,"""스타트업 치고 자유도가 낮다는 생각이 가끔 들긴하지만, 합리적인 회사""","
연차를 눈치 안보고 사용가능, 야근시 수당이 존재함, 간식이 존재함
","
자정 작용이 덜한것 같다. 무개념인들에 대한 벌칙제도가 미비하다.
","
신규 사업 추진에 적극적인 의지를 보여줬으면.
"
개발,전직원,서울,2023. 06,3.0,"""회사 자체는 좋음. 사람은 글쎄... 계속 바뀌니까 언제들어가냐에 따라 다를듯""","
눈치안보고 연차 사용 가능(팀마다 다를수도). 야근수당지급. 업무공간 깨끗하고 장비좋은걸로 맞춰줌
","
퇴사자중 야근수당을 악용하는사람이 있었음. 다양한 빌런이 끊이지않음. 팀장급 흠...
","
인사관리 잘해줬으면! 유독 어느곳에 교체가 많이 일어나는데 거기 좀 빌런집단임
"
기획/경영,전직원,서울,2023. 04,4.0,"""다양한 아티스트와 글로벌 팬덤, 방송산업, 신사업 등 엔터 산업의 다양한 경험을 할 수 있어서 좋다.""","
연차 사용 자유롭고, 워라밸이 좋아 퇴근시간에 눈치보지 않고 퇴근 가능. 그리고 야근하면 1.5배 연차로 부여함
","
회사의 체계가 잡혀있지 않고, 부서간 업무의 협업과 소통이 원활하지 않은듯? 입사자가 많지만 그만큼 퇴사자도 많다.!
","
회사에서 일하는 사람 따로있고, 노는 사람 따로있다?! 직원 관리 좀 잘하자
"
의약,전직원,서울,2023. 03,2.0,"""원수가 다닌다면 도시락 싸면서 말리지는 않을 회사""","
반반차가 자유로웠다 지금은 변경됨사옥이 있다 단점많은 사옥이지만
","
돈이 되는 일이라면 아무거나 다하는 느낌뭐만하면 퀵하게 진행하자고 함기업이 번돈은 많은데 순수익이 낮다는 이유로 엄청나게 짠 연봉 협상회사에 휴게공간이 단 한곳도 존재하지 않음 쉬고 싶으면 밖으로 가거나 자리에서 쉬어야함
","
돈 되는 사업이라면 아무거나 다 하는 느낌인데 포커싱을 잡았으면 좋겠습니다~
"
미디어/홍보,전직원,서울,2023. 02,3.0,"""복지나 대우 자체는 나쁘지 않으나, 회사의 발전 가능성은 모르겠음""","
연차를 자유롭게 쓸 수 있음, 업무에 대한 체계가 어느정도 있음, 젊은 분위기의 회사임
","
연차를 쓸수는 있으나 쓸 시간이 없음, 장기 근속자가 많이 없다보니 직급 등 사람 관리가 잘 안되는 느낌, 업무의 강도에 비해 연봉이 적음
","
직원들에게 회사를 위한 희생과 노력을 바라는 만큼 회사도 직원들에게 그에 마땅한 대우를 해줘야 함
"
마케팅/시장조사,전직원,서울,2022. 11,1.0,"""겉으로 보기엔 좋아보이지만 속은...""","
-연차 사용이 편함-사옥이 깔끔함 -같이 일하는 ‘몇몇 동료’들은 좋음-일 자체는 적성에 맞으면 재밌을 수 있음
","
-사내정치 및 어딘가 이상한 직급체계. 사내문화 엉망-앞뒤가 다르고 내로남불이 심한 몇몇 사람들 -배울것 없는 상사-팀 내든 팀 끼리든 물어뜯고 저격하기 바쁨 -텃세 있음 이럴거면 신입은 왜 뽑는지 모르겠음-계약이 엉망임. 특정 부서들은 인턴만 구해서 잡일만 시킴. 전환 된다고하지만 전환되기 전 퇴사시키거나 퇴사하게만듦
","
겉으로 보이는거에만 급급해하지말고 ... 윗물이 맑아야 아랫물이 깨끗한 법인데 여긴...
"
기획/경영,현직원,서울,2022. 08,3.0,"""해외 유저가 많은 글로벌 플랫폼 엔터테인먼트사""","
칼퇴 가능, 젊은 구성원, 지속적으로 인원 증가, 연예인 행사 진행, 해외 유저 많음
","
부족한 복지, 엄격한 출퇴근 관리, 교육이랑 행사 부족, 부실한 물류, 무조건 배송비 받음
","
복지 필요, 평가 기준 필요, 오픈 커뮤니케이션 필요
"
기획/경영,현직원,서울,2022. 07,2.0,"""리더진 중에 분명히 짠돌이가 있는데 그게 누군지 모르겠는 그래서 누구가 빌런인지 모르겠는""","
덕질비용 5만원 줌 슬랙 사용야근 안하고 싶으면 도망쳐도 됨
","
대신 덕질 비용 5만원임. 그 외 교육비 지원 없음.슬랙 사용치고는 이사진들은 너무 늙음.야근 안하고 다음날 일 하면 됨. 빡세게. 쉬는 시간 없이.
","
제발 자유로운 분위기를 진짜로 원하는 것이 아니라면 척이라도 하지 않았으면 좋겠습니다. 생각보다 많이 숨막히는 업무 환경입니다.
"
개발,전직원,서울,2021. 12,1.0,"""전형적인 탑다운 방식, 소프트웨어 회사지만 소프트웨어가 중헌질 모름""","
퇴근할때 눈치 안보는건 진짜 좋긴했음... 그게 관심을 못받아서지만
","
개발에 관심이 없음 맥북 4년전 모델 다 죽어가는거 줄 정도로..
","
소프트웨어 사업을 하시니 개발팀에 신경좀 써주셨으면 합니다
"
기획/경영,현직원,서울,2021. 07,5.0,"""K POP 프로젝트 수행하는 엔터테인먼트 회사임.""","
엔터쪽 커지면서 미래 기회가 커지고 있음. K POP 등 엔터쪽 일을 하다 보니 생각보다 일은 말랑말랑하게 재미있음. K POP 덕업 일치하길 원하는 분은 특히 좋음. 야근은 거의 없음. 영어 잘하면 회사에서 좋아함.
","
점심 제공 없음. 이벤트가 주말에 열려 주말에 일해야 하는 직원이 있음. ( 주말에 일하는 것에 대한 보상은 줌 )
","
쉴 수 있는 휴식 공간이 늘어나면 좋겠습니다.
"
마케팅/시장조사,현직원,서울,2021. 06,4.0,"""빠르게 성장하고 있는 케이팝 스타트업. 글로벌 케이팝 팬덤 내에서 인지도 높은 서비스로 미래가 밝은 듯""","
케이팝 시장 자체가 급격하게 커지고 있기 때문에 그 수혜를 입고 회사도 빠르게 성장하고 있음. 본인이 의지만 있으면 새롭게 시도해보고 배울 수 있는 기회는 많음엔터 산업이기 때문에 기본적으로 일은 재밌음. 사람들이 대부분 부드럽고 착한 편임. 최근에 투자도 받고 새로운 사람들도 들어오면서 전반적으로 체계도 잡고 조금씩 발전하고 있는 것 같습니다
","
작년에 매출이 두배 이상 뛰면서 업무가 갑자기 몰려서 다같이 고생함. 올해 넘어오면서 프로세스도 정비하고 워라밸 높이기 위해서 이것저것 제도 만들면서 계속 나아지고 있긴 함
","
워라밸 높이고 회사를 더 좋게 만들기 위해서 계속 노력해주세요
"
마케팅/시장조사,전직원,서울,2021. 01,3.0,"""성장하고 있는 것은 분명한데 그래서 모두가 힘들어 하는 듯 했다""","
여러 국가 유저들을 상대로 할 수 있다는 게 특별한 경험이다.
","
회사나 회사의 서비스를 좋아하는 직원을 보지 못했다. 한결같이 모두들 그만둘 생각만 한다. 실제로 많은 사람들이 들어왔다가 나갔다.
","
연봉이 다른 회사에 비하여 낮은 편이라고 생각. 그에 비해 스트레스는 큼.
"
전문직,전직원,서울,2020. 12,2.0,"""사람 갈아서 씀.. 너무 힘들었음. 그만두길 잘했다는 생각""","
음료 자유롭게 마실 수 있음. 그것만 좋았음. 일 끝나면 칼퇴이긴한데 조금 눈치보임
","
체계적이지 않음. 업무 비효율성. 야근 많이 함. 회사가 발전하지 못하는 이유는 분명 존재함
","
새로운 사람이 들어온다는 건 문제가 있다는 말. 고로 회사의 발전을 위해서는 체계적일 필요가 있을 것 같다.
"
기획/경영,전직원,서울,2020. 12,3.0,"""엔터테인먼트에 대한 동경이 있다면 추천. 그 외에는""","
연예인과 접할 기회가 있음. 스타트업이라 어느 정도 자유로움
","
파트에 따라 다르지만 주말 근무량이 많음. 근무강도에 비해 전반적인 근무시간이 많음
","
직원들에 대한 희망만 주지 말고 희망이 실현되는걸 어느정도 보여줄 수 있어야 할 듯
"
기획/경영,현직원,서울,2020. 11,3.0,"""전세계 케이팝 유저들을 대상으로 하는 엔터테인먼트 플랫폼""","
케이팝이나 대중문화에 관심있는 사람이라면 한번쯤 추천해주고 싶다. 좋은 사람들과 다양한 업무를 경험할 수 있다
","
일이 너무 많다. 업무량에 비해 인원이 부족하다. 사람 뽑는다고는 하는데 쉽게 충원이 잘 안된다.
","
직원들이 진짜 원하는게 뭔지 고민을 하고 서로 탁 터놓고 대화할 수 있는 기회를 많이 가졌으면 좋겠다
"
전문직,전직원,서울,2020. 11,4.0,"""보람차게 일할 수 있는 곳 규모는 작지만 성장 가능성이 보임""","
자기 일 할당량만 끝내면 된다. 사내 분위기와 업무 분위기가 좋다
","
회사 규모가 작아서 성장 가능성은 보이나 바쁨 직원 복지가 부족함
","
직원들을 위한 복지마련에 힘을 써줬으면 좋겠다
"
개발,현직원,서울,2020. 10,1.0,"""꿈과 미래는 밝아보이나 서로 협업이 안되는 상황에서 ㅅ스템의 개선이 너무 안됨.너무 을의 입장에서만 일을 하게 됨.""","
전체 직원들의 평균 나이가 굉장히 젊은 편입니다.회사가 2호선 라인에 있으며 출구와 매우 가깝습니다.
","
굉장히 개방적인 스타트업을 표방하지만 실질적으로는 굉장히 보수적이고 임원들의 기분에 따라 룰이 그때그때 적용 됩니다.매출은 계속 늘고 있지만 빚좋은 개살구 느낌입니다.
","
제발 인원이 나가면 새로 채용좀 해주길..퇴사율이 왜이렇게 높은지 고민을 좀 해주길..
"
미디어/홍보,전직원,서울,2020. 09,3.0,"""IT회사의 탈을 쓴 엔터테인먼트 회사.연예인을 정말 좋아한다면..""","
편하게 다닐 수 있다. 젊은 회사다. 실무자들 인성은 좋아요
","
퇴사자가 매우 많으며 퇴사율이 높음. 스타트업이지만 스타트업 문화는 아니다인수인계를 바랄 수 없다
","
사업 비전의 제시를 부탁합니다. 리더십 부족한 경영진
"
기획/경영,전직원,서울,2020. 07,3.0,"""현재는 회사 규모가 비교적 커져서 어떨지 모르겠지만 다양한 직무를 경험해보고 싶은 사람들에게 추천""","
일하다가 운 좋으면 좋아하는 연예인 가끔 볼 수도 있음. 다양한 사업분야 경험 가능
","
어쩔 수 없이 잦은 야근과 주말 근무 하지만 주말 근로 수당 안 줌
","
더 실질적인 복지를 제공해줬으면 좋겠다
"
마케팅/시장조사,전직원,서울,2020. 05,3.0,"""일이 알아서 굴러가는 회사. 체계만 잡히면 더 잘 굴러갈 텐데 체계를 잡을 시간적 여유가 없음.""","
엔터업계치고 수평적인 분위기. 일 없으면 눈치 보지 않고 퇴근도 금방 할 수 있고 사람들도 괜찮다. 휴가도 비교적 자유롭게 사용할 수 있다.
","
업무 체계가 제대로 잡혀 있지 않다. 비효율적인 대기시간이 발생하면서 일이 꼬이고, 같은 말을 반복하며 누적되는 피로감이 상당함. 업무 도구 사용법에 대한 합의점이 없고 공감대가 형성되지 않아 업무내용이 파편, 구전되고 한 얘기를 또 해야 된다.
","
브랜드 이미지에도 최소한의 투자와 신경을 써줬으면 좋겠다. 그 부분에 있어서만큼은 바깥에서 들려오는 기분 나쁜 이야기들에 귀를 열어두어야 하지 않을까?
"
영업/제휴,현직원,서울,2019. 12,3.0,"""다들 사람 좋으며 친절하고 다정하다. 그 외는 글쎄. 잘되기를 소망하고 기원한다. 진심으로""","
퇴근에 크게 눈치를 주지 않으며, 연차사용에도 크게 문제가 되서 반려되지 않는다.
","
아주 작은 비용에도 컨펌을 받으며 써야할 때 애끼려고해서 실무자로서 참 안타깝다
","
실무자로서의 역량과 관리자로서의 역량은 다른거니까, 전문 경영인 또는 컨설팅을 받아서 회사가 잘 되는, 그래서 임직원들도 잘되는 길을 진심으로 고려해보았으면 한다.
"
기획/경영,전직원,서울,2019. 08,3.0,"""혼자 배우고 터득하고 일 처리 해야함""","
-혼자 모든 일을 처리 해야하기 때문에 업무 스킬 늘릴 수 있음-연차사용이 비교적 자유로움
","
-혼자 다 처리 해야함-잡업무가 많음-팀간 업무경계 불명확
","
경영진에게 바라는 점 별로 없습니다.
"
마케팅/시장조사,전직원,서울,2019. 06,4.0,"""케이팝, 엔터테인먼트 업계에서 성장가능성이 보이는 회사. 잘되는 프로젝트는 알아서 굴러갈 정도.""","
눈치는 살짝 보여도 칼퇴 가능. 사람들 대체로 호감형이고 잘 대해줌.
","
팀에 따라 야근해야 할 수 있고, 스타트업이라 체계가 안 잡혀 있는 느낌 가끔 듦. 높은분들이 지나치게 회사를 높이 보고 있음.
","
결국 일하는 건 실무자이니 실무자 말에도 귀기울여줬으면. 능력대로 급여 지급했으면.
"
마케팅/시장조사,현직원,서울,2019. 05,5.0,"""능력치가 높은 신입이나 경력직은 기회가 많음. 반대로 조금만 어정쩡해도 금방 도태되는게 티나는 회사.""","
시장이 큰편이고 그 안에서 빠르게 성장하는 기업. 개인적인 기회를 많이 가져갈 수 있는 회사. 중간 관리자가 부족한 편이여서 승진의 기회는 많다.
","
중간관리자가 부족하다 보니 신입들의 성장 조건에는 좀 부적합. 매우 적극적이어야 살아남을 수 있다.
","
전반적인 모든 포지션에 잡일이 많은편이라 이를 덜어줄 수 있는 시스템화를 더 적극적으로 해주었으면 한다.
"
마케팅/시장조사,전직원,서울,2019. 04,2.0,"""연예관련직종으로 연예인을 좋인한다면 추천""","
다양한직군이 한데 어울려 일하는 분위기로 스타트업의 장점과 단점을 갖춘회사
","
연차사용이 어렵고, 복지에 대해서는 관심이 없는 회사 무능력한 위사람들로 인해 대리 사원급이 고생. 겉으로 스타트업 처럼 보이지만 사실은 엄청 수직적인 회사
","
투자사의 눈치보다 직원들을 생각하고 품어주기를 희망하며, 수익구조 개선을 통해 회사를 키워나갔으면 좋겠습니다.
"
서비스/고객지원,현직원,서울,2019. 03,4.0,"""월요병 걱정X, 간식천국, 자율적이고 수평적인 근무환경과 조직문화를 바탕으로 하는 성장 가능성이 무한한 글로벌기업.""","
월요일은 오후 1시 출근. 시행한 후로 월요병에서 완전히 탈피+연차,연휴 잘 사용하면 그야말로 꿀임. 일찍 출근하고 늦게 퇴근 해야한다는 압박도 없고 눈치도 없음. 자기 할 일만 잘하면 됨. 무엇보다 간식 무제한이라 배고픈 걱정해본적 없음. 팍팍 사주심. 수평적인 문화가 지배적이다보니 각 조직간 협업이 잘 되는편. 글로벌 기업이다보니 비즈니스 전반이 글로벌 중심으로 흘러감. 국문포함+외국어능력이 뛰어나면 많이 우대.
","
부서에 따라 가끔 주말 업무가 있다. 현장 이벤트 지원나가거나 등등.. 그런데 대체휴무 사용해서 쉴 수 있어서 커버가 됨. 주변에..맛집이없다면 흠인게 흠
","
체계적인 업무 분배가 자주 필요함. 프로젝트 별 혹은 태스크포스로 분장 필요. 하지만 최근에 이 부분을 잘 인지하고 잘 진행되고 있음.
"
마케팅/시장조사,현직원,서울,2019. 02,4.0,"""한류 엔터 콘텐츠 플랫폼으로는 시장에서 독보적. 한국, 일본에서 카피캣이 생겨나는데 이건 시장이 검증되었다는 것이고 파이가 커지고 있다는 현상이기 때문에 긍정적으로 전망함""","
월요병 없는 주4.5일 근무, 10시 출근, 젊은 분위기, 꽉찬 냉장고?
","
간혹 휴일에 팬미팅 현장 지원 나가야 하는 일 발생. 뭐 대체휴무 있긴함.
","
지하철 출구와 연결된 건물로 이사갈 수 있으면 좋겠다?
"
마케팅/시장조사,전직원,서울,2018. 03,5.0,"""개인의 목표가 강하지 못하면 버티기 힘든 회사. 하지만, 목표가 강하면 성장의 기회가 많다.""","
서비스 초기이지만, 주목받는 업체. 초반기여를 통해 다음 커리어에 도전하기 좋다.
","
스타트업의 특징이긴하지만, 워낙 뒤도 안돌아보고 달리는 느낌. 개인적으로 빠른성장이 목표가 아니면 쫒아가기 힘들다.
","
일반직원에게 비전과 미션이 자주 업데이트 되었으면 좋겠다.
"
디자인,전직원,서울,2018. 01,2.0,"""연예인에 관심있으면 경험해 봐도 좋을 회사. 하지만 나는 있던 관심이 사라졌다.""","
경영진이 노는걸 좋아하고 왁자지껄한걸 좋아해서 사무실에서 떠들고 놀 수 있음. 경영진 비위만 잘 맞추면 편하게 다닐 수 있는 회사. 직원들이 착하다. 야근을 자주하면 칭찬받는다.
","
말뿐인 복지. 담당자를 대체할 수가 없어서 연차를 마음대로 쓸수도 없고, 채용공고에 올라와 있는 복지는 회사 다니는 동안 받아본적이 없음. 사람 나갈때만 보여주는 식의 복지 하나씩 생김. 회사가 작아서 경영진과 함께 일해야 하기 때문에 업무에 있어서 지장이 있고 야근을 당연하게 여김.
","
야근=애사심이라는 고리타분한 생각을 버리시길. 처리해야 될 업무가 있으면 빨리 처리해 주세요. 경영진이 늑장부리다가 마감기한 다 되서 실무자가 받으면 실무자는 야근해야 합니다.
"
디자인,현직원,서울,2016. 12,3.0,"""성장하는 회사, 함께 성장할 기회가 있는 회사. 새로운 시도를 함께 도전해볼 수 있는 회사""","
자신의 스타일로 일을 할 기회가 많음. 기존 업무 시스템에 고착화되지않고 더 좋은 방안을 제안한다면, 이를 바로 적용할 수 있음. 밝은 분위기, 회식을 강요하지 않음. 구성원의 연령대가 높지 않아 대체적으로 편안함
","
경영진에서 조절해야할 부분이 아주 매끄럽게 이루어지진 못한 것 같음. 야근수당 없음, 점심 제공 없음, 복지혜택이 타기업에 비하여 부족함
","
직원들의 열정을 바란다면, 바라는 복지에 대하여 조금 더 귀를 기울이고 이를 반영해주었으면 합니다.
"
기획/경영,현직원,서울,2016. 12,4.0,"""제법 빠르게 성장하는 기업. 엔터테인먼트 전반을 다루는 회사""","
아직 초기 기업이고 주도적으로 일 할 수 있는 분위기.
","
주도적으로 일하지 않으면 조금 힘들 수 있다. 자기성장 목표도 뚜렸해야 하는 것이 스트레스면 버티기 어려움
","
좀더 빠른 의사결정과 어느 정도 과감함도 있었으면 좋겠다.
"
기획/경영,전직원,서울,2016. 10,3.0,"""자유로운 것이 매력인 회사. 그것은 장점으로도 또 단점으로도 존재할 수 있음.""","
연예계 쪽에 방통한 사람들이 많아 일이 계속해서 들어옴. 그래서 눈치보면서 일할 필요는 없는다는 게 장점. 또 분위기가 워낙 자유로워 많은 것을 해볼 수 있음.
","
워낙 자유롭다보니 체계가 없어서 그냥 아무나 닥치는 대로 일하는 것이 보통. 일 하는 사람은 하고 안하는 사람은 안함. 또 연예계 쪽 일이 그렇듯, 일이 계속 들어오지만 엎어지는 경우도 많음. '확실하지 않은 것'이 문제인 곳.
","
좀 더 확실하게 일을 만들어 줬으면 좋곘습니다. 또 직원들에게 애사심을 바라는 것도 좋지만 그만큼 애사하도록 열심히 일할 수 있는 그런 분위기를 조성해주세요. 하다못해 뭐 하나 엎어져도 그만큼의 노력이 들어간건데, 돈과 돈으로 이루어진 관계를 원하는 게 아니라면 모른척하지 말고 말이라도 위로해 주면 가족같은 분위기가 되어가지 않을까요?
"
기획/경영,전직원,서울,2016. 09,2.0,"""경력직에겐 그럭저럭, 신입에게는 비추""","
내가 회사를 성장시키고 있다는 보람을 느낄수 있음.회식이 그리 많지 않음.엔터테인먼트 분야에 관심이 '정말 매우' 많다면 한번쯤 일해볼만 하지만 추천은 글쎄..
","
아직 성장중인 스타트업이라 적은 인원으로 큰 효율을 얻고자 하는 분위기. 직원들에게 바라는게 많음.•업무별 담당자가 한명뿐이라 단체 카톡방에서 수시로 업무와 관련된 카톡이 옴. 그래서 주말에 급할때, 혹은 아파도 일해야함. 한마디로 쉬는날 잠깐이나마 회사생각 안하고 싶어도 그럴수 없는 분위기. 그런데 주말이나 아플때 일한다고 해도 추가근무에 관한 수당이 나오는게 아님.•가끔 자신이 맡은 파트뿐 아니라 다른 분야 업무도 해내야함. 또한 모든 업무를 혼자 알아서 해야하기 때문에 일을 배워야하는/배우고싶은 신입에게는 절대 비추. (만약 도전정신이 스스로도 주체못할 정도로 펄펄 끓어넘칠 정도라면 예외)•은연중에 직원이 야근하길 바란다거나 야근을 당연시하는 분위기가 존재하는데 안그런척함. 물론 야근수당 역시 없지만 귀가택시비는 (추후에 청구하면) 챙겨줌.•특정 분야에 제일 정통한 사람을 담당자로 뽑아놓고 정작 담당자가 낸 아이디어는 잘 듣지 않고 경영진이 원하는대로 흘러가도록 유도함. 경영진이 은근 보수적이며 사람을 다룰줄 모름.•취업사이트에 올린 구직공고 속 복리후생과 실제에 차이가 있으므로 너무 기대하지 말것. 갭이 어느 정도인지 1~5의 숫자로 매긴다면 대략 4정도? (숫자가 클수록 갭이 큼)
","
유능한 사람들 데려갔으면 제발 들들 볶지말고 잘해주세요.  직원들이 불만사항 얘기하면 피드백 잘 해주시구요. 이대로 계속된다면 월요병 없는 회사를 만들겠다던 꿈 이루시기 힘들거에요.
"
기획/경영,전직원,서울,2016. 04,1.0,"""한류와 연예인빨로 버티는 회사.연예계에 관심이 많다면 한번쯤은 일해볼만 하지만 추천은.. 글쎄요..""","
연예인을 좋아하면 해당 프로젝트에 한해 연예인을 만날 수 있는 기회도 있음(담당 기획자).자유로운 분위기.업무가 한정되긴 해도 혼자서 여러가지 일을 해야하기 때문에 그만큼 배움.이직 시 기업고르는 안목을 길러줌.
","
업무별 담당자가 한명씩이라 연차나 휴가를 마음대로 쓸 수 없고, 갑작스런 야근이 잦음. 휴가때도 업무 도와달라고 연락이와서 개인 생활이 불가능 함.주말출근을 해도 수당은 물론 대체휴일 없음.알아서 업무진행을 해야하기 때문에 신입에게는 올바른 성장에 어려움이 있고 맡은 업무량이 많음.단체 카톡방같은 업무와 관련된 메신저를 써서 퇴근, 휴일이 없고 아파도 집에서 업무처리를 해야함.야근 = 열정, 애사심 이라는 인식.구인,구직 사이트에 있는 복리후생과 실제가 차이남.도망가는 사람도 많고 잘리는 사람도 많음.스타트업이라 직원에게 해줄 수 있는건 없지만 바라는건 많음.신입연봉은 평균에 비해 좋은편이나 경력연봉은 낮은편.사무실이 나눠져있어 의사소통이 힘듦.
","
열심히 일하는 직원들 자꾸 놓치지 마시고 직원들 얘기에 귀기울여 주세요.원칙만 지켜도 사람들이 나가지 않을껍니다.
"
