﻿직무,고용 현황,근무지,날짜,별점,요약,장점,단점,경영진에게 바라는 점
개발,전직원,서울,2023. 10,4.0,"""스타트업이라 아직 불안정하지만 앞으로 기대되는 기업""","
식대로 나오는 카드가 있어 아주 매력적인 복지 / 연차가 자유로움
","
상여금이 아쉬움 / 명절 + 성과금 등 아직 스타트업이라 그런지 많이 적음
","
앞으로도 좋은 제품 많이 만들어주세요 응원할게요
"
금융/재무,현직원,서울,2023. 10,5.0,"""조직과 개인이 함께 성장할 수 있는 곳 / 배울점 많은 경영진&리더&동료""","
입사동기분들도 너무 선하시고, 다들 각자의 위치에서 열심히 일하는 분위기라 하루하루 출근하면서 기분이 좋습니다. 업무 특성상, 리더분들 그리고 구성원 분들과 소통하고 교류해야 할 일이 많은데, 다들 너무 친절하고 빠르게 협조해주셔서 감사한 것 같아요. 그리고 사소한것에도 너무 적극적이고 서로 응원도 많이 하는 분위기인 것 같아요.특히, 함께 일하는 팀 - 배울점도 많고, 책임감이 강해요. 가벼운 질문해도 잘 알려주는 것들. 서로간 좋은 브런치도 공유해주고, 회사에 동기부여할 수 있는 인사이트를 주고 받을 수 있는 동료가 있어서 감사합니다.조직의 성장과 더불어서, 개인의 성장까지 함께 고민할 수 있어서 일에만 몰입할 수 있는 것 같아요. 아직까지는!
","
솔직히 아직 입사한 지 얼마안되어서, 잘 모르겠습니다.굳이 꼽자면, 화장실이 1개라서 다소 불편할 때가 있었습니다. 10월에 이사간다고 하는데, 얼른 이사갔으면 좋겠어요 ! 음, 저희 팀은 재택인원이 적어서 그래도 소통을 많이 하는 편인데, 타 팀과의 교류도 더 많아졌으면 좋겠습니다 ! 서로 각자 코코지를 위해 어떤 몰입을 하고 있는지 ? 그런 부분들이 생긴다면 각자 조직에서의 '의미'가 더 커지기도 하고 서로가 필요한 사람이 되는데에 많은 도움을 줄 것 같습니다. :-)
","
코코지를 더 더 더 더 많이 성장시켜주세요 !
"
유통/무역,현직원,서울,2023. 10,5.0,"""여러 의미로 성장할 수 있는 포인트들이 많음""","
[회사/경영]- 좋지 않은 스타트업 시장에서도 꾸준히 성장중- 비즈니스 모델 Good, 확장성이나 서비스 자체의 퀄리티가 높은편- 내 가족에게 자랑 할 수 있는 회사가 되어주는 부분 (이건 내가 갖고있던 패인포인트여서 일지도? 그간 가치관과 조금 떨어져있는 서비스에 있었음.)[동료 / 커리어]- 해야할 일도, 하고 싶은 일도 많다. - 사람들이 기본적으로 인성이 좋고, 똑똑하다. 책임감 강한사람이 많이 있다.- 리더분들중에 본 받고 싶은 분이 몇몇 있다. (속도면에서 빠르고, 리더쉽이나 여러 방면에서 배울점이 있는 분들이 있다.) 멤버분들중에도 있음.[경영진]- 비즈니스 가장 앞단에서 가장 공격적으로 방향을 이끌고 나감- 신속하다. 의사결정 매우 컴팩트 & 빠름- 총대가 필요할 때 뒤에 숨지 않고, 본인이 칼자루를 잡는 스타일- 매너 + 솔직 + 명확 + 칼피드백 = 성장- 커뮤니케이션을 어떻게 해야 구성원 & 조직이 윈윈할 수 있는지 전략적으로 고민할 수 있음경영진이 앞장서서 바쁘고, 계속해서 비즈니스를 만들고 성장시키는 것에 탁월하다. 이건 당연한데, 건강한 조직을 만들기 위해서 인사팀장과 많은 고민을 나누기도하고 문화적인 부분에도 많은 신경을 쓰는 것 같다.
","
- 성장하는 스타트업답게, 당연히 겪는 성장통들이 있다.- 아직 더 잡혀야 할 체계가 있는 것 같고, 또 어떤 부분은 현 스테이지보다 높은 단계에 필요한 체계가 있어 효율을 막는다고 생각할수도 있지만, 개인적으로는 이런 체계가 비효율을 가져오기도 하지만 리스크를 줄여줄 수 있다고 생각한다.- 구성원들과의 라포를 위한 액션이 더 많아졌으면 좋겠다라는 이야기를 많이 들음. (근데 이건 사람 바이 사람인 것 같다.)
","
* 입사전보다 후가 더 좋아서, 그 하나하나 요소에서 꽤 많은 고민과 시도들을 했겠구나 느껴짐. 외부에도 잘 PR 되었으면 좋겠다. * 경영진 성향으로보아, 과하거나 포장되거나 진정성을 해치는 행위 자체를 선호하지 않지만, 객관적인 리뷰들이 많아졌으면 좋겠다. 원래 이렇게 길게 리뷰 안쓰는데 리뷰와 현실 갭이 있어서 길게 적음. (장/단점 모두 느낀점) * 가끔은 멤버도, 코코지에 대한 비전이나 방향성 혹은 업무에 대한 좋은소식 & 나쁜소식 모두 함께 만들어나간다 라는 것 자체에서 동기가 될 수 있다고 생각. 사실 나의 경우는 공유를 잘 해주는 리더를 만나서, 정말 운이 좋았다고 생각하지만, 내가 느끼는 좋은 경험을 많은 다수의 인원이 함께 했으면 좋겠음.  * 지금처럼, 공격적으로 사업에 대한 추진과 문화의 대한 깊은 고민, 그리고 좋은 사람들을 더 많이 모실 수 있다면, 조직은 계속해서 성장할 것으로 기대됩니다.
"
연구개발,현직원,서울,2023. 09,5.0,"""부족한 점들이 분명 많겠지만, 회사의 성장이 느껴지고, 업무 처리 속도나 대응력이 좋아서 커리어 패스 기대. 그리고 좋은 경영진과 동료들이 복지.""","
글로벌 시장에서도 성과를 낸다면, 코코지의 입지가 많이 달라질 것.  자율과 책임 존중이 핵심가치인데, 생각보다 문화가 잘 지켜질 수 있도록 노력하는 것이 보임. 자유도가 높고, 다들 책임감도 높아서, 일하면서 딱히 불편한 점 없음. 스타트업스러운 복지들도 좋음. 나는 체력단련비나 통신비 지원해주는 회사 처음임 하하....하 사내 문화나 이벤트들이 주기적으로 있어서 나름 재밌음.
","
워라벨이 좋겠다라는 생각을 갖고 오면 안될 것 같음.자율적인 문화인 것에 반해 성과에 대한 증명도 본인이 할 수 있어야 함.성과에 대한 허들 낮지 않고, 피드백이 잘 들어옴.그래도 인격적인 피드백은 거의 없고 업무적으로의 피드백이라 평소 일욕심있는 사람들에게는 장점이 될 수도? 어쨌든 어딜가나 그렇겠지만, 아직 개선해야 할 점들도 많음.
","
크게 바라는 점은 없습니다. 지금처럼 사업 잘 성장시켜주시기 바랍니다.
"
교육,전직원,서울,2023. 09,3.0,"""아직 세상에 없던 아이템을 만들어나간다는 자부심을 얻을 수 있어요.""","
앞으로 어떻게 변할지 모르지만 투자를 많이 받아서 불안정성이 없습니다. 그건 좋아요.
","
스타트업이다보니 롤이 명확하지않고 이것저것 다 해야하는 게 좀 힘들었습니다.
","
시스템을 잘 구비해서 각자가 맡은 바 역할을 제대로 할 수 있도록 환경을 마련하면 좋겠습니다.
"
서비스/고객지원,전직원,서울,2023. 08,1.0,"""스타트업의 이미지가 매우 안좋아진 곳. 본인의 할일을 다른 사람에게 미루는 부서. 윗사람은 연차쓰고 잘쉬고 아랫사람은 잡일하는 사람이 됨""","
점심식대 개인법카 한달에 30정도 받음, 책임감 가지고 일하는 부분으로 재택근무 한달에 3-4번정도 본사출근
","
회의가 회의시간이 아님 누굴 혼내고 저격하는 시간으로 기억에 남음(cx부서만 그런건가?) 스타트업 특성이라해도 하루에도 수십번씩 내부규정들이 바뀜
","
꼰대 마인드 몇명 리더들을 찾고 왜 사람들이 퇴사하나 이유를 확인해주셨으면 합니다. 급여도 좋고 제품도 좋은데 도대체 왜 사람들이 퇴사하는지? 일이 힘들어서 퇴사하는 사람은 없어요 사람이 문제죠
"
영업/제휴,전직원,서울,2023. 07,1.0,"""1수평적인듯 보이나 수직적기업2리더가 1이자 100이지만 문제가 큰회사 3주변 동료들이 주기적으로 퇴사하여 알아서 물갈이됨""","
1업무에필요한 장비기기지원2비즈니스모델은 NICE3연차제도4식비지원
","
1수습기간 평가 불합리적이고주관적=리드의 주관적평가1-1잘되면리더덕 잘못하면팀원탓1-2일하고싶은회사로 만들어야하는 인사부서는 방관 2핵심가치 불이행2-1팀원들을 불신하며 존중이없는리더쉽2-2수평을가장한 수직구조3원격근무형태3-1원활한 의사소통불가3-2 이슈발생시 신속한대처가 어려움4원팀이 아닌 외주사에서 내근하는 느낌4-1 공유가아닌 통보4-2비대면의한계
","
공익을위하여 작성합니다 회사에 방향성이라던가 내부불만을 해소시켜줘야합니다.회사의재산은 직원입니다.
"
유통/무역,전직원,서울,2023. 05,2.0,"""입사전에생각했던회사분위기가아니라상당히아쉬웠네요?스타텁인데자유롭지못한분위기?""","
기업의장점재택근무가능기업의장점일부전자제품대여기업의장점식대제공
","
업무몰아주기리더의역량부족신규입사자에대한배려부족포괄임금제컨트롤과터치잫고비효율적인업무지시
","
신규입사자에대한배려가필요?입사자익명의게시판운영하여피드백수렴하시길?스타트업인만큼권함과자유가필요하다고생각듭니다?
"
서비스/고객지원,현직원,서울,2023. 05,5.0,"""일 욕심이 있는 편이라면 정말 괜찮은 회사자율적으로 일할수 있다.""","
자율근무제로 재택근무가 활성화서로의 업무를 존중함수평적이고 편안한 커뮤니케이션
","
스타트업이니만큼 업무량은 적지 않음빠른 의사결정으로 일이 빠르게 진행됨
","
아쉬운 부분이 크게 없음더 성장해도 자울재택근무가 지속되었으면 함
"
기획/경영,현직원,서울,2023. 04,5.0,"""재택근무 환경에서 효율적으로 일할 수 있는 스타일이라면 상당히 높은 만족도로 다닐 수 있는 회사. 하드웨어/소프트웨어/브랜드/콘텐츠 모든 걸 다 잘해야 하는 업무 특성상 타 부서와 잘 협업하는 능력이 필수임.""","
풀 재택근무가 가능하다는 점이 최고의 장점. 회사에 존재하는 좌석 수보다 직원수가 훨씬 많아 전직원이 사무실 출근에서 일하는 것이 원천적으로 불가능하다. 재택근무시 법인카드로 식대 등에 25만원 사용할 수 있도록 지원됨. 아이를 키우고 있다면 코코지 제품을 그대로 집에서 사용해 볼 수 있기 때문에 계속 출시되는 아띠와 콘텐츠를 지켜보는 재미가 있음.
","
재택근무를 하더라도 가끔은 사무실에 출근을 해서 타운홀 미팅 등을 하는 경우가 있는데 공간이 마땅치 않아 아쉽다. 가끔씩 사무실에 출근할 때 사무실에 배치되어 있는 모니터 장비나 사무용 의자 등 비품의 품질이 그다지 좋지 않다.
","
아직은 회사의 규모가 작지만 성장해 나가면서 오피스 공간의 용도, 입지, 규모 등에 대해서 많은 고민을 해주시면 좋겠습니다.
"
생산관리/품질관리,현직원,경기,2023. 04,5.0,"""엄청 유능하신 CTO님께 많은 것을 배울 수 있었고, 개발자들의 수준이 다른 회사보다 높았음. 대화가 잘 되고, Product/개발/QA 간 문제를 풀어가는 방식이 합리적이고 나이스함""","
스타트업 성공 경험이 있는 믿을만한 경영진자율과 존중, 책임 가치 아래 자율근무제 (8-10시 사이 출근)재택 근무가 가능했음점심 식대와 통신비 지원, 개인 체력단련비 지원
","
1년 조금 넘게 일하면서 개인적으로 아쉬웠던 부분은 없었습니다.굳이 꼽자면 Agile 스타트업의 특성인데 큰 회사 오래 일하셨던 분들은 프로세스가 100% 갖춰지지 않아 적응 시간이 필요합니다.
","
잠깐 몸 담았지만 많은 것을 경험하고 배울 수 있어 감사했습니다.코코지가 더 잘 되고 성장하기를 응원하겠습니다!
"
전문직,전직원,서울,2023. 04,1.0,"""꼰대문화가 심하고 재택근무로 인한 소통 단절이 심한 곳입니다""","
재택으로 근무할 수 있습니다오픈 오피스입니다점심 식대 제공됩니다
","
꼰대 문화가 심합니다리더들이 무책임하고 떠넘기기식 문화가 있습니다.아주 일방적인 통보식 커뮤니케이션입니다재택 근무로 인한 소통 단절이 있습니다
","
하루치 임금이라도 적게 주기 위해 최대한 빨리 퇴사시키려는 모습이 인상적이었습니다
"
