﻿직무,고용 현황,근무지,날짜,별점,요약,장점,단점,경영진에게 바라는 점
개발,현직원,서울,2023. 10,5.0,"""성장에 진심, 넘사인 분들이 넘치는 팬덤 강한 회사""","
다들 마인드가 좋고 성장에 진심이다 치열하고 부자마인드와 환경을 경험할 수 있는 곳
","
특수성이 강해서 결정권자의 선택이 좀 강한편이고 워라벨은 못함
","
초심대로 꾸준하게 월부를 이끌어주세요
"
교육,현직원,서울,2023. 09,5.0,"""성장하는 이유를 입사하자마자 느낄 수 있다. 여기 오려고 커리어를 쌓았다고 생각이 들 정도로 좋다.""","
정말 뛰어난 동료들이 있습니다. 다른 팀도 비슷하겠지만 저희 팀이 가장 뛰어나지 않을까 생각합니다. 문제가 생기면 해결할 수 있는 방법을 찾고, 어려움이 있으면 함께 해결합니다. 회사 전체적으로도 비슷한 분위기입니다. 일 할 때는 열심히 하지만, 쉴 때는 제대로 쉽니다. 여름 휴가도 잘 다녀왔고, 연차도 자유롭게 쓸 수 있습니다. 리프레시 할 수 있는 여건을 잘 만들어주십니다. 가장 좋은 것 중 하나가 성과를 나눈다는 점입니다. 회사가 성장할 때 파이를 나누는 스타트업은 생각보다 많지 않은데, 월부에서는 직원들에게 많이 돌려주려고 합니다. 장점이 더 있지만 이까지만 적겠습니다. 다른 리뷰 빨리 보고싶네.
","
회사가 성장하면서 더 수준 높은 동료들이 필요합니다. 우리가 생각하는 길은 지금까지의 교육업계와는 정말 다른 수준입니다. 그래서 지금 있는 분들도 좋지만 훨씬 더 우수한 동료가 필요합니다. 채용에 조금 더 신경 써주세요.
","
지금처럼 좋은 문화를 잘 지킬 수 있도록 도와주세요. 월부 이직 후 가족들과 관계도 좋아졌고 스스로 일하는 재미도 많이 느끼고 있습니다. 감사합니다.
"
데이터,현직원,서울,2023. 09,5.0,"""내가 원하는 모든 것들을 이룰 수 있는 기업, 내부 직원들의 만족도가 매우 높은 기업""","
동료가 정말 좋음. 실력은 기본으로 있고 인성도 좋아서 협업하기 편함. 그래서 서로 굉장히 만족하면서 다닐 수 있음. 할 일을 마무리하고 나면 시간을 자유롭게 사용할 수 있음. 복지도 하나씩 계속 생기고 있으며 특히 지원되는 장비가 좋음. 닉네임 문화가 있어서 수평적으로 일할 수 있음.
","
직급 체계가 없어서 승진의 개념이 모호하다는 단점이 있음. 스타트업이라 아직 체계가 덜 잡힌게 꽤 있음.
","
좋은 문화를 지금처럼 유지해주세요. 더 많은 사람들이 월부를 알고 더 좋은 동료들이 온다면 훨씬 더 좋은 회사가 되리라 생각합니다.
"
인사/총무,전직원,서울,2023. 08,5.0,"""보람을 가지고 열심히 다닐 수 있는 직장입니다.""","
기업이 구성원을 생각하며 함께 성장을 모도하는 영향력을 가지고 있는 기업입니다.
","
연봉이 조금 낮은 것과 체계를 잡아가고 있는 기업으로 아직 불편한것들이 있지만 앞으로가 기대됩니다.
","
구성원들에 대한 복지와 임금이 성장의 파이가 커지면서 함께 성장할 수 있는 체계가 있으면 동기부여가 더욱 될 것 같습니다.
"
인사/총무,현직원,서울,2023. 08,5.0,"""나는 지금 하는 일/직무가 좋다, 더 성장하고 싶다, 회사의 방향과 나의 가치관이 같다면 일에 시너지가 난다는 사람이라면 추천""","
성공한 멘토들이 주변에 있음, 성장하는 분위기로 즐겁게 일할 수 있음, 부동산에 대해 궁금하다 모르겠다 바로 옆에 물어볼 수 있음
","
워라밸 좋아한다면 힘들 것, 성장하지 못한다면 하고 있는 일의 수준을 높여서 꾸준히 해야함
","
지금 갖고 있는 방향이 유지되고 처음 회사 설립 시 구성원도 좋아하는 일을 하며 부자가될 수 있다는 마음을 계속 갖고 있길
"
마케팅/시장조사,현직원,서울,2023. 07,5.0,"""정말 빠르게 성장하지만 내실이 있는 스타트업. 밖에서 본 것보다 안에서 직접 경험하는게 훨씬 좋은 회사.""","
어디서 이런 사람들을 구해왔는지는 모르겠지만 진짜 잘하고 좋아하는 사람들이 많다. 다른 팀도 마찬가지지만 마케팅쪽은 더더욱 그렇다. 근데 그런 사람들이 정말 자세하게 하나씩 잘 알려준다. 나도 마케팅 좀 친다고 생각했는데 여기 와서 보니까 그게 아니었다. 왜 주변에서 추천하는지 조금은 알 것 같다. 온보딩이 엄청 어려울까봐 걱정했는데 엄청 걱정 할 정도는 아니다.
","
꽤 바쁠 때가 많아서 호불호가 생길 수 있다. 단독사옥이 아니라는 점도 가끔 불편할 때가 있다.
","
지금처럼 좋은 동료들이 많은 환경을 유지해주세요. 사내 문화도 잘 유지되면 더 좋겠습니다.
"
마케팅/시장조사,현직원,서울,2023. 04,5.0,"""계속 성장하는 회사. 서비스 뿐 아니라 기업문화도 특이하지만 평을 들으면 나쁘지 않은듯. 사실 꽤 오랫동안 부동산 교육업을 하며 내실을 다진 회사.""","
재테크와 관련하여 사내에서 고수님들에게 찐으로 배울수 있으며 그로 인하여 많은 부를 축적한 직원들도 많은것 같다. 기분좋은 스타트업 분위기가 난다
","
온보딩 및 직원에게 바라는 것이 타 회사에 비하여 많다. 회사와 나를 완전 분리하는 타입이거나 회사가 직원을 성과자로만 보는 회사에 익숙한 분들은 어려울수 있음.
","
적극적인 인재육성과 함께 좋은 외부 리더급도 많이 데려와 두세요. 회사가 빠르게 커지다보니 커진 회사에 맞는 시스템으로 잘 정착 부탁 드리겠습니다.
"
교육,현직원,서울,2023. 03,5.0,"""함께 일하는 사람들이 정말 좋음. 착한데 일도 잘함. 다들 일에 진심인 사람들이 모여 있음.""","
진짜 성장과 성공이 무엇인지 경험해 나갈 수 있음. 매월 강의 같은 독서모임이 있고, 자기계발비나 강의료 지원이 많음. 무엇보다 대표님이 부자이고 투자도 도와주고, 매년 흑자여서 성과급도 많이 줌.
","
워라밸을 추구하는 사람은 버티기 어려움. 업무에 대해 정말 솔직하게 피드백을 주기 때문에 자기 고집이 있으면 함께하기 어려움
","
계속 좋은 사람들만 채용해주었으면 좋겠습니다.
"
기획/경영,현직원,서울,2023. 03,5.0,"""긍정적이고 성장을 지향하는 탄탄한 조직문화. 대표와 경영진이 누구보다 높은 수준으로 열심히 하시니 모든 구성원이 몰입할 수 밖에 없는 회사.""","
스타트업이지만 재무적 안정성이 높고, 매년 큰 성장을 하고 있음. 모든 포지션의 구성원들이 성장을 위해 몰입하는 환경이라 동기부여됨. 좋은 사람들이 많음. 사람, 관계 관련 스트레스 없음.
","
구성원들의 성장을 강조하는 환경이고, 여기에 동기부여가 되다보니 자아성찰 고통이 따름. 많은 시간을 업무와 개인 커리어 발전에 쓰게 됨. 놀 시간이 없고 놀고 있으면 불안함.
","
지금처럼 매년 큰 성장할 수 있도록 목표와 방향을 잘 설정해주셨으면. 조직 규모가 빠르게 크고 있는데 문화가 흔들리지 않도록 해주셨으면.
"
서비스/고객지원,현직원,서울,2023. 03,5.0,"""꿈을 현실로 만들 수 있는 곳. 비전과 미션이 뚜렷하고 모든 구성원이 그것에 진심인 회사.""","
회사 재직할 수록 진국 같은 회사. 프로이직러인 내 직장인 인생에 가장 만족하며 다니고 있고 여기서 일하다 보면 내가 목표했던 시기보다 더 빨리 경제적 자유를 이룰 수 있을 것 같은데 그럼에도 계속 다닐 것 같은 회사. 우선 선한 구성원들. 어떻게 이렇게 착한 사람들만 모아뒀는지 궁금함. 그리고 대표님인 너바나님 외에도 회사 내 많은 구성원분들이 투자자로서 성공하신 분들이 많다. 그 과정을 절대 쉽게 이룬것이 아닌데 인생에 큰 성공을 한 사람들을 가까이에서 보면서 일하다보면 배우는 점이 많음. 한사람에 장점 하나씩만 따라해도 성장 안할 수 없을 정도.. 성공하는 주변 환경을 셋팅 하고 싶다면 강추. 그에 따라 나도 높은 목표를 세우고 성장할 수 있음. 대신 떠먹여주진 않으니 본인이 커리어 욕심이 많고 열심히 하고 싶은 욕심이 있는 사람이러면 큰 장점이 될 수 있음. 복지는 채용페이지에서 다 볼수 있지만, 월부강의 들을 수 있게 주는 포인트200만원 (덕분에 재테크 강의 듣고싶은 만큼 들음) 운동에도 쓸수있는 자기 계발비100만원 , 내부 구성원 재테크 강의 그리고 월부 강사님과의 재무코칭을 통해 미래 계획도 함께 세워주심.
","
뚜벅이로써 사무실이 강남역에서 다소 먼 거리에 있음. 못 걸어갈 수준은 아니지만 급할 땐 멀다 느껴지긴 한다. 회사 성장이 급격한 곳이라 따라가다보면 나 또한 성장통 겪을 수 있음.
","
지금 복지가 그대로 잘 유지되면 좋겠습니다. 그리고 지금처럼 좋은 분들만 와서 좋은 문화가 잘 지켜지면 좋을 것 같아요.
"
개발,전직원,서울,2023. 02,3.0,"""그냥 저냥보통인곳~ 돈은 많이 줌간식 머기조 좋음""","
그냥 저냥 왠만한 IT 하고 비슷하다고 생각면 됨앞으로 발전 가능성이 있음
","
좀더 발전적인 지표가 필요하다. 고인물들이 많다좀더 의사결정을 정확하게 할 필요가 있다
","
좀더 복지에 신경을 써주면 정말 좋아 질거 같다는 생각이 듬
"
교육,현직원,서울,2023. 02,5.0,"""성취지향적인 사람들이 즐거움과 재미를 바탕으로 결과를 만들어 내는 곳 회사와 내가 함께 커가는 느낌. 일과 스스로의 성취를 함께 느낄 수 있는 몇 안 되는 직장""","
승진이나 윗사람한테 잘보이려고 하는 회사 사내정치가 전혀 없음. 경영진분들이 수평적이고 극단적으로 투명함. 내가 하는 대로 평가 받아서 좋음. 자기계발비 통해서 직원들 성장도 신경쓰고 있는 점이 특별함.
","
기본적으로 다 열심히 하는 분위기라 압도적으로 열심히 하고 잘 하는 게 중요해서 스트레스 받을 수 있음.
","
회사의 좋은 점들 - 유연근무제, 자유로운 조직문화, 직원의 성장을 지원, 하나의 미션과 비전-을 잘 유지했으면 좋겠음
"
디자인,현직원,서울,2022. 11,5.0,"""월급쟁이 부자를 만들고, 이곳에서 일하는 직원들도 월급쟁이 부자가 되길 진심으로 바라는 회사입니다.""","
직원들의 그릿을 키워주고 직원들의 성장에 진심인 회사. 또한 회사가 성장하는 만큼 나도 발전할 수 있는 것이 가장 큰 장점인 회사입니다.회사에 이미지가 밖에서 보거나 안에서 느끼거나 모두 동일하게 따뜻한 곳입니다.모두가 잘하고 싶어하기 때문에 함께 일하면서 함께 열정적으로 일할 수 있는 곳입니다.도전이 두렵지 않다면 지금 있는 곳에서 성장하고 싶다면 강추.
","
성장하는 회사이기 때문에 야근이 있을 수 있습니다. 야근을 당연하게 생각하는 문화는 아니지만 체력적으로 힘들 수 있습니다.
","
지금 있는 좋은 문화가 꾸준히 유지되도록 힘써 주셨으면 좋겠습니다.
"
마케팅/시장조사,현직원,서울,2022. 08,5.0,"""좋은 기업을 넘어 훌륭한 기업으로 가는 월급쟁이부자들 (고객의 꿈 뿐만 아니라 구성원의 꿈까지 이룰 수 있도록 도움을 주는 곳)""","
회사의 목표뿐 아니라 구성원들의 꿈도 함께 이룰 수 있도록 도움을 주는 회사라고 생각하고 각 분야의 전문가로 성장하기 정말 좋은 환경을 제공하고 있습니다. 그리고 업무와 함께 목표를 정하고 그 목표를 달성하는 방법을 배울 수 있는 점은 월부에서만 줄 수 있는 좋을 경험이라고 생각합니다.
","
열정 넘치는 사람들로 가득 찬 곳이기 때문에 워라밸을 기대하기 어렵습니다.
","
회사가 빠르게 성장하고 있는 환경 속에서도 월급쟁이부자들만의 원칙과 기준, 문화를 잘 만들어갔으면 좋겠습니다.
"
마케팅/시장조사,현직원,서울,2022. 08,4.0,"""보통의 회사에서 하지 못했던 일과 인생에 대한 매일 치열한 고민을 할 수 있는 곳, 나의 노력과 실력만 있다면, 성장하고 싶은 사람이면 세상에서 제일 좋은 회사가 될수 있다고 감히 말해 봅니다""","
점심, 저녁 식대 1만원 지원(개인법카)월부닷컴 연 200만원 마일리지 지급 자기계발비 연 100만원 사용가능연차 외 여름휴가 5일직원 대상 재테크 강의, 재무상담원하는 간식 신청이 가능한 간식바여기서부터가 중요유튜브에서만 보던 너바나님, 너나위님과 함께 일할 수 있음순자산 몇십억대이신분들과 함께 일할 수 있음(월부 멘토님들이 내 직장 선배이자 팀장님)진짜 성과를 낸 분들에게성과를 내는 방법을 배우고 과정을 함께할 수 있음그분들의 마인드를 매일 배울 수 있음모두가 성장하려고 하는 분위기여서 나도 안할수 없음나도 부단히 노력해야하지만 그럴 수 밖에 없는 환경열심히 하고 잘하면 그만큼 보상도 해주는 곳다 같이 열심히 해서 일할 맛 나는 회사직원들에게 하나라도 더 주려고 하시는 대표님(너바나님)한명 한명 너무 배울점이 많은 구성원들!
","
회사가 더 커지고 직원수가 늘어나면 달라질 수 있겠지만, 현재는 야근이 잦을 수 있다. 일이 많아서 워라벨이 없다는게 단점이라면 단점인데 그걸 해내면 회사도, 나도 성장하게 되니까 이게 또 장점이 된다.강남역에서 멀다 10분 이상
","
회사의 성장이 직원의 성장이 되는, 직원의 성장이 회사의 성장이 되는 회사 끝까지 지켜가면 좋겠습니다~!
"
디자인,현직원,서울,2022. 08,4.0,"""본인의 분야에서 끝까지 성장, 정점을 찍고 싶다는 사람에게 정말로 추천하는 기업입니다.""","
연차,휴가 등 본인 스케줄 조절만 하면 자유롭게 쓸 수 있음. 재테크 회사라서 복지가 말도 안됨.(상상 이상) 회사 사람들이 다 좋아서 사람 때문에 나갈 일은 없을 것 같음.
","
스타트업이고 회사 사람이 적기 때문에 혼자 하는 업무량이 많아서 힘들 수 있음. 야근도 해야될 경우가 있음.
","
좋은 사람들, 본인의 분야에서 진짜 성공하고 싶은 사람들을 많이 뽑아 주셨으면 좋겠습니다~
"
교육,현직원,서울,2022. 07,5.0,"""개인의 성장이 곧 회사의 성장이 되는 몇 안되는 회사.  본인의 역량을 마음껏 펼칠 수 있으며 성공한 분들의 노하우를  직접 배우며 일할 수 있는 '사람이 곧 복지'인 회사. (물론 회사 복지도 장난아니게 좋음) 이 회사 다닌다고 하면 대기업다니는 아들 둔 엄마친구가 놀래며 부러워하는 회사.""","
직원들의 근로소득 뿐만 아니라 자본소득(투자)까지 책임져주는 국내 유일무이한 회사. (이런 회사 본적이 없음) 성장하고자 하는 마인드가 가득한 사람들이 모여 하나의 목표점을 향해서 열심히 나아가는 회사이고, 누구보다 이 회사가 잘 될거라고, 비전을 달성할거라고 굳게 믿은 사람들이 모여있기 때문에 장래가 더 기대되는 곳.보통의 스타트업과는 다르게 본인의 전문성을 탁월하게 기를 수 있는 구조로 되어있고, 역량개발을 위한 회사의 지원이 적극적임. 눈치보고 휴가내는 직원 1도 없음
","
워라밸보다는 본업에서의 성장을 추구하는 곳. 여기에서 워라밸을 고민하면... 쉽지않음
","
월급쟁이의 내집마련과 행복한 노후준비를 돕는다는 미션에 공감하며 열심히 성장하고 성공하고자하는 멋진 직원분들과 함께 하고싶어요~
"
인사/총무,현직원,서울,2022. 07,5.0,"""따뜻한 분위기 속에서 엄청난 성장의 경험을 할 수 있고, 직원도 부자가 될 수 있는 곳.""","
다른 회사는 절대 따라할 수 없는 복지제도 존재. 재무코칭과 재테크 교육을 해줌. 자기계발비(재테크포함) 연 300만원 지원. 부동산 투자 도움도 받을 수 있음. 유연근무제(자율출퇴근제), 유급휴가+여름휴가5일, 점심/저녁 식사 지원, 팀회식 지원, 간식비 지원, 경조사/생일/명절 선물, 건강검진지원 등 기본적인 복지도 많음. 급성장 중인 회사라 배울 것이 많고 기회가 많이 주어짐. 투자를 받지 않아도 수익이 나는 회사라 재무구조도 안정적임. 일잘러가 많아서 서로 배울 것도 많음.
","
회사가 빠르게 성장하는 만큼 개인적인 성장도 요구됨. 자기계발을 반드시 해야 함. 매월 독서를 하고 후기를 쓰고 독서모임에 참여해야 함.
","
신규 직원을 더 많이 뽑아 줬으면 좋겠습니다. 대표님과 더 많이 이야기 나누고 싶습니다.
"
인사/총무,현직원,서울,2022. 06,5.0,"""좋아하는 일만 하면서도 선한 영향력을 끼치고 싶은 사람들을 위한 기업""","
성장을 원한다면 가만히 숨만 쉬워도 성장할 수 는 기업이자 인생에 있어서 멘토로 생각할 수 있는 사람들과의 관계를 쌓아가고 조언을 얻을 수 있는 기업이라고 생각함.
","
퇴근 후 나만의 시간이 업무와는 전혀 다른 쉼을 원하는 워라밸을 추구한다면 추천하고 싶지는 않음.회사와 커리어와 분리된 삶을 원하고 추구한다면 월부보다 다른 회사에 가는 것을 추천함. 오더라도 힘들고 끝내 선택하지 못할 것 같음.주말에 노트북을 들고 일하느라 애인에게 잔소리 들을 수 있음..😅
","
현재 대표님과 임원분들의 회사에 대한 가치관이 변함없이 유지되었으면 좋겠습니다.현재는 아니지만 추후에 인원이 더 성장한다면 더 늘어난 시차출퇴근 또는 선택적으로 재택근무도 있었으면 좋겠습니다. 출퇴근 거리로 일이 있어나 몸이 힘들 때는 고민 없이 재택하고 다음날 출근하고 싶은 마음도 들기도 합니다.
"
마케팅/시장조사,현직원,서울,2022. 06,5.0,"""매년 회사와 내가 달라지고 성장하는 것을 체감할 수 있는 곳. 성장에 대한 욕구가 있는 사람이라면 추천.""","
0에서 100을 만든 사람들이 모여 있음몰입의 분위기, 성장할 수 있는 환경과 지원연봉이 높은 편
","
업무강도가 높은 편. 스스로 끊임없이 배우고 성장해야 하기 때문에워라밸을 중요시 한다면 맞지 않을 수 있다
","
조금 더 팀 체계가 잡히고회사의 비전과 이를 이루어가는 과정을 좀더 자주 공유하고 소통했으면 좋겠다
"
기획/경영,현직원,서울,2022. 06,5.0,"""매우 성장이 빠른곳. 직원들 열심히 일함. 매년 2배씩 성장하고 고객과 직원의 성장에 진정성을 가진 회사.""","
연차를 눈치 안보고 쓸수 있음. 여름휴가 5일 제공. 실력있고 인성 좋은 동료. 팀장들이 팀원의 성장에 진심임. 회사에서 도서, 강의, 1on1 코칭이 있음. 복지차원에서 직원의 재테크를 도와줌
","
일이 많음. 성장보다 워라벨을 추구하는 사람은 맞지 않음. 직원들이 뛰어나서 조급한 마음이 들때도 있음
","
초심이 계속 유지되면 좋겠음. 바쁘겠지만 직원들과 소통시간이 더 많았으면 좋겠습니다
"
인사/총무,현직원,서울,2022. 05,4.0,"""- 성장하고싶은 임직원들로 가득찬 회사- 원팀으로 움직이는 회사""","
- 자유로운 연차사용(하계 유급휴가 5일 별도)- 저녁식대 지원- 교육비 지원- 월 1회 회식비 지원
","
- 성장하고 있는 회사여서 부족한 시스템화- 역세권x (강남역 도보 13분)
","
- 현재의 조직문화를 지키며 사세확장이 이루어지면 좋을 것 같습니다.
"
디자인,전직원,경기,2023. 09,1.0,"""개인 비전을 위해 가지않는것을 추천드립니다 . 많은 변동시도중이나 아직도 정리안된상태.""","
장점을 생각해보려하는데 명절떡값 주는 것과생일케이크 주는것 외 없네요.
","
물경력되기 쉽다.임원들의 소리지르고 화풀에 감정노동해야함.뾰족한 해결책이 본인들도 없음.정치질에 참여 안 하면 아웃사이더되기 십상.일은 뒷전.회사가 팔려 전문경영진이 왔으나개인 사사로운 것들만 챙기느라 바쁘고기싸움만 함.여직원들 특히 비추천. 여왕벌들 여럿존재.찍히면.짤릴각오해야함.
","
감정적으로 대응하지 않고 이성적으로 판단하시어 업무처리 해주시길 바랍니다
"
엔지니어링,전직원,경기,2023. 09,4.0,"""야근없고 워라벨 가능함, 매출 잘 나오는 해 인센 줌""","
매출 잘 나오면 인센티브 좋음, 워라벨 지켜짐, 야근 잘 없음
","
먹거리가 줄어듬, 미래 성장가능성 부족, 체계가 없음.
","
먹거리를 위해 새로운 도전을ㅇ 해야 할 시기
"
영업/제휴,전직원,경기,2023. 09,2.0,"""1년 내 퇴사율 높은 곳 , 교통수단 없고 주변 음식점이나 편의시설없어서 자차 필수인 곳""","
나라장터, 조달청, 조달우수제품등록되어 있는것이장점 인 듯 하다.공기가 좋다..차가 안 막힌다..크게 어려운 업무는 없으나 조직 구조 특이한 듯
","
군대식 문화.업무분장 및 인계 명확치 않고 조직 변동 자주 발생책임 떠넘기기 심하고 사바사바 해야함.무슨 고문이 많다… 체계없다.1년 이내에 여직원 입사 후 6명 퇴사 무슨뜻인지 아시죠?사건사고가 많고 , 프린터,스캔 인터넷 ,전화 잘 고장남..
","
고인물 천지라 .. 변화힘들고 새로 온 사람들도 분열 심한듯 하네요. 제품 개발에 힘쓰셔야 될 것같네요.
"
영업/제휴,현직원,경기,2023. 09,1.0,"""무능력자들을 처낼 과감함이 부족했던 변화하고싶은 기업""","
- 일이없어서 연차 사용 자유로움- 4대보험 가능- 아직까지는 월급이 밀리지않음
","
변화로 새로운 도약을 하려했으나 실패.분위기 편승해서 무임승차로 뭍어가는 무능력자들과90-2000년대 초 기업문화를 고수하는 고인물들이 장으로 있는한 바뀔일은 없을듯.
","
의견과 새로운 아이디어 제시는 회사의 새로운 물길을 터줄수 있는데 수직적 문화와 답정너 방식으로는 아무도 나서지 않습니다.
"
서비스/고객지원,전직원,기타,2023. 06,2.0,"""약속 번복 밥 먹듯이 하며 내부 사내정치 심하여업무집중도 및 효율 떨어짐.""","
안정적 매출구조였으나 현재 매출떨어지는 추이.칼퇴가능.연차 자유롭게 사용.
","
연봉 상승 낮음.혈연 학연 지연 심하여 처우 편차 심함.사모펀드회사에 팔려 임원진 변동 후 과도기.내부 사내정치가 심하여 업무효율 떨어짐.안 좋은 소문으로 인력충원 어려움.사람을 함부로 자름.여성 비율 확장 필요성 보임.
","
결국 일은 사람이 합니다.넓게 멀리 보는 시야와 큰 그릇되어 더 큰 업적 이루시기를 바랍니다.
"
서비스/고객지원,현직원,서울,2023. 03,2.0,"""민식이법으로 매출이 확 올랐다가, 민식이법 특수기 지나고, 매출 떨어져 사모펀드 및 본사에서 난리난 회사. 조만간 피바람이...""","
1.회사가 오래되었다2.칼퇴근 가능하다(본사 일부팀 제외,6시되면 회사 불끄고 횡함)
","
1.연봉협상 불가. 통보임. 2.제품 판매하기에 급급하고, 그에 따른 인원충원 안함.3.현장직 같은 경우 차돌리다가 골목에서 어린이or행인치던지, 길에서 본인이 치이던지4.서류상 2인1조, 현실은 1인1조로 위험함(사고나면 본인책임)
","
회사가 사모펀드에 팔려 매출압박 심하겠지만, 인원충원 =안전에 신경써주세요
"
인사/총무,전직원,경기,2023. 02,3.0,"""경험없는 사회초년생에게는 더할나위 없이 만족할듯 첫경험의 중요성""","
대기업 따라가려는 노력이 많이 보여서 연차 사용 등 복지 잘챙겨주려고 노력함. 야근 거의 없음.
","
개인주의가 심함. 이건 장점일수도 단점일수도 있음. 일단 일이 쉽고 다들 매너리즘에 빠져있음 군대 문화가 심해서 상사 갑질 다소 있음 내가 있는 팀만 그랬던걸지도. 회사가 오래 되어서 구시대적인 관습 심하다
","
회장님 존경스러운 분이시지만 비합리적인 잡무가 많습니다. 그리고 아주 대단한 대접을 바라는 것은 아니지만 학벌이나 자격요건에 대한 인신공격은 좀 삼가하는 분위기가 되었으면 좋겠습니다. 그 외에는 다니기 ㄱㅊ았음 단점이 너무 치명적이었을 뿐 그리고 돈 너무 적게 줍니다
"
생산/제조,전직원,경기,2023. 02,5.0,"""안정적인 제품수요로 회사가 꾸준히 성장 가능함.지속경영 가능하게 신제품 개발 필요""","
자유롭게 연차사용  가능하고 칼퇴 가능하여 워라벨  좋음
","
생산부서의 업무가 전산화가 부족하여 수작업  많음.전산화 시켜야 함
","
신제품 개발이나 새로운 고객을 빨리 창출하여 미래 성장을 시켜야 하는데
"
엔지니어링,전직원,서울,2022. 12,2.0,"""첫회사로는 무난함 부서마다 다르겠지만 대체적으로는 사람들이 좋음 연봉은 높지않은편이며 유지보수 쪽은 운전을 많이할수밖에 없음""","
연차 눈치 안보고 사용 가능좋은 사람들도 많음회사가 망할거 같지는 않음.직원 근속연수 높은편
","
유지보수 쪽은 너무 위험한일을 어쩔수 없이 해아함(운전관련)연봉관련 높지 않은편(인상률 포함)따로 다른 자기계발을 하지 않으면 동종업계가 아닌이상 이렇다할 경력을 인정받기가 힘듬(물경력)
","
현재 회사가 급격히 변화를 하고있지만 기존 근무자로써 느끼기에는 이것이 좋은 변화로는 보기가 힘듭니다. 신규 설치도 중요하지만 기존 장비 유지 관리가 원활히 돌아가지 않는데 그 외에 다른 영업적인 부분을 요구하는건 욕심이지 않을까 생각됩니다.장비유지관리가 안되면 회사 이미지는 실추될꺼고 그에따른 영업은 더 힘들어질거로 예상합니다.
"
엔지니어링,현직원,경기,2022. 12,3.0,"""자유롭게 이동가능하며 혼자있는 시간이 많다""","
상사들과 있는시간이 거의 없으며 혼자서 이동하며 일을 하는게 장점
","
연봉이 적고 활동 범위가 넓어서 퇴근시간이 오래걸릴수있고 차를 타고 일을하는 직종이라서 위험할수있으며 개인의 비전에는 별로...
","
만나본적이 없어서 바라는점은 없습니다
"
기획/경영,전직원,경기,2022. 09,3.0,"""직원들 평가만 하지 말고 회사 발전을 위해 다니는 직원들이 편의성도 고려해주길..""","
음 장점이란 터치가 없다.터치가 없지만 그만큼 개인적임. 누가 나가고 누가 들어왔는지알 수 없음
","
회사 위치와 주변에 식당 하나 없는 게다가 대중교통도 너무 불편하고 불편함
","
기존 직원들의 꼰대마인드와 제대로 이루어지지 않는 업무소통 및 주먹구구식 업무방식 바뀌어야 할 필요있음
"
생산/제조,전직원,기타,2022. 07,4.0,"""일반적으로 잘 알려지지 않은 숨은 알짜배기 기업""","
연차사용 자유, 편안한 근무, 적은 근무강도, 공공기관과 함께 일을 하기에 복잡한일은 없음
","
자차를 이용한 근무(그에따른 지원금있음), 차량 근무가 많아서 사고날 위험이있음,연봉 인상률이 높지않음
","
본사와 지사간의 차이를 좁히도록 노력해주세요
"
엔지니어링,현직원,경기,2022. 07,3.0,"""운전만 하루종일 원없이 할수 있고 따로 자기개발을 하지 않으면 뒤쳐질수 있는 회사""","
일이 많지 않다면 워라밸은 어느 회사보다 더 좋음연차사용도 별로 눈치 안보고 사용 가능
","
개인차량의 수명이 매우 짧음 1년에 최소 4만키로 이상작년과 제작년 스쿨존 단속장비 설치로 일이 엄청나게 늘어났지만연봉은 쥐꼬리만큼 늘어남
","
직원들의 불만사항을 듣는 척 물어만 보지 말고확실한 대안과 해결방안을 제시해줬으면 좋겠다
"
연구개발,전직원,경기,2022. 05,4.0,"""최근 연구개발자 혜택이 많아졌다는 소식.연봉 복리후생제도 등 개선되고있는 전도유망한 회사""","
연차를 자유롭게 사용 가능하고. 성과급제도가 좋아서 회사의 성과가 좋으면 성과급도 급격히 증가하는 성과급제도 도입했음.칼퇴근 보장.
","
대중교통이 불편하지만 자차 이용시 주차장 자유롭게 무료이용  가능.  셔틀 이용자 많으면 셔틀운행계획 있음
","
신규사업에 적극투자하여 도약하는 회사가 되면 좋겠음. 성과에따라 복리후생도 좋아지는 회사.
"
유통/무역,전직원,경기,2022. 04,4.0,"""정시출근, 정시퇴근 보장된 점이 가장 만족스러웠음.다만 개인차량이 있어야 출퇴근시 편함. 대중교통은 접근성이 좋지않음단속장비로 특화되어 있는 영업구조""","
연차를 눈치안보고 쓸수있음. 출퇴근과 마찬가지로 근태에 있어서는 여유로운 편무엇보다 오후 05시 30분에 전직원 누구나 자연스럽게 퇴근하는 점이 좋았음야근없는거, 강제적 회식 같은거 없는건 좋음
","
관리부분에 있어서 책임소재가 불분명 1. 사내교육제도(신입사원 / 경력사원)관련 체계적인 교육제도 미비2. 출퇴근시 자가차량 필수3. 연봉테이블이 높지 않았던거같음.4. 신규아이템이 많아야 할텐데, 현재매출구조는 한가지 아이템에 올인하는 구조(근데 한가지아이템에 강점은 있으니 객관적으로 이게 단점인지 강점인지 모르겠음.)
","
복지 = 파격 이라는 생각으로 접근해줬으면 좋았을것같다.나야 근로자니까 급여를 받고 노동을 제공하지만, 요즘 타사들 복지수준들을 보면여러가지 금융혜택이나, 단축근무, 한달에 한번 쉬는 금요일등 많던데MZ세대 입맛에 맞는 파격이 필요하지 않을까?경영진 입장에서는 이걸어떻게 하지? 할 정도로 파격이 있어야 최소한 직원들에게파격적인 제도가 있었으면 좋겠다.경영진이 대폭 교체된것으로 알고 있는데, 새로운 체제에 전 직원들이 좀 더 나은 대우를 받았으면 한다.
"
생산/제조,전직원,경기,2022. 04,2.0,"""매출은 공공기관으로 나오기때문에 크게 문제는 없는회사지만 그 속안이 너무 썩은 고인물들이 허다함""","
복지 좋음 연차높은사람들 많음 뭔날이면 행사가 많음인터넷강의 반강제적으로 시켜주고 돈아깝게 이런걸 왜해주는지 분기별로 선택해서 하는건데 내가 뭘 보고있는건지 모를정도
","
죄다 과장 차장직급 각 팀마다 소통이 안되며 보수성향강한 꼰대들이 넘치다 못해 흘러내림 자차없이는 회사 출근 힘들고 여름에 잔디깍는 직원이 따로있을정도로 잔디깍는 기계를 돌림 사무실에서 오늘은 뭐사지 쇼핑만하는 과장,차장이나 밖에 흡연공간엔 아주 영업팀들 담배피면서 수다떨고 있는회사?
","
연봉좀 더 챙겨주고 연차 높은사람 많은 이유 일이 편해서 어디가서 이렇게 대접받기 힘드니까...직원들은 상사 눈치보면서 사는데 연차좀 쓸라하면 간섭을 그렇게 합니다
"
개발,전직원,경기,2021. 09,3.0,"""다른 IT 업계 중소기업보다는 확실히 나은 기업. 그러나 단점은 있다""","
다른 중소기업보다 탄탄한 기업. 어느정도 안정성 있는 기업
","
회사가 세워진지 어느정도 되었다보니 막힌 느낌이 드는곳
","
최근 다른 중소기업들도 유연한 근무시간대를 설정하는데 아직 뒤떨어짐..
"
개발,전직원,경기,2021. 05,1.0,"""오래된 회사로 CCTV 제조업이랑 소프트웨어로는 인지도가 있는 회사""","
회사분들이 너무 좋다, 칼퇴(야근이 거의없다) , 연차자유?(연차 자유도 아닌거같다..)주차장 제공... 겨울엔 패딩 여름은 반팔옷 지원...
","
가족경영인 회사.. 진심 전문경영인이 아니라서 답이없다..8년된 모니터.. 엄청나게 느린 컴퓨터.. 툭하면 멈추고 꺼진다..(저장하는 습관이생김 Good)바꿔달라하고 하면 아직 쓸만한대 왜 바꾸냐 모니터가 완전히 맛이가야 바꿔준다..24인치 하나랑 14인치?16인치? 모니터2개 (친구들이 웃는다..)의자도 10년된 의자.. 바꿔달라고 요청하면 아직 쓸만하다..(퇴근할때 옷에 이상한게 붙어있다...)업무에 이런게 필요하다.. 이게 왜 필요하냐 라면서 보류위치가 너무 안좋다.. 은행, 다이소 등등 어딜 가려면 무조건 자가용 차가 있어야 된다. 연봉이 진심... 사람이 좋아서 다녔다... 사람말곤 없는 회사..
","
최신 기술을 사용했으면 좋겠습니다....하루면 하는 일을 돌려돌려 일하니 당연히 느릴수밖에..그리고 ""연구소가 미래다"" 라고 하시면서 지원은 시궁창인데 좋은 아웃풋을 기대하시면 안됩니다.
"
개발,전직원,기타,2021. 03,1.0,"""기존근무자 대우없음 낙하산으로 채용시 비밀로함 ㅋㅋ""","
장점? 일은쉬움 ㅋㅋ 차만주구장창 돌림 개인차량 파손심함흠.. 장점이라고 있을려나.. 없는것같은대요?식대10만원 급여에포함 매일4000원짜리 밥사먹어야 식대10만원으로됨퇴사시 안붙잡음 ㅋㅋ 그냥퇴사한다고하면 당일퇴사가능
","
기존근무자 인전안함.  밥자기돈으로 사먹음 식대10만원? 매일김밥두줄로 때워야10만원신입이 1년한근무자랑 연봉같음 ㅋㅋ천재지변으로 인한 사고시 보상전혀없음 ㅋㅋ *야간근무18시부터는 법으로 강제성이없음. 그런데 강제로시킴**만약 야간근무안하면 연봉에 타격을줌 ㅋㅋ 교통사고나 불의의사고로 인해못할경우에도*퇴직사유 강제적으로함 무조건회사 가적으라는대로 작성해야함 ㅋㅋ퇴직금 가지고 장난질좀 함 ㅋㅋ 법모르면 당할정도?
","
기존근무자들 대우좀잘해주세요 ㅋㅋ 직원90몇명중 1명이 모든권한 다가지고있음개인카드로주유시 돈좀빨리줘요 굶어죽겠네요 ㅋㅋㅋ
"
개발,현직원,충남,2021. 02,3.0,"""근로자가 대우를 받으며 열심히 일할수있는곳이다""","
차량유지비 식비 통신비 등 지원 복지가 좋고 회사의 비전이 있는곳임 나름 강소기업 복지좋고 사람좋고 따뜻한곳
","
외근을 많이함 자차 필수 밖에서 작업하는경우가 많으며 주위사람들과 함께작업 윗사람 눈치를 좀 봐야하고 연장근무 할수있음
","
회사의 발전을 위해 좀더 직원들을 많이 채용하고 복지를 좀더 좋게 해야하고 기술개발을 좀더 해야한다
"
생산/제조,현직원,경기,2021. 01,2.0,"""사업성은 나쁘지 않으나 장기전으로 갈 수 있을지는 모르겠다.""","
직원들의 자기계발을 위해 교육비를 지원해주는건 좋지만 시간을 채우느라 급급해서 좀 버거운감이 없지않아 있다.
","
근속년수 오래된 사람들이 많다보니 체계적인 문제들이 많지만 개선이 전혀 안되는 점이 문제이다.
","
직원들의 불만을 잘 듣고 경영 개선을 위해 적극적으로 처리했으면 좋겠다.
"
개발,현직원,인천,2021. 01,4.0,"""일하는 시간에 비해서는 만족스러운 급여 공휴일은 전부 쉬어서 자기시간을 많이 가질수 있음""","
현장으로 다니다보니 퇴근시간이 좀 자유로운편이며 혼자 다니는 경우가 잦아서 일하는 분위기는 굉장히 자유로움
","
본사에서 일하지 않으면 어느정도의 유리천장이 존재하며 기본 연봉테이블은 낮은편
","
일이 그때그때 주먹구구식으로 진행되는 경우가 많음연봉이 너무 낮게 책정되는점이 좀 개선되야하지않나 싶음
"
기획/경영,전직원,경기,2020. 12,4.0,"""무난한 회사였습니다 . 분위기도 괜찮고 좋은분들이 많았다 .""","
제때 출근하고 제때 퇴근할수있다.꽤 편안한 분위기입니다.
","
업무량이 들쑥날쑥했던것같다. 작은회사라 여러부서 일 도와야함
","
없습니다 없어요 없어요 없습니다 없어요
"
기획/경영,현직원,경기,2020. 11,3.0,"""복지가 좋은편, 퇴근시간 칼퇴근 가능""","
중소기업치고는 업무가 분업화 되어있음출퇴근시간 터치없는편워라밸 좋은
","
가늘고 길게 다니기엔 좋으나 자기역량 펼치기엔 권한이 많지 않아 아쉬움
","
능력있는 직원들에게 골고루 기회와 권한을 준다면 더 좋은 회사가 될거라 자부함
"
개발,전직원,서울,2020. 10,3.0,"""무난하게 다닐수 있는 느낌의 회사?프로그램 개발 난이도가 높은 편은 아니라 좀 견디고 지낸다면 철밥통일 가능성 높음.""","
직원들 자기계발을 위해 교육에 투자를 좀 함.온라인 교육을 듣던 오프라인 교육을 듣던지 1년에 교육 이수시간이 정해져있어서 교육을 꼭 들어야함.
","
IT 쪽보다는 제조업쪽에 가까운 회사.그래서 그런지 약간 보수적인 느낌이 있음.문제는 저 교육이 일하느라 바빠서 대학교때 인강 듣듯이 진도나가기 바빠질때 있음. 위치가..약간 외진곳에 있어서 대중교통 이용이 힘듬. 그러다 보니 자차 이용률이 거의 100%. 점심시간에 은행업무라던지 개인적인 일처리 힘듬. 연구소는 자리배치부터가 좀 특이함. 모든 직원이 입구쪽을 바라보는 책상 배치도.학교 다닐때 칠판을 바라보는 책상 배치를 생각하면됨.직급이 높을 수록 뒤에 앉고 반대로 직급이 낮은사람이 앞에 앉는 배치 방식으로 뒤가 신경쓰일수 있음.
","
연구소는 반년에 한번씩이던가 아이디어 기획서를 제출해야되는게 있는데이게 연구소 업무가 맞는가 싶을때가 있음. 업무가 적은편도 아니고 사업 아이템 개발은 영업에서 해야되는게 아닌지?
"
영업/제휴,전직원,경기,2020. 06,2.0,"""고정수주로 망할리는 없겠으나, 박힌돌이 천지라 발전가능성도 1도 없음""","
업무강도 약함. 분기마다 해외출장 있음. 안정적인 느낌과 사옥있음
","
임원들이 말도 안되게 많고, 투자자라고 들었음. 딱히 하는거 없어보임.해외영업팀이 2명인데 팀장이 꼰대라 일을 주지않고, 트집을 자주잡는 편. 대부분 못 버티고 퇴사행.
","
더 크고 싶으면 신규인사도 과감하게 영입, 조직 개혁하시길.노인임원들은 경영에서 손 떼시길.
"
생산/제조,전직원,경기,2019. 11,1.0,"""발전이없는회사라고 생각하고 있는데 직원들은 모름""","
고정적으로 발생하는 매출로 영업을 하기때문에 망하지는 않을것 같음
","
꼰데들에 세상이라고 말할수 있음. 야근을 꼭 해야하는것 처럼 생각하는 문화가 강하고 뒷담하를 많이 깜
","
꼰데들에 세상인데 경영진이 신경을 안쓰니 회사가 거기서 거기임
"
영업/제휴,전직원,경기,2019. 03,3.0,"""사회의 첫경험을 하기에는 좋은곳..하지만... 스스로 자가발전을 위해서라면 오래 머무르지 않기를 바란다.""","
사무직의경우 정시퇴근을 지향하고, 지사에서 근무할경우 간섭이 적은편
","
정시퇴근을 제외한 모든것을 바라지마라, 모든것을 생각해도 안된다. 퇴근을제외하곤
","
영업이익이 발생하면 사내근무자들에게 베풀줄 아셔야할것같습니다.
"
생산/제조,전직원,경기,2018. 10,4.0,"""이직 결과 다른 기업에 비해 연구소의 위치는 높지 않다.다른 타부서 지원업무또한 많다""","
연차 및 직원의 퇴근 후 저녁을 보장해 주는 회사.회사내 가족같은 편안한 분위기이며, 업무강도가 약한편이다.샌드위치 휴무, 칼퇴근 등 환경이 좋다.외국어 외 교육 등 에는 투자를 아끼지 않는다.승진 또한 년수 나이에 맞게 승진하나 초고속 승진은 없다
","
업무적으로는 같은 동시간 경력에 비해 많은 경험과 실력을 쌓는면에서는 많이 부족하다. 중소기업 특성산 본인 업무 외 업무가 당연하다 보지만, 본인 업무보다 비중이 많을정도로 본인 역량강화에 있어서는 좋지않다.
","
멀티플레이어를 키우는 것은 좋으나, 한분야의 전문가가 되고 나서 키우는것이 맞다고 봅니다. 본인 맡은바업무의 업무역량 강화이전부터 다른 업무가 시작되는 것은 문제가 있다 보여지며,직원들의 본인 업무 툴정도는 다루게 교육을 장려한다던지 몇년이 자나도 나아지지않으면 패널티를 주는 것이 맞다고 봅니다.
"
개발,전직원,인천,2018. 07,3.0,"""스케줄 근무 거부감 없으면 추천야간근무 못하면 비추천""","
본사하고 별로 엮일 일이 없어서 본사 분위기는 잘 모르겠는데지사에서는 자기 일만 잘하면 딱히 눈치받지 않고 일할 수 있어서 좋음초봉도 다른 비슷한 회사보다 높은거 같아서 괜찮은듯
","
스케줄 근무라 남들 쉴 때 일하는거 안 맞으면 힘들 수도 있음은행가긴 편해서 좋긴 한듯?취급하는 장비가 많아서 신경쓸게 좀 있어서 스트레스 좀 있음
","
입사할 때 말고는 그닥 볼 일이 없어서 딱히 없다
"
엔지니어링,전직원,인천,2017. 03,1.0,"""월급도 완전 최저에 사람 비위 맞춰야 하는 곳임. 최저에 한달 내내 야간""","
그닥 하는 일이 없다. 주간에는 가만히 앉아서 게임함;
","
월급이 그저 최저. 144만원받고 한달 내내 야간했다. 팀장 성격이 예민하고 까다로움
","
월급 좀 올려주길 바란다. 그리고 팀원이 계속 나가면 그건 관리자의 문제다.
"
생산/제조,전직원,경기,2016. 09,2.0,"""도로교통시스템 및 씨씨티비에 있어 업계 상위권이고 탄탄한 편. 가족 같은 직원 분위기가 기억에 남는다.""","
공공기관을 대상으로 영업을 하다 보니 매출 압박이 심한 것 같지는 않다. 다만 사기업 및 민간분야로도 확장하는 추세이다.
","
부서간의 소통이 잘 안된다.연구소와 영업부 및 생산부와 구매 품질라인의 소통 미스로 수주건이 통째로 없어진다는 둥의 일이 비일비재
","
강력한 리더십이 어느때 보다 필요한 때입니다.부서간의 소통을 늘릴 회의체를 마련하고 공적인 주재가 필요한 시점입니다.
"
개발,현직원,전북,2014. 04,3.0,"""처음 접하는 분야입니다.""","
능력치를 이끌어낼 수 있게 해준다
","
정규직도 있지만 현재 나는계약직
","
근무환경이나 인사고과 신경 좀
"
