﻿직무,고용 현황,근무지,날짜,별점,요약,장점,단점,경영진에게 바라는 점
디자인,전직원,서울,2023. 10,3.0,"""직원들은 정말 좋음. 그러나 최종컨펌자의 미적감각이 구시대적인데다가 본인만의 고집이 너무 세서 새로운 시도도 안할뿐더러 디자인을 예쁘게 뽑아내기 어려움.""","
1.직원들과 두루두루 화목한 분위기2.한강이 바로 보인다3.역세권4.대부분 야근없음
","
최종컨펌자의 감각이 심각하다. 문제는 그걸 옳다고 밀어 붙이고, 본인의 전문분야가 아님에도 문제점 제시에 수용하지 않는다. 이는 일하는 근로자의 열심히하겠다는 마음까지 없어지게 만들고 전체적으로 열심히하는 회사분위기가 아닌. 별 발전없이 될대로 대라는 느낌으로 굴러가는 회사로 만든다.
","
부서별로 차이가 크지만, 최종컴펌자가 문제다. 과하게 권위적인 행동들, 다른걸 인정하지 않으려는 태도 등.. 이런것들이 쌓여 너무 힘들게 해서 결국 일에 대한 열정도 없어지고 포기하게 만들어서 기업의 성장까지 영향이 가는걸로 보임.
"
연구개발,전직원,서울,2023. 09,2.0,"""의욕을 갖고 근무하면 좌절할 수 있음.적당한 수준의 노력으로 적당히 일하고 워라벨을 추구하기에 좋은 회사""","
역세권워라벨 보장최근 복지 다양해짐직원들은 대체로 좋음
","
경영진의 나노 단위 매니징.경영진, 관리자급 과의 의사결정시 소통이 불가함.
","
경영진이 바라보는 회사의 상황과 실무자가 보는 회사의 상황은 상당히 차이가 있습니다. 의견을 좀 들어보시는게 어떨지
"
개발,현직원,서울,2023. 03,4.0,"""오너가 워라밸을 지키도록 지지하고 지속적으로 변화하는 모습을 보임.  서울에 위치해 있으면서도 내부적으로 여러가지 좋은 쪽으로 변화중이는 회사임.""","
워라밸을 잘 지키고 원하는 바에 대한 반영이 어느정도 잘 된다고 느낌. 직원들 복지 측면에서도 점점 좋아지고 있고 직원들을 생각하는게 눈에 보일 정도로 신경씀
","
연차나 휴가를 길게 사용할 수 없음. 하루 연차는 상관없는데 길게 붙이려면 눈치가 많이 보이고 반려당할 것 같은 느낌이 강함. 오너의 꼰대스러움이 자주 묻어 나옴.
","
이미 충분히 좋은 환경이라고 생각되고 이 정도 환경에서 불만이 있으면 다른데서 절대 일 못함. 직원들 요구사항을 받아들이려는 모습이 매우 좋아보임.
"
영업/제휴,전직원,서울,2023. 01,1.0,"""대표의 기분에 따라 하루하루의 분위기가 결정되는 신기한 회사""","
역과 가까움 사무공간이 깔끔 앞에 이마트가 있어서 산책하기 좋음
","
엘레베이터 타려면 전쟁임 여자 무리 문화가 눈에띄게 보임
","
적절한 보상과 당근을 주면 당연지사 일할 의욕이 살아납니다
"
연구개발,전직원,서울,2023. 01,1.0,"""진짜 대표이사 정신차리세요… 그러다가 회사 큰일 납니다진짜 멘탈 강하신분만 가시길..""","
크게 장점이랄꺼 까지 없지만 생일반차?! 그정도는 장점일수 있겠네요.
","
대표이사가 기업운영하는거 자체가 단점이네요.대표이사 마인드가 단점임
","
그냥 대표이사를 바꾸시길… 더이상 희망이 없어요대표이사 마인드 개조가 절실합니다.
"
연구개발,전직원,서울,2023. 01,1.0,"""뭐하는지 알 수 없는 회사?? 인생을 낭비하고 싶다?? 당장 지원하세요~~~~!""","
서울에 있어서 퇴근하고 놀기 좋다~~~대충 비비면 아주 편하게 다닐 수 있다~?
","
뭐하는 회사인지 모르겠다. 성과는 없고 주구장창 밑빠진 독에 물붓기 같은 일만 한다. 일단 윗 대가리들이 정부과제로 연명하려는 맘 뿐이다 ㅎㅎ 여기 다니면 인생을 낭비 할 수 있음. 아무리 직장생활 싫다지만 성취감 금융치료류 버틴다 생각하는데 둘다 기대하면 안됨~! 놉!!!
","
할 수 있는 일을 하세요~ 자신의 욕심으로 말도 안되는 일에 매달리지 마시구요~
"
기획/경영,전직원,서울,2023. 01,3.0,"""9-6 근무시간은 지키고 워라벨을 원한다면 괜찮습니다.""","
사무실 근무환경은 깔끔함. 개인자리에 파티션 있음. 원두커피무료.
","
보고를 위한 보고. 보고를 위한 일. 보이기 위한 문서작업이 많음.
","
매니징의 목적으로 작성하는 이메일 서류작업이  많습니다.
"
생산/제조,전직원,서울,2022. 08,3.0,"""욕심없이 다니면 20년 근속이 가능한 회사""","
업무가 어렵지 않고 매우 널널함큰 어려움 없이 진급 가능업계 대비 연봉과 복지가 좋은 편도서와 사무비품 구입 무제한주차지원 비공식 무제한
","
직원들의 근태가 형편없음소문에 의하면 어떤 부서는 무단결근 하고 오후에 전화해서 연차처리하는것도 가능하다고 함이런 분위기 때문에 근태를 준수하는 직원들의 사기가 저하됨직원들이 대부분 불평 불만이 많은 분위기임능력을 키울 생각은 없으나 혜택은 대기업 수준을 원함
","
대표님께서 더 세세하게 모든 직원들의 업무와 근태를 파악해주시면 좋을거 같습니다.각종 업무보고를 통해서 열심히 일하는 것 처럼 포장하지만, 일부 직원들의 업무강도가 너무 낮아서 놀러 다니는 사람과 다를바 없습니다.특히 대표님의 관심이 닿지 않는 부서에는 근무중 졸거나 몇시간씩 커피를 마시러 자리를 비우기도 하고 무단으로 지각을 일삼는데도 보고되지 않는 경우가 많습니다. 각 직원들의 업무와 근태에 대해 직접적인 대표님의 교육이 필요합니다.
"
개발,현직원,서울,2022. 07,3.0,"""대체적으로 보통이다. 휴가눈치볼 필요없고 그이상 그이하도 아닌 평범한 중소기업""","
휴가눈치볼 필요 없다잘하면 인정은 받는다. 좋은사람들과 함께한다
","
연봉이 다소 아쉽다중소기업이라 사람들이 잘 모른다복지는 평범
","
성과에 따른 적절한 연봉인상을 원합니다동기부여가 조금 있으면 좋을듯
"
연구개발,전직원,서울,2022. 07,5.0,"""뱃사공이 너무 많음. 사업의 방향성 조차 잡히지 않은 듯. 비전없음. 사업접힐 듯""","
서울에 있음. 1층에 메가커피 있고 지하에 빽다방 있음 이게 장점
","
간신들 많음. 무능한 상사 .. 멍청해서 협력사가 대충말해도 진짜인지 가짜인지 구분못함. 호구잡히는 기업
","
사장은 이상주의자. 생각하는대로 모든 일이 된다면 누가 망하겠습니까. 현실을 사세요. 주변에 간신들 좀 쳐내시구요
"
기획/경영,전직원,서울,2022. 07,4.0,"""나름 체계를 갖추려고 노력하는 모습이 보이는 것 같음""","
분기별로 평가를 도입해서 공정하게 연봉을 책정하려고 하고 직원의 성장을 중요하게 생각하여 교육 등을 많이 하는 등 체계를 계속 만들어 나가려고 노력하는 것 같음. 야근이 많지 않아서 나름의 워라밸이 가능함.
","
중식을 제공 하지 않아서 점심을 사먹어야 한다는 슬픈 현실. 야근하면 야간 식대는 제공해 줌
","
체계를 만들어 나가는 것은 바람직하나 직원들의 의견을 더 많이 수렴하면 좋을 것 같음
"
기획/경영,전직원,서울,2022. 06,1.0,"""내 인생 최대 오점으로 남을 기억을 심어준 기업(대표)""","
휴게실 뷰가 좋네요. 회사가 증미역 앞에 있어서 참 편리하네요. 복도에 화장실이 있어요. 정수기에 물이 잘나와요.
","
9시 출근인데 8시 40분까지 출근해야 하며 월마다 평균 출근시간, 퇴근시간을 확인 후 8시40분전까지 안 오거나, 칼퇴한 경우 팀장 면담 또는 대표이사 면담을 한다. (사규에 명시가 되어있는지 의문이다. 근로 계약서도 9시 출근이라고 되어있다)특정부서는 연차나 반차 등을 쓰면 사유를 사장이 물어본다. 어디 놀러 가는거까지 세세하게 물어본다. 사장님 기분이 안좋으면 괜히 직원들한테 꼬투리 잡아서 뭐라고 한다.(아침에 기분좋게 출근했는데 휴게실 또는 직원들 앞에서 소리 지른 적도 많다), 안되는 걸 계속 되게끔 말로만 쉽지 요청을 하신다. 그래놓고 시간 지나서 안 했다고 하면 본인 방에 호출하여 극대노를 한다.매분기 회의실에 불러 모아 대표이사 조회를 한다. 오후에 시작하면 6시에 퇴근 절대 못한다.  조회하면 왠만하면 화장실도 안 보내준다, 정작 직원들이 버티기 힘든 걸 모르시는 것 같다. 그리고 복지도 거의 없다고 보면 된다.장점이 없다 솔직히, 옛날로 다시 돌아가게 된다면 절대 안갈 것 같다.
","
모든 임원분들은 고생하시는데 몇몇 분때문에 직원들이 힘들어한다.임원분들 힘내십쇼!
"
생산/제조,전직원,서울,2022. 06,3.0,"""역근처에 있어서 출퇴근이 나쁘지 않다. 전체적으로 그냥저냥 보통입니다.""","
회사 위치가 역바로 근처에 있어서 교통은 편리하나 붐비는시간대라면 사람에 치일것 딱히 장점을 느끼지 못하였습니다.
","
우선 중소기업이다 보니 근무시간이 정해져 있지만 정시퇴근이 쉽지는 않고 연봉부분에서도 연봉외에는 없으나 급여 자체도 낮아서 왠만한 사람들은 성에 차지않을것
","
요즘은 연봉에 사람들이 민감한데 주는 사람만 주지 말고 직원들도 잘 챙겨주시고 그것도 안되면 칼퇴근 시원하게 시켜주세요
"
영업/제휴,현직원,서울,2022. 06,2.0,"""실무진들이 다양한 경험을 통해 특정 수준까지는 성장하기 나쁘지 않은 회사.""","
팀별로 분위기, 조직문화 상당히 다른데 전반적으로 수평적인 조직문화임. 사원, 대리급들이 업무 수행시 작 결정권을 갖고 의견피력 하여 주도적으로 일할 수 있다는 점에서 어느 선까지는 성장하기 좋은 환경임.
","
출근시간은 9시 까지인데 8시 40분이 넘으면 지각으로 처리됨.경영진과 실무진의 의사소통이 전혀안됨. 괴리심함. 극성수기 단체 여름휴가, 퐁당퐁당은 단체연차 소진으로 사실상 쓸수 있는 연차가 3-4일 내외임. 사원, 대리, 과장급이 연속적으로 퇴사해도 단지 퇴사자들에게 문제가 있다고 판단함.
","
일관성있는 경영.감정에 휘둘리지 않는 경영.자기객관화가 필요함
"
기획/경영,전직원,서울,2022. 05,5.0,"""입만 번지르르 시대흐름 못읽는 최악의 꼰대 회사""","
장점이라고 할게 정말 없어요 그나마 깨끗한 사무실 환경정도?휴게실 리버뷰 인문학 좋아하시는분들은 가면 좋을듯요 (사장이 그런쪽에 아주 심취해있음)
","
쓸데없는 회의가 너무 많음사장이 정말 말도안되는 꼰대마인드를 가지고있음 계속 경영하시려면 mz특성을 제대로 공부하셔야 할듯요칼출퇴근하면 사장이랑 면담사장이 워낙 기복이 심해서 직원들 돌아가면서 괴롭힘발전이 없음
","
실질적인 직원복지에 힘 좀 쓰셔야 할듯요사장이 진정 직원들이 원하는 복지가 무엇인지 너무 모르시고경영을 글로 배우신 분같아요 정신 좀 차리시고본인이 꼰대인거를 받아들이시길.. 그리고 직원들은 소모품이 아닙니다.
"
엔지니어링,전직원,서울,2022. 05,3.0,"""* 3D 프린터 사업부, 설계팀에 소속되어 있었음.설계자가 하고싶은데로 비용 상관 없이 꿈을 펼칠 수 있는 곳. 또한 자신의 기발한 아이디어를 상당 부분 반영시킬 수 있음.""","
야근 거의 없음, 회식 거의 없음, 상사 및 동료와 즐겁게 이야기 하면서편한 분위기 속에서 업무 진행, 인센티브 있음
","
수직적인 상하관계, 긴 시간의 회의가 잦음, 자료 작성 업무가 많음,본 업무 외 다른 업무를 진행해야 할 상황이 많음.
","
급진적으로 부서를 발전시키려 하기 보단 원천 기술의 토대를 다지는 것이 우선이라고 생각함. 완벽한 기초가 있으면 파생되는 수많은 연관 기술을빠르고 성공적으로 얻을 수 있을것으로 예상됨.
"
개발,전직원,서울,2022. 04,3.0,"""워라벨이 괜찮고 수평적, 수직적인듯 애매한 문화""","
워라벨이 좋고 의사소통을 하려고 함 안정적인 수익구조 무언가를 해주려고 노력을 함 전문성 확대를 위한 노력 발전을 위한 노력을 함 대중교통 편리한 편임
","
상여금이 적다는 단점이 있음 식대가 없고 주변 식당이 별로임 주차비 지원, 교통비 지원이 없음
","
복지 확대, 상여금 확대 성과에 대한 보상이 필요할 것 같음
"
기획/경영,전직원,서울,2022. 04,1.0,"""절대 추천하지 않습니다. 커리어가 가라앉는 곳""","
사장이 전공 박사 출신임, 쨌든 투자 유치는 잘 함.  블루 오션이라 그런지 점유율은 높은듯
","
꼰대 of 꼰대 문화. 늦게 퇴근할 수록 예쁨 받음. 정시 퇴근 = 퇴사 압박연차 강제 단체 사용. 개인 연차의 개념은 병가 이외엔 없다고 보면 됨철저한 군대 문화(막상 미필 많음)숨막히는 분위기
","
의미 없는 회의 좀 그만하고, 아부 잘하는 사람 + 부려먹기 좋은 사람 뽑지 마시고 능력있는 사람을 끝까지 데려가려고 하면 좋을듯. 어떻게든 깎아내리려고만 하니 열정 있는 사람들은 다 퇴사함
"
연구개발,전직원,서울,2022. 03,2.0,"""사업의 방향이 수시로 바뀌며 급할 것 없는 일에 밤늦게 연락이 와서 업무를 집에서 진행하거나 갑자기 퇴근후 다시 출근해야하는 일이 종종 있다. 체계적으로 업무를 진행하는ㅊ것이 아니라 주변 사람들의 의견을 듣고 갑자기 진행하는 경우가 많다.""","
지하철 인접, 깨끗한 인테리어/카페테리아, 왠만해서는 칼퇴근을 하나 임원들이 52시간을 채우라고하는 경우가 종종 있음
","
회사소개자료와 일치하지 않는 정보가 다수 존재하며 면접에서 거짓된 정보를 알려주는 경우가 자주 있다.
","
제발 외부 사람들의 의견만 듣기 보다는 내부 사정과 현실을 파악하여 업무를 진행하였으면 합니다.
"
영업/제휴,전직원,서울,2022. 02,2.0,"""친한사람들끼리만 똘똘뭉쳐서 자기들 잘났다고 하는 맛에 돌아가는 회사""","
건물이 깨끗하다역이랑 가깝다탕비실이 깔끔하다사내 구비물품이 많다
","
눈치를 준다끼리끼리 친해서 줄세우기를 좋아한다앞에서는 말 못하면서 뒤에서는 잘한다
","
연봉 더달라는 소리는 안할테니까 최소한의 떡값이라든지 점심 식대 지원이 있으면 직원 사기 올라갈듯
"
연구개발,전직원,서울,2021. 12,1.0,"""서울에 위치하고 있다는거 빼고는 아무것도 추천할 수 없는 회사""","
서울에 있음. 끝 연차는 나름 쓸 수 있으나 여름휴가를 전부 연차로 사용하고 샌드위치를 단체연차로 다같이 쉼 그래서 정작 연차는 별로 없음
","
보고를 위한 미팅 미팅 미팅, 수많은 사공 그로인해 끊임없이 바뀌는 방향성. 무능한 상사 전문적이지 않음사람을 도구로 생각함. 뭔가 체계적으로 바꾸려고 하나 문제가 많음.
","
사람귀한줄 알고 사람에게 투자를 하시면 좋겠습니다.현실은 무시한체 이상만 쫓다간 아무도 남지 않을 것 같네요
"
연구개발,현직원,서울,2021. 03,2.0,"""대표가 주말이건 심야시간이던 쉬지않고 앞장서서 달려가는 회사.. 너무 빨리 달려가서 따라가기 힘듬""","
지하철역이 가깝고 회사 인테리어가 잘 되있음. 평소엔 칼퇴근이 가능하고 왠만하면 주말에 출근 없음
","
회의가 너무 많고 사실 회의라고 하기도 힘들고 혼자서 계속 훈계하는 경우가 많고 고집쎈 대표로 인해 조언이나 충고를 잘 듣지 않음
","
제발 너무 이상만 추구하지 말고 직원들의 능력과 현재 회사의 상황을 이성적으로 판단해서 업무를 추진했으면 좋겠음
"
기획/경영,전직원,서울,2021. 01,3.0,"""안정적인 공무원같은 워라밸을 원하면 추천할 만한 회사, 플렉서블하고 자기 계발과 동시에 성과만큼 인정 받고 싶은 인재라면 다시 한번 생각해 봤으면.""","
야근 강요 없음(부서마다 다름), 월급이 밀리지 않음같이 일하는 사람들은 모두 좋음
","
단순 보고, 수직적인 형태 분위기로 답답한 느낌이 들 수 있음청바지를 못 입게함.
","
트렌드를 읽지 못하는 경영 방식에 문제점을 인식했으면 좋겠다
"
개발,현직원,서울,2021. 01,3.0,"""워라벨이 확실하고 사무실 근무라 편합니다자유도가 높은편입니다.""","
징검다리 연휴일 때 개인 연차를 무조건 쓰게 하는 좋은 기업입니다.휴가는 1년전에 미리 나와서 좋습니다.
","
사내에 주차가 안되어 많이 불편하며주변에 주차비가 많이 비싸서 월급에서 지출하는 비용이 큽니다.
","
주차장을 마련해 주고연차를 자유롭게 쓸수있게 해주면 좋겠습니다
"
디자인,전직원,서울,2021. 01,3.0,"""보통적으로 무난하게 다닐 수 있음 교통편리하며 밥을 개인돈으로 안사먹음.""","
서울에 교통도 편리하며 야근 눈치 없음 무난하게 다닐 수 있는 곳임.
","
보고가 너무 많음 일도 많은데 직접 회의를 주관하여 보고 받음 옛날 마인드가 있음.
","
직원들 사기 증진(복지, 연봉) 같은것에 신경좀 써주면 좋을듯 지금은 모르겠으나 옛날에는...
"
개발,전직원,서울,2020. 12,2.0,"""사장의 말 한마디에 좌우되는 회사. 사장 기분에 따라 많이 좌지우지 됨.""","
커피와 음료는 마음대로 먹을 수 있음. 탕비실 분위기에 신경을 씀. 단지 그것뿐...
","
사장 기분에 따라 분위기가 많이 달라짐. 계속 신사업에 독을 들이는 것이.. 기존에 잘 하는 사업이라도 잘 했으면 함.
","
신규사업 이것저것 벌이지말고 잘할수 있는 분야인 한우물만 팠으면 좋겠네요.
"
영업/제휴,전직원,서울,2020. 10,3.0,"""보수적인 회사분위기로 좁은 우물같은 분위기입니다끼리끼리 문화가 강한 편입니다""","
카페테리어 분위기 및 위치 좋음변화하려고 노력하는 편
","
퇴근 눈치 보는 곳 체계가 없는 편이라 업무시 힘들었으나 누구도 들어주지 않음그냥 해내니까 할 수 있는지 아는 곳
","
직원들의 이야기에 귀 기울어 주기를듣기 좋은 말만 듣지 말고 다양성에 집중해주시기를 바랍니다
"
영업/제휴,전직원,서울,2020. 06,2.0,"""워라밸을 중시한다면 좋지만 별로 추천하고 싶지는 않은곳.""","
워라밸. 가끔 해외 전시가 있을 경우를 제외하고 대체적으로 일찍퇴근하는 날이 많다.
","
단순 보고를 위한 회의 미팅 시간이 너무 많다. 회의만 하루에 너닷개가 있어 기존 업무를 볼 수 없다.
","
단순 보고는 이메일로 보고하여 회의시간을 줄였으면 좋겠다.
"
생산/제조,현직원,경남,2020. 04,3.0,"""조명 렌즈에 관심이 있으면 커리어를 쌓기 위해 도전 해볼만한 기업임""","
회사 전체분위기는 자유로우면서 포근한 분위기이며, 조명 렌즈 설계 및 사출 부분까지 한번에 할 수 있는 회사이고, 월급을 꼬박 꼬박 주는게 장점
","
다른 중소기업에 비해 복지가 좀 좋지 않고, 출근 시간은 좀 이르고 퇴근 시간은 좀 늦게 이루어지느게 단점
","
신규 직원에게 회사에 잘 적응 할 수있도록 체계적인 시스템이 필요하다고 판단됩니다.
"
생산/제조,현직원,서울,2020. 01,1.0,"""레트로가 다시 유행인 만큼 1980년대 근무환경을 느껴볼 수 있는 뉴트로 감성의 회사""","
야근수당은 없지만 야근을 많이 한 사람을 뽑아서 상금을 주는 좋은 복지제도(주 평균 52시간 초과근무시 연차&반차 강제삭감)9시 출근이지만 무조건 8시 30분까지 출근해야하기 때문에 아침형 인간이 될수있다연차를 허락받고 사용해야 하고 여름휴가 또한 내 연차로 다녀와야 하므로 일을 많이 할수있다
","
직원들 복장규제가 있다. 여직원은 치마를 남직원은 비지니스캐쥬얼 입어야함.연봉이 바뀌어도 근로계약서를 새로 안써준다.
","
한달 남짓 동안 경영부서 인원이 전부 퇴사했으면 문제의식을 가져야할거같은데 여직원 퇴사율이 높기때문에 남직원만 뽑겠다는 결론이 도출되는걸 보면 무언가를 바라는것 자체가 어리석은듯
"
디자인,전직원,서울,2019. 05,1.0,"""여러 사업을 조금씩 확장하고 있는 형태였으나딱히 성공적인 부분은 없어보임""","
작은 회사기 때문에 많은 부분을 경험 할 수 있음. 사내에서 일어나는 거의 모든 부분에 직 간접적으로 관여됨
","
역시 작은 회사이기 때문에 많은 부분을 경험해야만 하는 것이 단점.거의 모든 부분에 참여하다보니 경험은 쌓이나, 숙련도는 쌓기 힘듬.
","
직원들을 조금 더 우대해주고, 직원들의 말에 귀를 기울이면 좋을 것 같음
"
기획/경영,전직원,서울,2019. 04,2.0,"""한국의 일반 중소기업과 유사하다. 해외 소프트웨어가 이미 자리잡은 시장을 뚫고 국내 소프트웨어의 발전을 위해 노력하는 회사다.""","
국가연구과제를 많이 수행한다. 야근 식대를 제공해준다.
","
회사에 대한 의견을 자유롭게 제시하기 어렵다. 출퇴근이 자유롭지 못하다.
","
국가연구과제비로 버티는 회사이지만 지금과 같이 쭉 유지하였으면 좋겠다.
"
영업/제휴,현직원,서울,2019. 03,3.0,"""관련학고 전공자가 보다 전문적인 커리어를 쌓고 싶다면 추천합니다.""","
전반적으로 소규모에 수평적인 분위기. 사업기반이 안정적이며 교육시스템이 있음.
","
담당별 업무 분담이 달라 널널한 사람과 그렇지 않은 사람의 차이가 큰 편. 관련학과 전공 지식이 없다면 상당히 많은 공부를 해야할 각오를 해야한다.
","
개인별로 주어진 업무량에 차이가 큼을 인지하고 이에 대한 대책을 세워주셨으면 한다.
"
디자인,현직원,서울,2018. 12,3.0,"""그냥 워라벨만 필요하다면 다닐만한 회사재미와 연봉 상승은 없는 편""","
칼퇴 가능, 최소한의 복지를 신경쓰려고 함오래다닌 직원들이 많음
","
기업 오너의 주관으로 모든 의사결정이 이뤄지며 이를 잘 맞추어야 원활한 회사생활 가능함. 제안은 할 수 있지만 거의 이뤄지지 않음. 비교적 반복되는 이벤트가 많아 지루함.
","
직원에게만 변화를 강조하지 말고 경영진들도 변화를 받아들였으면 합니다. 경영진들이 짜놓은 프레임이 꼭 정답이라는 보장은 없습니다.
"
디자인,전직원,인천,2017. 09,2.0,"""다양한 경험을 쌓으며 일하기 좋은 곳입니다""","
활기찬 분위기가 납니다. 연차를 눈치 없이 쓸 수 있습니다
","
저의 입장에서 본 기업의 단점은 단순 보고를 위한 업무의 비효율성이 느껴졌습니다.
","
제가 경영진에게 바라는 점은 딱히 없었습니다.
"
디자인,전직원,서울,2017. 08,1.0,"""보람차게 일할 수 없음, 근무 시간내에 열심히 일을 해서 일을 끝내도 집에 갈 수없음""","
여름휴가가 회사 전체 인원에게 5일간 같은 날 주어져 눈치를 보지 않아도 된다는점.
","
연차 3년간 한번도 쓰지 못함, 불필요한 야근이 너무 많음,
","
직원들에게 돈쓰는 것을 아끼지 않았으면함.
"
영업/제휴,전직원,서울,2017. 06,2.0,"""국산 소프트웨어로 자부심있지만, 인력부족으로 완성도가 낮음""","
소규모 기업으로 원한다면 가지계발에 힘쓸 수 있는 분위기입니다.
","
경영자의 마인드가... 혼자 너무 앞서갑니다. 원할한 성과를 위해서는 직원 들과의 커뮤니케이션이 중요하다고 생각합니다만, 일방적인 면이 있네요.
","
직원들말에 귀기울여준다면 발전 가능성이 크다고 봅니다.
"
개발,전직원,경기,2023. 07,2.0,"""오토모티브라는 진입장벽 높은 곳에서 몇 안되는 라이다 기업""","
자유로운 연차사용, 스낵바, 좋아지는 환경과 분위기, 열정적인 사람들
","
현차 출신 임원들로 중소 중견의 제조시스템 경험이 없어 제품 개발에 많은 문제점이 있음. 제품 양산 여부가 불투명. 다른 스타트업 문제점들 다 가지고 있음.46시간(포괄임금제)
","
좋은 인력 충원과 중소중견 제조업 시스템에 대한 공부가 필요한 시점.
"
생산/제조,현직원,경기,2023. 03,4.0,"""미래가 밝은 회사.스타트업의 장점으로 회사 분위기가 좋고, 업무가 딱딱하지 않아서 좋아요.""","
연차 눈치 안보고 사용.팀장님들이 좋음.회사 사람들이 좋음.
","
단점을 뽑으라고 하면,스타트업이라 완벽하지 않은 업무분장??
","
판매 많이 해주셔서 뽀찌 마니 주세요.지금처럼 분위기 좋은 회사 유지해주세요~
"
연구개발,현직원,부산,2023. 02,4.0,"""차량용 라이다 개발 스타트업으로 연구직으로 괜찮은 젊은 회사""","
자율출퇴근제, 스낵바 운영, 젊은 실무진, 직원들이 열정이 있음, 딱딱하지 않은 문화
","
판교지만 주변 인프라가 좋지 않아 식사가 번거롭고 대중교통 이용이 어려움
","
입사초기보다 점점 분위기 및 문화가 개선되고 있는점이 느껴집니다.
"
개발,현직원,경기,2023. 02,1.0,"""개발자가 열정을 가지고 일을하나 업무 외적으로 아쉬운 점이 있는 회사""","
연차를 눈치 안보고 씀.판교 스타트업 좁은 사무실에서 작년에 지식산업센터로 이전 하여 예전 보다는 넓어진 사무실. 탕비실에 컵라면 및 커피 제공.개발 아이템이 비전 있다.
","
1.예전 근무지 보다는 넓으나 이전한 사무실도 좁다.2.기존 인원들은 주차가 되지만 최근에 입사한 사람들은 주차지원이 안되어 불만들이 있어보임.3.밥값이 연봉 포함. 4.대표의 주 46시간 강요. 작년에 이슈되어 해결되나 했으나다시 46시간 강요 중.5.스타트업 임에도 불구하고 쓸데없이 과한 업무보고서 작성 강요. 팀장들도 힘들 듯.6.무리한 일정 강요.
","
간판없는 스타트업에 아이템 하나 보고 순수한 열정으로 일합니다. 그런데 주차로 신구 갈등 만들고, 시대 뒤떨어진 주 46시간이상 근무 강요에 수많은 업무외 간섭에 직원들은 지칩니다.직원들이 얼마나 더 버틸지 모르겠네요.투자 받은 돈으로 다시 뽑으면 그뿐일까요?초창기 개발 자원들이 곧 인사입니다.아직은 볼거없는 회사서 직원들이 라이다 하나보고 개발하고 있습니다. 직원들 목소리도 좀 들어주세요.사모님 입사하시고 좀 나아질까 기대했는데 많이 아쉽습니다.
"
연구개발,현직원,경기,2022. 08,4.0,"""스타트업으로서 자율주행 관련 아이템을 개발하는 회사""","
하계휴가 있음, 판교라는 지리점 이점, 젊은 사람들이 주축인 회사라이다 센서 관련 다양한 개발을 경험할수 있음
","
판교이지만, 제2 밸리에 위치하여 교통 낙후 / 주변에 인프라가 좋지 않음임원들이 자동차 출신들이라 보수적인 경향이 있음
","
직원들의 처우에 대해 많은 고민을 해줬으면 합니다.스타트업이 성공하기 위해서는 직원들의 목소리에 귀를 많이 기울여야 합니다.
"
개발,전직원,경기,2023. 08,2.0,"""사람들과 친해지면 좋은 회사... 지만 과연?""","
직급이 따로 존재하지 않고 서로가 존댓말을 씀점심비 지원됨야근하면 저녁도 사주기는 함월세나 차비 지원을 선택해서 받을 수 있음
","
포괄임금제임업무에 성취감이 없고 본인 명함에 적힌 담당 업무 외의 일을 많이 하게 됨정치가 상당히 심함팀마다 대우가 틀림
","
이미 퇴사했기 때문에 바라는 점은 없습니다.
"
전문직,현직원,경기,2023. 01,5.0,"""개발 가능성이 무궁무진하고. 국내외 증강현실 분야에서 한 영역을 확보하고 있음""","
자유로운 의사소통, 급여, 복지(점심 값, 복리후생비, 주거지원 등), 성장해나가는 기업
","
아직 성장하는 중이라 체계가 확고하게 잡혀있진 않음위치가 서울에서 벗어나 있음인력이 충원될 필요가 있음
","
신규 사업 추진에 적극적인 투자상장하기 위한 체계적인 준비
"
개발,현직원,경기,2022. 12,5.0,"""너무 좋아요!!!! 완전 좋아요!!!!!""","
연차를 윗사람 눈치 안보고 쓸수 있음, 중식 제공, 다과 및 음료 제공,자율출근제 기타 등등
","
회의 시간이 많다, 부서간의 협업이 잘 안되는거 같다, 아이디어 기업이다 보니내부 부서간에서도 정보공유가 잘 안된다
","
그닥 불만사항은 없습니다. 지금처럼 같이 열심히 커 나갔으면 좋겠습니다
"
연구개발,전직원,경기,2022. 10,2.0,"""개발자에게 대우해주는 기업이고 동료들이 괜찮은 편임.""","
복지가 좋은 편이고 경력직 연봉도 괜찮은 편직원들도 대체로 좋은 성품을 지녔음업무가 타이트하지 않은게 장점이자 단점일듯
","
사람마다 다르겠지만 업무적 성취감을 느끼기 어려웠음 인사평가에 대한 평가기준이 다소 억지스럽다고 느꼈음일부 윗사람 중 막말에 분위기 흐리는 사람이 있었고 나대는 젊은 꼰대들도 있었음
","
짧게 다녀서 할말은 없음 ....사람관리는 해야겠음 ....
"
생산/제조,전직원,경기,2022. 07,4.0,"""깔끔하게 일하기 좋은 환경을 가진 곳""","
근무할 때 편안하게 일 할 수 있는 분위기를 가진 곳,  최고의 기술력을 가진 곳
","
출퇴근 시간이 조금 오래걸리는 편, 연봉이 생각보다 실수령할 때 크지 않다 ..
","
연봉 실수령액을 올려줬으면 좋겠습니다 .. 워라밸 지켜주세요
"
연구개발,전직원,경기,2022. 05,4.0,"""그냥 저냥 다니기엔 나쁘지 않음, 내 지인이 들어온다면 추천임.""","
직원 복지는 중소기업 안에서는 탑이라고 생각함, 채용공고에 올라온 내용이 사실이고 직원이 뭐 요청하면 잘 들어주긴 함.
","
사내 문화가 모두를 존중해주긴 하는데 반대효과로 이상하게 구는 사람도 존중해준다는거임그게 좀 별로임 잘하는 사람만 바보되는 느낌이랄까
","
잘못된 건 잘못됐다고 얘기를 좀 해줘야 할 것 같음
"
생산/제조,전직원,경기,2022. 05,5.0,"""미래 유망함. 대표가 캐리하는 듯한 회사느낌. 연구원들이랑 경력직들은 대우를 많이 해주는 회사""","
'님'자 호칭하면서 서로 존대하는 것은 좋음. 나이 상관없이 할 말은 하는 분위기라서 나쁘지 않음. 복지 불만 많다고 하는 분들 계시긴 하는데  말만 하고 퇴사자 없는거 보면 복지는 중소기업 치고 좋은 편에 속한다고 생각함. 급여수준과 스톡옵션도 경력직은 업계 상위 수준이라고 생각함.
","
어느 회사나 비슷하지만 신입들 우대받는 느낌은 없음. 급여 수준이나 스톡옵션 계약에서는 신입들은 민망한 수준인 경우도 있다고 봄. 팀마다 분위기가 너무 다른데 어떤 팀은 신의 직장 느낌이고, 어떤 팀은 너무 보수적인 느낌도 있음. 열심히 하는 사람과 열심히 안하는 사람간의 갭이 크다고 느껴서 상대적인 박탈감도 느낄 수 있다고 생각함
","
불만만 많은 사람에게 잘해주기보다는 조용히 착실하게 하는 사람을 알아서 잘 챙겨주는 이상적인 모습이 있으면 좋겠음.
"
연구개발,전직원,경기,2021. 11,1.0,"""충분한 기술과 능력이 있는 인재들을 보유한 회사. 단 CTO만 문제""","
대기업못지않은 복지 시스템괜찮은 동료들이 많이 있음점심 저녁 제공
","
본인이 가장 대단하다고 믿는 CTO책임지기보다는 탓할 직원을 찾는 CTOCTO외에는 딱히 단점은 없다
","
직원을 존중하고 믿어주세요자율성을 강화하고 그에따른 책임과 성과를 온전히 직원이 질수 있도록 해주세요밑에 5점짜리 리뷰도 문제네요
"
연구개발,현직원,경기,2021. 11,5.0,"""미래 VR AR 사업을 이끌 수 있는 희망찬 기업이며, 경영진들의 소통과 협력을 위해 노력하는 모습이 좋고, 젊고 깨끗한 기업입니다. 존중과 신뢰의 문화가 좋습니다.""","
자율과 소통문화, 선도적인 기술, 책임감 있는 경영진, 실수를 용서하고 기회를 부여하는 문화, 솔직한 경영활동 공유
","
사업모델 구체화가 필요하며, 비전이 있으나 현실적인 어려움을 해결 할 수 있는 능력이 아직 부족합니다. 경험이 다른 사람들과의 소통 시 어려움이 있으나, 좋아지고 있어요
","
젊은 리더로써 바른 경영진의 모습을 계속 유지하여 주세요.
"
영업/제휴,전직원,경기,2021. 10,3.0,"""스타트업으로 기술에 대해 시장에서 상당히 주목받는 회사이고 성장가능성이 높다고 생각함""","
복지가 아주 좋고 연봉도 업계에서 꽤 높은편에 속한다 위치도 접근성이 좋은편이라고 생각한다
","
스타트업이다보니 아직은 체계가 확실히 잡혀있지 않다고 생각함 차차 나아질것
","
대외활동이 더 필요하다고 생각함 아직 블루오션인 사업인만큼 초기 포지션이 중요하다고 생각함
"
개발,전직원,서울,2021. 08,2.0,"""CTO 아이디어로 투자 받은 회사그 CTO는 그 아이디어만 있었다""","
우유부단하고 사소하게 자주 싸우는 임원진 덕분에 쉬면서 월급 받음
","
큰 장점이 없지만 CTO의 역량과 행동을 제외하면 큰 단점도 없다.
","
가치가 높을때 매각 추천두분은 서로 다른 사업 하는걸 추천
"
연구개발,현직원,경기,2021. 07,3.0,"""한국보다 세계에서 더 주목받는 기업으로 미래 성장 가능성이 큰 기업""","
연차 눈치안보고 쓸 수 있음, 자기계발비 10만원 지원, 유연출퇴근
","
프로젝트를 진행하다가 조금 흥미가 떨어지면 흐지부지 되는 경우가 많음, 이것 저것 벌여놓고 제대로 마무리하지 않고 대충 넘어가는 일이 많고, 업무 범위나 회사 규범등이 있긴 하지만오너 기분따라 정해지는 경우가 많음
","
신규 사업 확장보다 이미 진행하고 있는 일부터 잘 마무리했으면
"
생산/제조,전직원,경기,2021. 05,3.0,"""개발자가 대우받으며 보람차게 일할 수 있는 곳, 사내 문화가 진취적이어서 잠재력을 마음껏 발휘할 수 있는 곳""","
자기계발 지원, 식대 넉넉히 지원, 유연 근무제 적용 등 선진 기업문화
","
설립연차가 적은 기업이다보니 경영 노하우 부족, 효율적 인적 관리 미흡
","
소통에 더욱 적극적인 모습을 보여주었으면 한다. 상호간의 원활한 소통 희망
"
연구개발,전직원,서울,2021. 01,3.0,"""스타트업으로 노력과 능력있는 직원이 대접받는 곳 입니다.""","
연차를 윗사람 눈치 안보고 씀자기개발비 있음통비, 교통비 지원
","
생각보다 의소사통이 안됨.무엇을 어떻게 만들어야 하는지 잘 모르는거 같음
","
좀 더 면밀하게 현안을 파악하고 문제 해결에 같이 노력하는 모습이 필요
"
