﻿날짜,직무,고용 현황,별점,요약,장점,단점,경영진에게 바라는 점
서울,,기획/경영,5.0,"""보험회사와 IT회사가 함께하는 기업핀테크, 테크핀 시대에 회사의 성장과 개인의 성장이 함께 일어날 수 있는 곳.""","
신기할 정도로 좋은 사람들만 많이 모인 곳. 배울 점 많은 직장 동료. 만족스러운 연봉. 빠르게 늘어나고 있는 복지 시스템(ex. 출퇴근 시간 선택제, 복지 포인트 등). 접근성 좋은 회사 위치. 직급 관계없이 직원들의 아이디어를 존중하는 분위기 (ex. 신상품아이디어 공모전)
","
보험회사와 IT회사가 함께하고는 있지만, 상호 분리된 느낌이 존재함.
","
직원들이 걱정없이 자신의 일에만 집중할 수 있는 근무 환경.
"
서울,,금융/재무,5.0,"""수평적문화 , 워라밸 ,복지포인트 많이줌, 직원의견 긍정적으로 수렴.""","
자동차보험 시장점유율이 빠르게 확보되는 중으로 성장성이 기대됨. 대물직원은 자회사 평균복지,평균연봉 등 생각하면 여기서 부족한 점 못느낄 것. 대인직원은 상위 원수사 생각하면 부족하다고 느낄 수 있음. 그러나 성장성 생각하면 몇년뒤에는 상위원수사 부럽지 않을것이라고 생각합니다. 만족해요
","
일이 많고, 체계가 좀 부족하다는 점.차차 나아질거라고 봅니다.
","
앞으로 더 적극적으로 마케팅하고 내실을 다져 탄탄한 보험회사로 성장하길 기원합니다.
"
서울,,디자인,4.0,"""스타트업의 성격이 있어, 개인의 역할이 중요하다! 운영부터 구축까지 다양한 범위의 업무를 경험할 수 있다. 수평적 조직문화로 의견을 다양하게 낼 수 있다""","
연차를 개인의 스케줄에 맞게 사용할 수 있다. 부서마다 다르겠지만, 다양성을 존중하고 조직내 팀원들이 모두 훌륭하다! 다양한 직군들과 함께 얘기할 기회가 있어서 좋다.
","
기본으로 제공되는 물품이 너무 적다.. 커피머신은 있지만 캡슐은 개인 구비해야하고, 종이컵, 휴지 등 기본적인 다이어리나 볼펜 등 필수물품을 제공해주었으면 좋겠다.
","
아직은 체계가 덜 잡혀 있는 느낌이 있습니다. 앞으로 더 체계가 잡혔으면 좋겠습니다.
"
서울,,금융/재무,5.0,"""워라밸 균형, 시차 출근제, 수평적인 분위기, 영어이름, 젊은 사람들이 많음""","
직급 또는 직책으로 부르지 않고 스스로 지은 영어이름으로 부르며 사무실 분위기는 수평적 입니다. 시차 출근제를 하며 출퇴근에 대한 압박이 적은 편입니다. 5시에도 퇴근 하는 사람이 많습니다. 보험업에 기반하지만 전통보험사와 다른 자유로운 분위기가 좋습니다.
","
부서간 알앤알이 명확하지않고, 명확하지 않은 만큼 일을 미루는 경향이 있기도 합니다. 사내에서 부서장에 대한 불만이 큰 편입니다.
","
작은 회사인만큼 직원들의 말에 귀기울여주기 바랍니다.
"
서울,,기획/경영,5.0,"""하고자하는 의욕이 있다면 충분히 성장하고 발전할 수 있는 곳""","
연차를 마음대로 씀. 기업이 커나가는 과정을 직접 눈으로 지켜볼 수 있음. 기획부터 실행까지 모두 지켜볼 수 있어 보람과 책임을 모두 느낄 수 있음.
","
주니어가 많아서 일을 차근차근 배운다기 보다 부딪치면서 배운다
","
경영진의 생각이 직원들에게 잘 전달될 수 있었으면 좋겠다
"
2023. 08,금융/재무,전직원,3.0,"""팀바팀이지만 서로 단합이 안되고 깎아내리기가 난무한 기업. 중재자도 없고 서로 일을 미루는게 일상인 회사""","
워라빌이 철저히 지켜짐. 팀 사람들은 좋음. 전체적으로 활기찬 느낌
","
불필요한 회의와 에너지 낭비가 많음. 그 에너지를 일하는대 쏟으면 좋갰음
","
제발 직원들의 목소리에 귀를 기울여주었으면. 쓸데없는 보고와 회의 좀 줄이세요.
"
2023. 07,기획/경영,현직원,3.0,"""기존 보험사와 다르다고 주장하나…잘 모르겠음 대체 뭘 만들고 싶은걸까""","
다양한 업종 배이스 직원과 교류 보험사 중 워라벨은 좋은 편인듯
","
다양한 업종이 모였으나 사일로가 굉장히 높음 협업은 사실상 어렵고 친분 또는 위에서 강하게 쪼는 것 위주로 진행이 되는 업무환경임
","
심각합니다…이대로 가면 폭망 확정임 인력 이탈 이유를 생각좀 해보세요
"
2023. 06,개발,현직원,4.0,"""본인이 먹거리를 찾아먹으면 충분히 성장할 수 있는 회사 워라벨 좋고, 사람들 좋은곳""","
부바부지만 워라벨이 좋습니다. 일정조율이나 이런 부분도 먼저 물어보고 조율을 합니다. 물론 급한 일정들은 늘 있지만 그래도 최대한 워라벨을 보장해 주려고하는 느김입니다.
","
스타트업 마인드와 대기업마인드가 적당히 안좋게 섞여있습니다. 일단 프로젝트를 진행할때 속도가 더딥니다. 그렇다고 대기업처럼 문서화가 잘되어있지도 않습니다.
","
열정적인 회사사람들이 많습니다. 이런 사람들에게 동기부여를 할 수 있도록 도와주세요.
"
2023. 04,금융/재무,현직원,4.0,"""극상의 워라밸 경험 가능.. 하지만 그렇게 워라밸 좋은게 정말 좋은걸까? 숫자는 거짓말하지 않는다""","
워라밸 좋음일안하는or하기싫은 사람에게는 천국유한 분위기 아무튼 30글자
","
팀장 이상급부터 급격한 질저하그에따른 하루가 멀다하고 바뀌는 형편없는 지시들그에 따라 퍼져있는 매너리즘
","
생각하고 일하자주주사 눈치만 보지말고.. 대체 뭘 하고싶은건지 모르겠어
"
2023. 04,개발,현직원,5.0,"""기존 금융출신이면 편하고 자유롭고플랫폼 출신이면 금융이 답답해 보일수 있지만타금융권 대비 자유도는 높은 조직""","
성장성이 높은 기업이며대기업의 장점 과 스타트업 장점이 있는곳지하철이 연결됨+초고층뷰대표님 마인드가 직원들을 많이 생각한다고 느껴짐
","
대기업의 단점 과 스타트업 단점이 있는곳성장하는 조직이다 보니 넓게 많은걸 해야함팀은 케바케 , 자유로운 분위기 , 가족같은 분위기가 있는 반면 군대 문화 팀도 분명 있음
","
최고의 복지는 돈 이라고 생각하는 직장인들이 많을꺼라 생각함
"
2023. 03,금융/재무,현직원,3.0,"""회사가 어떤 방향으로 나아갈지 모르겠는게 장점이자 단점""","
각종 복리후생 및 직원들 처우에 대한 개선점을 찾아가고있음전통적인 손보사에서 경험해보지못한 업무들 터치가능
","
회의 및 뒷받침할 제반 서류 업무 과도인력 충원이 사세확장 속도에 못미침그레이존이 다수 존재
","
사업의 방향성이 왔다갔다하지 않았으면 함
"
2023. 02,마케팅/시장조사,현직원,3.0,"""보험사 출신 개발자 중 워라밸 중시하는 사람들에게 추천하나성장지향적인 사람들에게는 굳이""","
워라밸은 보험사 중 최고인 듯하다을지로라 교통이 좋다
","
노는 사람이 많고 회사 방향이 대표 기분따라 바뀐다인사팀은 대학교 동아리 수준이다추진력이 느려서 외부이미지에 비해 느린조직이다팀장급들이 무능한 부서가 많다
","
이러니저러니 해도 본질은 보험사다보험에 대해서 모르는 건 보험사 출신이 아니니 이해하겠으나업계 생태계를 공부했으면 좋겠다
"
2023. 01,기획/경영,현직원,2.0,"""IT회사인척 하는 보험회사, 보험회사인데 IT회사인척 하려고 개발자만 우대해줌, 정작 보험관련자들은 찬밥인 느낌, 입사자도 많은데 퇴사자도 많음""","
리프레쉬 휴가, 유연근무제(부바부), 복장자율, 교통이 편리하다, 반반차, 휴가비 지원
","
경영진의 말바꾸기, 시대를 역행하는 경영진, 야근장려한화손보의 자회사, 문제 많은 캐롯플러그, 일방적인 본사이전
","
선택과 집중을 잘 하고 있는건지 다시 한번 생각해보았으면 합니다.직원들도 잘 챙겨주세요.
"
2023. 01,금융/재무,전직원,3.0,"""한화손보 자회사로 솔직히 IT 직원에게는 모르겠으나 보험인을 위한 회사는 아니라고 생각함""","
연차를 아무때나 쓸 수 있고 젊은 조직이라 회사생활은 재미있음
","
연봉협상이나 승진 등을 감추고 잘 알려주지 않아 투명성이 없음
","
젊은 조직답게 윗선에서 잘 해결해줬으면 하는데 피드백이 없음
"
2023. 01,개발,현직원,3.0,"""과대평가가 많이 되어있는 듯한 회사. 스타트업 회사이고 영어 이름을 쓰지만 아직 꼰대가 많다""","
아직 대외적으로는 이미지가 좋은듯 하다. 신기술로 뭔가 인슈어테크 하는것 처럼 보임
","
속빈 강정이다. 좀더 내실을 다져야 하는데 눈앞에 실익에 급급함
","
인력 관리가 잘 안되는듯 하다. 리더 중에서도 노는 사람 많다
"
2022. 12,개발,현직원,3.0,"""워라벨 좋고 성장 가능성은 있지만 정체되어있는 느낌""","
눈치 안보고 연차 쓸수 있음넉넉한 복지포인트 및 체력단련 휴가지하철역에서 바로 회사로 출퇴근 할 수 있음
","
회사 공지가 직원들에게 제대로 공유되지 않음 누구는 알고 누구는 모르고최근에 새로운 대표님 오시면서 많이 개선되어 가는 중다른 부서와의 협업이 원활하지 못함 서로의 주장이 강함
","
마케팅에 집중하기보다 고객들이 보다 신뢰할 수 있는 퍼마일 보험이 될 수 있도록 방향을 확실하게 잡고 좋겠음
"
2022. 10,마케팅/시장조사,전직원,1.0,"""겉만 번지르르한 앞으로 벌고 뒤로 밑지는 사상누각""","
모회사가 대기업이라는 정도? 퍼마일 보험 상품 개념 자체는 나쁘지 않아서 많이 팔리기는 했다. 그러나...
","
농구단 문제로 뉴스 탈 만큼 자금 사정 좋지 않다. 정말 근본적인 문제는 플러그 리스크인데 해결될 기미가 보이질 않는다. 본업은 위태로운데 보여주기식 쇼와 정치가 판을 친다. 임원진 중에 조직의 암덩어리 같은 관종형 무능력자 존재한다.
","
하루 빨리 관종형 무능력자 걸러내지 못하면 미래는 없어 보인다.
"
2022. 10,디자인,전직원,3.0,"""워라밸이 보장되는듯 안 보장되는 것 같은 회사. 좋은 직원들이 있지만, 직원들의 능력을 엉뚱한 곳에 쓰고 있는 듯한 회사""","
직원분들이 좋으시고, 그래도 분위기는 좋은 편인 것 같다. 회사 위치도 괜찮은 편이고 출퇴근하기에는 편했다. 어느 부서든 매너있는 분들이 많아서 좋은 분위기가 유지되는 것 같다.
","
대기업의 단점과 스타트업의 단점을 모두 갖고 있는 회사인 것 같다. 혁신이 필요한 곳엔 낡은 체계로 업무 진행을 더디게 하고, 정작 체계나 지원이 필요한 곳에는 없어서 개인이 감당해야 하는 부분이 있다.
","
보여주기 식 서비스, 변화말고 진짜로 회사의 성장에 필요한 전략을 짰으면 좋겠다.
"
2022. 10,금융/재무,현직원,4.0,"""대기업 계열 스타트업인데 생각보다 나쁘지 않고 계속해서 신사업 발굴이나 제도 개편을 하려는 게 눈에 보임""","
내가 하고 싶은 일이나 개선되어야 할 점들을 의견을 내면 들어주고 어떻게 해야할 지에 대해 다 같이 고민함. 또한 젊은 사람들이 많아서 생각보다 꼰대들이 많지 않음(젊꼰은 없는 것 같음).복지는 숙박비 지원이나 복지포인트 지급 등 나름 만족스러움.
","
메신저에 누가 어느 업무를 담당하고 있는 지 기재가 안되어있어 조금 불편함. 한화계열사 혜택을 더 늘려줬으면 좋겠다.스타트업이라서 체계가 조금 부족함.
","
한 달에 한 번 대표이사 주관으로 타운홀 미팅 진행하면서 직원들 이야기 듣고 답변해주시고 바로 실천하게끔 하는 모습이 보기 좋습니다. 앞으로도 꾸준히 해주셨으면 좋겠습니다.
"
2022. 09,개발,현직원,3.0,"""워라벨도 좋고 디지털 보험 업무 경험을 쌓을 수 있으나 주니어가 많아서 일이 제대로 안됨 , 낮은 연봉은 덤""","
수평적인 분위기, 워라벨, 자유로운 연차사용, 쾌적한 사무실, 역세권인 회사 입지
","
직급 체계가 없음, 업무 프로세스도 비효율, 본부 별 협업 및 의사소통 비원활, 낮은 연봉
","
신규 상품 개발에 적극적으로 투자하여 또 다른 이익 창출을 위한 노력이 필요함
"
2022. 09,전문직,전직원,2.0,"""아직 스타트업이라 인프라가 현저히 부족한곳으로 생각이듭니다.""","
수평적인 분위기는 그래도 괜찮다고 봅니다 복지부분 도 굉장히 좋구요 본사에 한해서만 좋습니다.
","
아직 인프라가 구축되지않은상황에서 순식간에 가입자 상승곡선에 따른 직원들의 피로감이 누적이 될수밖에없습니다.
","
신규사업 및 홍보에도 좋지만 지금 현재 다니고있는 사람들도 챙겨주셨으면합니다.
"
2022. 08,서비스/고객지원,전직원,3.0,"""보여주기식 보고를 위해 다니는곳착하고 젊은 사람들은 많음수평문화절대 아님 탑다운 상명하복문화임""","
워라밸과 복지가 괜찮은편임단 부서와 부서장을 잘 만나야만 가능함겉으로는 수평적인척함
","
아주 작은일도 엄청 있어보이게 꾸며서 무언가 대단한 일을 하는척 해야하고그게 곧 그사람의 능력임체계가전혀없고 부서간 경쟁때문에 협업은 있을수없음
","
투자만 생각하지 말고 회사의 비전과 방향에 대한 공유필요누적되는 적자를 탈피할 방법모색이 필요합니다플러그 리스크에 대한 고민이필요합니다
"
2022. 06,금융/재무,전직원,5.0,"""젊은기업으로 분위기는 확실히 젊은 분위기, 부바부로 보수적인 면도 있는듯""","
연차사용 자유롭고 능력별로 평가받는 것 같음, 경력직 많음
","
아직 초기단계라 체계가 덜 잡힌 듯 하다. 인사관련 새로운시도 많이 하는듯
","
커가는 회사임에 분명합니다. 직원들에게 적절한  보상 같이 이뤄졌으면 좋겠습니다
"
2022. 05,개발,현직원,4.0,"""생각보다 보험사치고는 열려있고 IT 기업치고는 막혀있는 회사""","
이 회사으이 장점은 일단 해볼수있는게 많다는거다. 본인이 하고자하면 할 수 있는게 많다. 물론 그 안에서 약간의 정치가 필요하다
","
대기업출신이라그런지 엉덩이가 무겁다. 그래서 프로세서의 진행이 느린감이 있다. 이 부분을 해결할 수 있으면 좀 더 좋은 회사가 될 수 있지 않을까?
","
사원들의 마라을 들어주셔야 합니다. 그래야 회사가 나아갈 수 있습니다.
"
2022. 05,금융/재무,현직원,2.0,"""회사의 미래가 안보인다.그리고 보험회사 아닌것같다""","
자유로운 연차사용역하고 이어짐안마의자연봉상승률이 낮습니다
","
1.알앤알 명확하지 않아 일하기힘들다2.인사제도가 명확하지않아 본인이 승진대상자인지도 알기 힘들다3.보험회사인데 보험 모르는 분들이 많아서 일하기힘들다
","
임원들이 아닌 사원들 이야기도 들어주길 바랍니다. 그리고 회사관련된 일을 다른사람 소문으로만 듣다보니 어느부분까지가 사실인고 거짓인지 알기힘드니 공식적으로 회사이야기는 이야기해주세요
"
2022. 04,개발,현직원,5.0,"""전통보험사와 다른 핀테크 회사. 개발자에겐 나쁘지 않음""","
영어이름, 워라벨, 급여 높은편, 복지포인트, 숙소비, 체력단련휴가 5일 등 좋은점은 꽤 됨
","
퍼마일 자동차보험 외에 다른 보험들은 딱히 잘 될런지 모르겠음. 기업 목표가 정확히 공유 안됨.
","
기업이 나아가고자 하는 목표를 정확히 공유해주세요.
"
2022. 02,금융/재무,현직원,3.0,"""연봉테이블 부재, 제각각인 연봉으로 아직 어수선한 분위기이나  타사 대비 젊은 인력 구성으로 꼰대는 없음""","
1. 전체적으로 수평적인 분위기2. 인적 구성이 젊어 상명하복식 문화는 많이 없음3. 연차 및 나이 대비 다양하고 중요한 업무 수행 가능4. 초기 멤버로 조기 관리자 진급 등 기회 열려있음 5. 한화손보와 동일한 복지 제도
","
급여테이블 부재로 주먹구구식 연봉 협상함. 같은 연차이나 최대 1,000만원 이상의 차이가 나기도 함. 물론, 직전 회사 연봉에 따라 달라지긴 하겠으나, 이후에는 어느 정도 보정되어야 하지 않을까 싶은데 말만 하고 2년째 변화 없음.윗선은 아직 보험사의 보수적이고 상명하복식의 문화 잔존.
","
다같이 고생하고 있는데, 부서별로 차등 두지 마시고 먼저 챙겨주셨으면 합니다..그리고, 중요한 의사 결정은 공유 좀 해주셨으면 해요.
"
2022. 02,데이터,전직원,3.0,"""괴물을 만드는 곳...일 잘 떠넘기고 책임 회피잘하면 살아남을 수 있음""","
평등하고 워라벨이 좋은 편이고잘 생각이 안날 정도로 정이 떨어졌다
","
실적을 평가할 수 있는 그리고 평가할수 있는 사람이 없어 본인이 근자감 가지고 있음 그것이 실력이 된다
","
없다 바라는 게 없어지니 퇴사하게 됨
"
2022. 02,개발,전직원,2.0,"""그냥저냥 연봉욕심 없다면 다니긴 좋다 타 기업보다 복지가 적은편""","
연차를 눈치안보고 쓸 수 있고 연차 추가로 5일 더줌그거말고 별다른 복지없음
","
퍼마일 자동차보험 판매 말고는 나머지는 관심없는 회사같음
","
이미 퇴사해서 바라는건 없지만 직원들 불만좀 들어보기를
"
2022. 01,금융/재무,현직원,4.0,"""회사의 미래가 조금은 기대됌. 하지만, 부서마다 다르기때문에 it계열 제외하고 미래는 불투명. 조금 더 다양한 상품과 영역 확대 필요해보임.""","
젊은 직원구성, 대기업 복지제도, 연봉도 나쁘지 않음.
","
인력 부족으로 업무 과다, 근무 환경 개선필요, 성과금 기준 필요.
","
상품 영역 확대 필요, it외 타부서에도 미래에 대한 발전 가능성을 제시할 필요성.
"
2021. 12,금융/재무,현직원,4.0,"""자유로운 분위기, 크게 터치하지않음, 일반적으로 생각하는 보험사의 꼰대문화가 심하지않음""","
신생 손보사이다보니 사원들의 평균연령이 낮아 자유로운 분위기속에서 억압받지않고 근무할 수 있음
","
인력이 부족하여 업무량이 많은편이고 신입사원의 경우 체계적으로 교육이 부족함
","
인력충원, 체계적인 교육 필요하다고 생각 그 이외의 부분은 만족하면서 다니고있음
"
2021. 12,개발,전직원,3.0,"""많은 개발자들이 경력 쌓는 것을 선호하는 핀테크 기업""","
연차 사용시 눈치 보이지 않음사내에 책을 볼 수 있는 공간이 마련되어 있음출퇴근 시간이 유동적임
","
보안이 엄격하여 재택근무가 까다로움조직이 안정되지 않음
","
경영진과 대화하는 시간이 정기적으로 있는데회사 문화에 반영되는 것 같지 않음
"
2021. 12,기획/경영,현직원,5.0,"""스타트업과 대기업 중간 어디쯤? 워라밸과 커리어 밸런스 잘잡힌 회사""","
비교적 젊고 우수한 맨파워의 현업과 테크 우대하는 기업문화
","
한창 성장하는 회사라 사람도 부족하고 정신없음. 전산고도화 시급
","
스타트업 문화도 좋지만 좀 더 시스템으로 경영했으면...
"
2021. 11,기획/경영,전직원,1.0,"""국내 디지털보험사 1호라는 타이틀은 있지만 퍼마일보험 외 딱히 다른 보험사와 차이도 모르겠고 보험료도 그다지 싸지도 않고 플러그로 인한 연비감소가 연간 보험료 차액 채울듯...""","
워라벨 보장, 한화 계열사로 임직원 할인제도 및 기타 복리후생제도가 다양한 편으로 나쁘지 않음.
","
사내 정치가 심하며 비개발인력에 대한 차별이 심함..본인들은 상당히 쿨하고 오픈마인드라 생각하기만 틀닥 꼰대 부터 젋은 꼰대 까지 꼰대천국
","
플랫폼 사업도 운영할 직원들이 있어야 돌아가는거 아닙니까? 직원들을 소모품으로 생각하지 말고 각자의 역할을 존중해주시기 바랍니다.
"
2021. 10,개발,현직원,3.0,"""금융업계이다보니 자유로운 개발환경이진 않다 워라밸이 있으며 개발하면서 성장할 수 있는 회사다""","
체력단련 휴가 5일을 더 주며 매년 복지포인트를 지급한다
","
부서간 이해관계등이나 금융업계의 보수적인 업무처리 방식등이 단점으로 생각된다
","
기존 대기업의 경영방식이 아직 남아있는듯하며 부서간 좋지못한 이해관계를 풀 수 있는 분들은 경영진일것같다
"
2021. 10,개발,현직원,3.0,"""욕심 없이 편하기 다니기에 적합한 회사. 다양한 경험을 해볼 수 있는 회사""","
연차를 윗사람 눈치 안보고 사용할 수 있음근무 시간이 자유로움워라밸이 훌륭함자유롭게 업무를 추진할 수 있음
","
업무 체계가 부족함평가 체계가 부족함회사 비젼이 공유되지 않음
","
직원들의 아이디어를 더욱 적극 수렴했으면 함실패를 두려워하지 않고 도전했으면 함
"
2021. 09,개발,현직원,3.0,"""스타트업 흉내내는 대기업 계열사의 계열사""","
기본 연차 15일 + 5일 더 줌.금융권 치고는 프리한 복장과 분위기.
","
금융권 치고 낮은 연봉부서마다 분위기 너무 다름 업무강도 복불복인 것 같음
","
회사의 나아갈 방향 공유가 잘 안되서 아쉬움.적극적인 비전 제시가 필요함.
"
2021. 08,개발,현직원,1.0,"""호칭만 영어 닉네임일뿐 꼰대회사 그 자체인 회사. 부서 이기주의 끝판으로 협력이란걸 본적이 없음""","
금융권 대비 낮은 업무강도, 부바부 이긴 하지만 부서장이 보험업 출신이 아닌 부서는 나름 수평인듯
","
스타트업이라고 하지만 엄청난 불협화음을 자랑한다. 대기업 출신 부서장들이 이렇게 무능할수가 놀랄수 있음. 체계가 많이 부족함
","
무능한 직원, 월급루팡 직원 옥석을 가려내는게 자리에 오래 앉아 있는 것만은 아닙니다. 잇다른 주니어급의 퇴사를 간과하지 마세요. 디지털 보험사를 앞세우면서 왜 기존의 시각을 고수하십니까.
"
2021. 07,기획/경영,현직원,3.0,"""금융권 보험회사도 아니고 플랫폼기반 서비스 회사도 아니고 신기한 회사""","
금융권 치고는 조금 수평적일 지도…그 외 장점은 잘 모르겟네요
","
한화손보/한화생명과 네이버/카카오의 단점을 합쳐서 빠르게 적용 중
","
회사가 이름도 없고 비전도 없으면 보상이라도 잘 챙겨주셔야죠
"
2021. 07,서비스/고객지원,전직원,1.0,"""비개발직군은 인력이 매우 부족함업무를 제대로 아는 직원이 드뭄클레임이 어마어마""","
수평적인 호칭워라밸이 그나마 잘 지켜지는 편임단 부바부타보험사대비 덜 보수적
","
카카오에 밀려서 도태될듯누적되는 적자자동차보험의 비중이 너무 높아서손익개선이 어려울듯쉴새없이 울려대는 팀즈
","
눈앞에 보여지는 마케팅에만 주력하지말고이미 가입한 가입자를 뺏기지 않도록 관리가 필요함비개발직군인력은 너무 부족함
"
2021. 07,개발,현직원,4.0,"""워라벨 좋고 적당한 급여로 다닐수 잇음 여러가지 일을 해볼수 잇음""","
적당한 급여 복지포인트 리플래쉬 포인트 워라벨도 괜춘함 탄력근무제
","
체계가 없음 인사 발표등이 명확하지 않고 투명하지 않음 스타트업의 단점 기존 금융사 단점이 적절히 조금씩 합쳐짐
","
적자인 상황이 이해는 되지만 인력충원에 인색하지 않았음 좋겟음 또한 기존 인력들에 대한 보상도 잘챙겨주길
"
2021. 06,개발,전직원,3.0,"""금융IT 개발자들이 편하게 다니기 좋은 회사........""","
금융권 치고 수평적인 분위기여서 기존 은행, 보험사 등 근무하시던 분들은 편하게 느낄 수 있음
","
경영자들의 능력에 대한 의구심이 많이 듬. 적절한 의사결정에 어려움이 있는 듯
","
적극적인 채용과 직원들 지원을 좀 많이해줬으면.....
"
2020. 05,개발,현직원,5.0,"""분위기가 좋고 발전 가능성이 있다고 생각함""","
사람으로 인한 스트레스가없고 타업종비 금융이라 낮지않은 연봉
","
시작한지 얼마되지않아 체계가 없고 복지가 안좋음. 직원을 챙기는것도 중요하나 회사 중심적인 부분이 강함
","
신규 사업과 회사 발전도 중요하지만 인재 관리를 위해서는 직원에게도 당근이 필요함
"
2020. 04,개발,현직원,5.0,"""참 괜찮은회사 열심히하려고하면 보이는게많다. 다양한 회사에서 와서 시너지를 만드는 회사""","
열정적인사람이많습니다. 그리고 일하면소 배우는점도 많습니다. 연차나 영어이름부르능것도 자유롭고 분위기도 좋아요
","
아직 네임벨류나 적자의문제가있습니다. 그래서 걱정이많습니다.
","
즐겁게일할수있는 분위기를 만들어주면 더 신명으게일할수있을것같슺니다
"
