﻿회사명,주요 업무,자격 요건,채용 절차,복리후생,회사위치
(주)인사이더그램컴퍼니,"인사이더그램컴퍼니는 한 분야의 전문 기업에서 글로벌 마케팅 기업으로 더 큰 도약을 준비하고 있습니다. 시장을 선도하는 리더십과 고객사를 최우선으로 생각하는 서비스 정신으로 명실공히 대한민국 마케팅 에이전시로 자리매김 하였으며 고객사의 미래를 함께하는 기업으로 그 가치를 더욱 높여가고 있습니다. 인사이더그램컴퍼니는 새로운 미래성장동력 확보를 위해 마케팅 전략과 기술을 연구 개발하고 혁신적인 사고로 끊임없이 도전하고 있습니다. 시대의 흐름에 민첩하고 대응하고, 마케팅의 변화를 이끌어 낼 수 있도록 인사이더그램컴퍼니가 앞서 나가겠습니다.",말을 잘하는 누구나 지원 가능합니다.,서류 > 1차 면접 > 합격,"4대보험가입, 퇴즉연금, 자유로운반차, 자유로운연차, 자유로운휴가, 수평적 조직문화, 컨퍼런스 외부 세미나 교육 지원, 자기계발 목적 도서 구입비 지원, 동영상 강의 및 교육비 지원, 간식 무제한 제공, 식대 전액 법인카드 지원, 주1회 배달간식, 점심시간 1시간 30분, 월 1~2회 깜짝 조기 퇴근, 연차 전날 조기 퇴근 가능, 칼퇴 보장, 자율복장, 프로모션 시상 제도, 팀장급 차량 지원금 제도, 성과급 제도, 경조사비 지원, 직계가족 개업 화환, 생일비 선물, 인센티브 지급

","서울 강남구 언주로113길 19, 3층"
(주)글루온,"글루온은 2013년 창립된 오픈마켓전문 키워드광고대행사입니다. 

경기도 화성시 동탄에 자리잡은 글루온은 현재 적극적으로 채용을 진행중입니다. 

지마켓글로벌(G마켓,옥션)/위대한상상(요기요)/NHN AD(네이버) 등의 공식대행사로서,
광고취급액은 2021년기준 210억원을 달성하며 매년 성장하고 있습니다.

오픈마켓에서의 검색광고를 주력하여,2020년 부터는 채용도 적극적으로진행하며 20여명의 인원에서 2년만에 40인의 규모로 사세를 확장해 나가는 중입니다.

글루온의 마케터들은 진심을 더하는 마음으로, 광고주를 영업대상으로만 보지않으며,
함께 성장하고 인간적인 교류를 이어나가는 일을 합니다.

광고전문가로서 광고주의 성공을 돕고, 상호존중하는 관계로 진심을 나누며 커리어를 쌓아나갈 멋진 동료분들을 기다립니다.","[공통]
- 경력 : 신입, 경력 1~3년 (무관)
- 지역 : 경기 화성시 동탄순환대로823, 에이팩시티 2층
- 직무 : 광고영업(TM)

*누군가에게 도움이 되는 일로 보람을 느끼고싶으신 분이라면 언제든 환영합니다.","＜전형절차＞
서류접수 - 서류평가 - 면접 -최종합격","매주수요일 점심시간 1.5시간/ 매주금요일 30분 조기퇴근 (주39시간근무)
주5일근무/연차/반차/ 반반차/ 프로모션 포상(연차/상품권/법인카드 월100만원)/명절선물/장기근속포상(Goldbar)
각종경조금/경조휴가/신입사원교육(OJT)/ 직무능력향상교육
탕비실/휴게실/안마의자/도서관/탁구대/당구대/스낵바/음료냉장고/석식제공(야근발생시)
워크숍/야유회/창립일행사 및 선물/복지몰운영 외 다수 

","경기 화성시 동탄순환대로 823, 2층"
