﻿날짜,직무,고용 현황,별점,요약,장점,단점,경영진에게 바라는 점
2023. 10,기획/경영,현직원,4.0,"""분위기가 좋은게 장점이자 단점인 회사""","
부서마다 다르지만 사내 분위기 좋은편. 업무 강도에 비해 높은 연봉
","
인사평가가 제대로 이루어지지 않음. 개인의 직무가 명확하지 않은 경우 다수. 잉여인력 존재.
","
정확한 인사평가와 적절한 보상이 필요하다. 분위기가 느슨하다.
"
2023. 09,엔지니어링,현직원,3.0,"""복지가 없고 워라벨은 다른회사보다 좋은것 같지만 그에맞게 연봉이 적음""","
야근식대 제공되고 연차 사용할수있고 정수기가있음 안춥고 안덥다
","
회사에 높은 사람들은 뭐하는지 모르겠음 급여도 가끔 밀림
","
욕심내지 말고 직원들을 소중하게 생각하고 더더욱 소중하게 생각하기
"
2023. 04,엔지니어링,전직원,3.0,"""사내 분위기가 자유롭다. 상호존중의 분위기가 잘 형성되어있다.""","
사람들의 대체적으로 좋고 적응을 잘 할 수 있도록 도와준다.
","
업종의 특성상 야근은 있었다. 부바부 사바사 의 성향이 강하다.
","
직원들의 불편사항을 잘 들어주면 좋겠다. 복지의 측면이 많이 개선 되길 바랍니다.
"
2022. 12,엔지니어링,전직원,3.0,"""처음 입사하여 경력쌓기 좋다고 생각하는 회사.""","
점점 발전하는 회사. 복지도 개선되고있으며 연봉도 인상할 계획. 워라벨 좋음.
","
단점은 딱히 없지만 굳이 뽑자면 고인물들이 존재함.업계 특성상 수직적인 부서가 있음.
","
지금처럼 발전해서 직원들과 성장하는 회사로 나아갔으면함.
"
2022. 10,엔지니어링,현직원,3.0,"""좋게변해가려고노력하지만가업자체가작아 일이많이없습니다..""","
자기계발기회가있으며 복지를 키우려고한다 다양한 의견반영
","
중간다리사람들이많이없고기업이작아 일 수주가 많지않습니다
","
수주를 잘하고 현재 있는사람들을 아낄줄알아야한다고생각합니다
"
2022. 10,기획/경영,현직원,5.0,"""사내 분위기가 좋은 발전하는 회사 나쁘지 않은것 같다.""","
다양한 동호회 운영, 좋은 사내 분위기, 마일리지 제도, 첫 직장이면 배울 것 이 있다
","
아직 까지는 큰 단점은 느끼거나 발견하지 못하였다. 식비 지원이 조금 아쉽다?
","
빠른 시일내에 중견 기업으로 성장 하기를 바라겠습니다.
"
2022. 10,서비스/고객지원,전직원,1.0,"""매일 성장하는 회사, 자유롭고 존중받는 분위기를 가진 회사, 수평적 조직문화, 배울점이 많은 회사""","
시차출퇴근제, 매달 마지막주 금요일 워라밸데이로 16시 퇴근-직원들을 존중해줌
","
딱히 단점은 없음 굳이 뽑자면 ....겨울에 좀 추운거????
","
신세대적인 마인드가 좋았다 옛날 마인드가 아니다
"
2022. 07,엔지니어링,현직원,4.0,"""첫 사회생활로 입사한 곳인데 생각보다 나쁘지 않음""","
크지도 작지도 않은 회사라서 첫 사회생활로 경험하기 적당하고 괜찮다고 생각함
","
복지에 신경을 쓰는것 같으나 다른 중소기업에 비해서 좋은점도 있느만 아직 부족한 복지가 많음
","
복지가 나쁘지는 않으나 직원복지에 조금만 더 개선을 하면 정말 최고의 기업이 될 수 있을것 같습니다.
"
2022. 07,엔지니어링,현직원,5.0,"""비지니스의 성장과 혁신을 선도하는 엔지니어링, 시공, 개발 회사.""","
엔지니어링, 시공, 개발 전문가들이 땀과 노력으로 조성된  가족적인 문화.
","
야근이 많고 힘들다고 하는 산업에 대한 일반인들의 선입견.
","
신뢰와 구성원에게 위임으로 지속적인 성장의 여정으로 이끌어주기.
"
2022. 05,엔지니어링,현직원,4.0,"""기업 사내문화는 정말 좋음. 남자들끼리 모여있는 건설업이지만 대표이사 마인드가 젊은 마인드라  어거지 야근같은건 없음""","
워라벨 신경써주려고 노력중. 본부 부서별로 분위기 상이함. 분위기 거지같은 부서 들어가면눈치성 야근에 점심도 빨리못먹음. 그래도 대표이사 마인드가 밝아서 임원급들이 꼰대짓을극악적으로는 못하게 되있음.
","
야근수당 없음, 연차쓰기 눈치보임, 너무 고령화회사임 개나 소나 임원. 역 피라미드 구조꼰대들이 너무 많음. 50~60대 임원들 다 정리하고 실무진 투입해야함
","
설계회사에서 건설, 개발사업으로 회사가 전환되가고 있음. 부디 최초 회사가 무엇이었는지신경을 써주었으면 좋겠음.
"
2022. 05,엔지니어링,전직원,1.0,"""현장직이라 여러사람이작성한 본사이야기글을 보니 그저 부러울뿐이고, 배부른 소리 같기도 하다. 대부분 현장의 직원들은 다른회사에서 이직해온 사람들인데 서로 입지 넓혀두려고 견제하느라 일반 회사보다는 정신이 썩어빠진 사람들이 다수, 그만큼 아래사람은 성장 할 수 없는 구조이며 잡부인생만 살 수도있겠다 생각하고 빠져나왔음. 안알려주는 문화가 신입사원에게 혹독한 훈련이라 하는 미친생각이 다들 박혀있어서 정말 잡부인생만 살다옴다른 회사이직해서 같은시간 근무해본 결과 성장 차이가 너무 차이나서 그시간이 너무 아깝다 생각하고있음. 신입으로는 절대 비추하고 싶다.""","
면접비 줍니다, 본사라 그런지 다르긴 하네요, 숙소제공해줍니다(방3개 아파트에서 6명이서 몰아서 살아요 관리직인데^^ 경리에 눈팔려서 경리여자는 오피스텔 잡아줌 ^^*)
","
실행소장밑에 그 밑에 꽉막힌 아재들,, 매너1도없는 자기 자신은 꼰대라 자칭하는 공무, 어찌해야합니까 그래서 퇴사했네요월급도 두달 밀린적 있어요그리고 하나더. 진짜 일부러 안알려줍니다 자기일 뺏길까봐랄까,하나더, 연차 절대못씁니다. 우린 연차없다고 세뇌시킵니다(현장직) 본사에서 연차사용일지정통보 보내는데 그날 못쉽니다. 끝
","
실행소장 말 안해도 아실텐데 그 팀 진짜 최악입니다횡령은 기본인거 아실테고 알아서 조사해보세요 공무하는사람 3억 만들었다는데;퇴사하는것도 억울했지만 사직서 작성할때 왜 실행소장 결재를 받아서 거짓말을 써야했는지 지금생각하면 어이가없네요;본사사람들도 나를 안좋은사람으로 기억하겠죠;성장하려는 모습이 좋으면서도 한편으로는 안타깝습니다
"
2022. 04,엔지니어링,현직원,3.0,"""불필요한 야근 지양, 워라밸을 어느 정도 보장해주는 기업 문화, 연봉 외 기타 수당 없음""","
다양한 프로젝트를 하며,  매해 성장하는 회사로서 향후 전망이 좋은 기업임
","
월급 외 수당 없음(야근비, 상여금, 인센티브, 명절떡값 등),  연차미소진시 연차수당 없음. 업무특성 상 제안서 등 일이 몰리면 야근 및 밤샘 작업도 종종 있음
","
그 해 목표를 초과달성하면, 박수치며 수고했다라는 말로만 끝나는게 아닌 일정 부분의 인센티브 및 성과급은 있었으면 함.
"
2022. 01,엔지니어링,전직원,3.0,"""야근이 부서별로 상이하였으며, 발전하는 경향이 있는 회사""","
미래지향적은 마인드, 회사내부 사내활동 장려, 야근식대 젝ㆍㄷㅇ
","
야근이 좀 있었습니다. 업계 특성상 야근업무가 많음. 행사도 있음.
","
직원들의 처우가 조금은 더 좋아지면 좋겠습니다. 직원들의 고충도 들어볼 필요가 있음.
"
2022. 01,엔지니어링,현직원,5.0,"""직원과 회사가 서로 공존하며 일할 수 있는 근무환경을 가진 회사""","
직원들에 대한 복지가 대단히 잘 되어있는 곳자유로운 분위기
","
단점은 딱히 개인적으로는 잘 못 느끼겠음하지만 엔지니어링 회사가 그렇듯바쁠땐 야근 많이함.
","
앞으로 좀 더 성장하는 기업이 되어질 수 있도록 많은 노력을 기울여 주십사.................
"
2021. 12,디자인,전직원,3.0,"""예전에 근무했던회사이긴한데 지금은 부서가 없어졌습니다.""","
지금은 다를수도 있지만 동호회나 도서구입에 대한 지원이 있어서 좋았던 곳입니다.
","
지금은 모르겠지만 예전엔 야근수당은 없고 야근식대만 나왔던곳...
","
시대가 변한만큼 많이 달라졌을꺼 같은데 앞으로도 직원복지에 신경써주세요~
"
2021. 12,엔지니어링,현직원,3.0,"""중소기업이지만, 알차게 꾸려져 있는 회사입니다.""","
승진,보상 기회가 큰기업보다는 더 많은 기회가 있습니다.
","
건살업이다보니 법적인 테두리에서  운영을 가끔 무시하고 진행하는게 있습니다.
","
좀 더 큰 기업으로 도약했으면 좋겠습니다.
"
2021. 12,엔지니어링,전직원,3.0,"""나름 체계적으로 사내 운영을 하려고 하는 것 같지만 그에대한 내용물들은 만족스럽지 못했다.""","
중소기업이지만 대기업 처럼 체계를 갖추려고 한다. 결제올리는 거나 복지 부분에서 나름대로 체계적으로 하려고한다
","
체계적이라고는 하지만 그에 대한 내용들은 부족한 것 같다
","
직원들의 불만을 적극적으로 들어주었으면 좋겠다
"
2021. 10,엔지니어링,전직원,3.0,"""좋은회사이나 발전이더딤발전하려는 회사였습니다사람이좋다""","
좋은분위기 발전하려는 느낌사람들이 좋은사람들이많다친근
","
하지만 정체된느낌이 오래가는중연차수당 야근수당없다월급이 적다
","
좋은복지와 야근수당이나 합사수당을 올려주고다양한 인력보강과 수주로 발전했으면
"
2020. 10,엔지니어링,현직원,3.0,"""사내 분위기 좋음 일 없을 때 편함 연봉은 평균""","
사내정치 없음 느슨한 분위기 일 없을 때 편함 인덕원역앞 통근버스
","
획일적 연봉제 무능한 임원이 많다 성과 평가가 없다
","
편안한 분위기도 좋지만 회사인 만큼 직원들에게 정확한 업무 분장을 하고 평가를 해서 연봉에 반영해야 된다고 봅니다.
"
2020. 06,엔지니어링,현직원,3.0,"""역근처에있어서다니기가편하나사무실이어두움""","
역근처라서다니기가편하고 시청근처라 까페랑 밥먹을곳이 많음
","
사무실이너무어둡고햇빛이잘안들어와서개미굴같은느낌입니다 화장실노후화됨
","
햇빛이잘드는곳로이사가거나 환기라도잘됐으면좋겠다
"
2020. 05,엔지니어링,전직원,4.0,"""열심히 일하는 사람들이 모여있는곳 그러나 급여는 그렇지않다.""","
연차사용에 자유롭습니다. 업무가 몰릴때는 정신없지만 그래도 그렇지 않은 시간에는 비교적 여유롭습니다.
","
일이 많은것에 비해 급여가 굉장히 저렴합니다. 아직 회사의 체계가 없어 운영상에 미숙함이 많이보입니다.
","
회사운영에 체계가 잡혔으면 좋겠습니다. 주먹구구식 운영을 벗어나 운영의 전문성을 기대합니다.
"
2020. 04,엔지니어링,현직원,4.0,"""조금씩이지만 발전하고있는 회사라고 생각됨""","
징검다리 휴무를 전체연차로 사용해서 눈치 안보고 쉴수 있고, 윗분들이 깨어있는 편이라 기업문화가 발전중이라고 보여짐
","
부서별 케바케가 있지만 큰 단점은 없어보입니다 최소 30자를 적으라는데 더이상 적을 말이 없어요 ㅠㅠ
","
엔지니어링 업계 전체적으로 성과급은 없는걸로 알고있지만 설/추석상여는 주셨으면 좋겠어요~
"
2020. 02,엔지니어링,현직원,4.0,"""직원들을 생각하는 사장님의 마인드가 좋으며 연봉도 계속 메이저급으로 맞추려고 노력함""","
연봉 상승폭이 크며 사람들의 성향이 좋음매출액 달성이 어느 정도 이루어지고 있어며 복지가 계속 좋아지고 있음
","
부서간의 업무 강도가 차이가 나며 화합이 제대로 이루어지지 않는 모습이 다소 보임야근 수당은 없으며 회사의 매출비중이 바뀌어 가는중
","
야근수당을 챙겨주며 모든 부서에 투자를 골고루 해줬으면 하는 마음입니다.
"
2020. 02,엔지니어링,현직원,3.0,"""발전에 있어서 의문 중구난방식의 기업""","
널널한 분위기 강요적인 분위기가 없다회사가 발전하려고 하는 경향이 있다
","
재미없다 야근비가 없다 복지가 별로없다시스템이 약하다
","
성과를 달성함에 있어서 보람이 없다아무리 흑자가 나도 돌아오는것이 없다
"
2019. 12,엔지니어링,전직원,3.0,"""토목설계를 처음 배우는데 많은 도움이 되었고, 업무강도는 부서마다 상이하다""","
회사가 다방면으로 성장하기 위해 노력한다. 회사행사도 있어서 타부서 직원과 교류있음.
","
야근이 좀 있고, 강도가 부서마다 상이하다. 별도 야근수당이 없다.
","
보다 직원을 생각하는 제도를 만들어서 직원들에게 다니기 좋은 회사로 거듭나길 바랍니다.
"
2019. 11,엔지니어링,전직원,3.0,"""면접은 대화형식으로 편안 했음. 다른 특이사항은 없음.""","
공동연차를 통해 낀 휴일에 쉴 수 있다. 분위기가 프리한 편에 속한다. 주기적으로 기타 교육을 진행했다.
","
야근수당이 없음. 밥값은 줌. 유지하고 있다고 본다.
","
직원들을 좀 소중히 생각해 줬으면..사람이 중요하지..
"
2019. 10,기획/경영,전직원,4.0,"""기업은 작으나 연봉이 조금 높아 좋은거 같음""","
일딴 연봉이 높고 직원수가 적어서 서로 모든일 다하는거 같음...그나마 연봉이 조금 높아서 가능한듯
","
시공 설계 같이해서 몬가 힘들어 보이고  직원수가 너무 적어서 모든일을 다해야하는거 같다는 생각이 듬.........
","
임원분들은 몇분 없어서 아직 그런거 까지 잘 몰르겠음..그래도 대표님은 몬가 젊어서 좋은거 같음
"
2019. 06,엔지니어링,현직원,3.0,"""수평적인 좋은 분위기이나 전체적으로 새로운 발전이 더딤""","
수평적인 사무실분위기 복리후생위원회로 의사소통함 행사로단합
","
대리 과장보다 이사급이 많음월급외 주말수당이나 야근수당이없음전체적으로 일들이 체계적이지못하며 부서에서 하는일이몇명이 다해결하는느낌
","
신규사업추진이 많이되었으면직원복지에 더 힘써주시기를체계적인 회사운영
"
2019. 03,엔지니어링,전직원,4.0,"""크진 않지만 내실이 있는 회사로 건설쪽으로 확장하려고 하고 있음""","
분위기가 좋고 눈치보는 분위기는 아님, 회식 강요없고 자율성을 보장해줌
","
전체적으로 복지가 없는 편이고(그나마 있던것도 점점 축소) 연봉도 동종기업 수준에서 좀 낮은듯
","
복지를 늘려 직원들의 사기를 높혀줬으면
"
2019. 02,엔지니어링,현직원,2.0,"""신입으로 들어가서 배우기에 좋습니다하지만 워라벨회사는 아닙니다""","
연봉이 동종업계에 비해서 많은편입니다하지만 야근이 많아서 체력이 받쳐줘야 합니다
","
남자 비율이 많아 여자는 힘들수 있으며보수적인 성향이 강합니다회사 내에서 담배를 펴서 건강이 해롭습니다
","
주먹구구식으로 운영방식은 실무진을 너무 힘들게 합니다
"
2019. 02,엔지니어링,현직원,2.0,"""신입으로 들어가서 배우기 좋습니다워라벨회사는 아닙니다""","
하는일에 비해 급여가 많습니다과장급이상부터 연봉이 많이 오릅니다
","
야근이 많습니다과장급 이상부터 야근을 밥먹듯이 합니다
","
업무가 체계적이지 않아 실무진이 힘들수 있습니다
"
2019. 01,엔지니어링,전직원,4.0,"""첫 직장으로서 만족할만한 곳, 중소기업이지만 중견기업으로 나아가기 위해 노력하는 곳""","
연차사용 자율적 사용 가능하고 시차출퇴근제 이용가능하다. 복지포인트 성격인 마일리지 제도 운영과 휴양소 운영, 도서/교육비 지원, 야근식대 제공 등 복지에도 지속적으로 신경을 쓰고 있는 것 같다.
","
모든 중소기업의 문제점이지만 체계적인 프로세스가 확립되어 있지 않다.회사 사무실이 분할되어 있어 사무실마다 분위기의 차이가 크고 친분을 쌓기가 어렵다.임원 직급의 비율이 높다.
","
신규사업의 적극적인 투자도 좋지만 기존에 있는 산업군들의 확장도 지속적으로 살펴주셨으면 좋겠습니다.
"
2018. 10,금융/재무,현직원,3.0,"""건설업계 에서 평균이라 생각함 괜찮은 회사""","
회사 분위기 자체가 굉장히 편하고 자유로움. 기업내에서의 당연시 되는 눈치보기나 윗사람으로부터의 스트레스가 없음
","
역피라미드 구조로 사원,대리급 비율이 너무 적은편.규모대비 투자가 과하다고 생각함
","
직급의 비율을 맞춰 줬으면 좋겠음.부서별로 너무 동떨어진 느낌을 해소하는 계기가 생기면 좋을듯
"
2018. 10,엔지니어링,전직원,2.0,"""큰 변화없이 안정적으로 다닐수 있는 회사.재직자들의 성향 조용하고 차분하 분위기.""","
연차를 비교적 자유롭게 쓸 수 있고 임원들도 큰 무리가 없는 조용한 회사.각 부서마다 편차가 있지만 체계가 잡혀있는 부서는 업무환경 괜찮음.
","
회사대표의 친인척들이 자리하고 있는 총무, 재무, 회계부서의 본인 위주의 업무 체계.타 부서와의 업무분담, 협조 등 부서간의 업무 분담이 협의가 아닌 지시형식.
","
회사가 더욱 발전하기 위해서는 문제점에 대해 생각하고 변화를 주는게 좋을 것 같다.
"
2018. 09,인사/총무,현직원,4.0,"""회사 분위기가 전반적으로 너무좋고, 기본을 지킬줄 아는 회사라고 생각합니다.""","
수평적인 사무 분위기. 밝은 전방의 미래, 직원 복지 정책 아주 좋음.
","
점심식대 지원이 없고, 다양한 회사행사에 참여해야 합니다. 강요는 아니지만 분위기상 필참 정도?
","
지금처럼 문제가 생기지 않도록 유지해주셨으면합니다. 지금까지의 경영을 지지합니다.
"
2018. 06,엔지니어링,현직원,4.0,"""가족같이 편안한 분위기와 인재들이 많은 회사이다.""","
가족같은 분위기라 편하게 일 할 수 있습니다. 인재들이 많아 일을 배우기 좋습니다.
","
사람을 빨리 뽑아주지 않는 듯합니다.단점은 딱히 없습니다.
","
사람을 빨리 충당하여 직원들의 일부담을 줄여주었으면 좋겠습니다.
"
2018. 01,엔지니어링,전직원,3.0,"""무난한 회사이며 미래가 있어보이는 회사""","
수평적인 분위기의 사무실인천에서는 알아주는 기업이 두가지가 가장 큰 장점이랄까
","
연봉이 그렇게 많지는 않음남녀평등이 거의 없음이 두가지가 가장큰 단점이랄까
","
조금 더 직원들을 위한 연봉과 복지가 있기를
"
2017. 05,기획/경영,전직원,3.0,"""발전이 있을 것 같은 회사, 미래가 기대되는 회사""","
자유로운 연차 사용, 식대 제공, 심야 교통비 지원, 직원 자기계발복지 좋음, 마일리지 제도 좋음, 야근 적당, 연봉상승률 좋음, 대표이사님 인성 좋음
","
봉사활동 억지로 강요, 상반기 하반기 각 1회 토요일에 강제 집합하여 등산이나 체육대회 등 진행, 은근한 남녀차별
","
억지 봉사 및 사내행사 줄일필요 있음
"
2016. 02,엔지니어링,전직원,3.0,"""대체적으로 가족같은 분위기의 회사입니다.""","
다양한 부서 다양한 업무 다양한 배움자기 개발에 대한 지원을 잘 해준다.
","
엔지니어링 업계가 다들 그렇듯 너무도 잦은 야근직원 충원이 더뎌서 현직원들에게 업무 과중이 큼
","
업계가 힘들지만 신규 직원 채용을 통해새로운 분위기 조성 및 업무 과중을 좀더 줄일수 있었으면...
"
2015. 03,엔지니어링,현직원,3.0,"""인천 도시계획업체중 넘버원이라고 본다""","
인천지역일은 거의 도담에서 다수행하고 있을정도로 일이많다.
","
인허가업무상 야근이 너무많다 경영진에게 부탁하고싶다
","
야근싫어요
"
2020. 03,,현직원,5.0,"""강합성형 라멘 및 거더교 시공건수 1000건을 달성한 작지만 강한 기업""","
쾌적한 근무환경(신사옥)과 퀄리티 높은 식사제공(일 3회)
","
다소 불편한 것이 있다면 출퇴근입니다.  지하철에서는 굉장히 멉니다. 진짜에요그게 제일 힘드네요
","
더 빠른 출근과 더 빠른 퇴근이 우리기업에 남은 숙제인 것 같습니다.
"
2020. 03,,현직원,5.0,"""회사의 기술력과 성장 가능성이 매우 높음. 재무상황도 매우 튼튼하여 안정적으로 근무할 수 있음.""","
기숙사 운영 및 식당 운영으로 하루 3식 제공. 성과에 따른 상여금 지급등 근무조건이 매우 좋으며, 해외 박람회 참관등 자기개발의 기회가 많음.
","
그룹사 전체가 마포구 사옥에 있어 장점이기도 하지만 교통이 다소 불편함
","
직원들이 업무에 전념할 수 있도록 더욱더 많은 지원을 해줬으면 좋겠다
"
2023. 11,,전직원,3.0,"""업무의 세분화되어 있으나 개개인의 전문화는 떨어지는 편""","
개인의 역량에 맞춘 보상/ 다양한 프로젝트 진행 가능한 기업
","
고급 브랜드보다는 물량으로 프로젝트 진행하는 성향이 있음
","
후배 양성과 근무지 및 직원들 복지에 초점을 맞추어주면 좋은 회사가 될꺼 같음
"
2022. 09,,전직원,3.0,"""비교적자유롭게 일할수 있음. 기본적인 복지는 있음. 대표(사업자등록증기준)가 ㅁㅈ임.""","
분당사무실에서 일하는건 괜찮음. 비교적 자유롭게 일할수 있음.
","
공장에 대표가 존재한다는게 단점임(잔소리듣느라 일못함). 바뀐다는데 언제바뀌는지 모르겠음. 공장장이 계속 바뀜.(알아서 판단하길) 바빠죽겠는데 공장 직원들은 대표집 수리하고 있음. (언제가될지모름)장점이자 단점인 무관심 (내가 지금 무슨일을 하는지 모름, 고로 열심히 일할필요없음. 그냥 적당히 하면 됨). 야근하면 수당은 안챙겨 주면서 지각하면 연차 깍임 아무도 안알랴줌. 상사 잘만나야 말해줌(지문찍고, 근태기록). 정작 대표위치급의 사람들은 출퇴근 기록은은하지도 않으며 직원들의 연차 깍을생각만함. 개인경비쓰는걸 받으려면 일년은 기다려야함(입사하게 될경우 개인돈은 진짜 웬만하면 쓰지말길!).설계팀은 개인전인기 때문에 아무도 관여를 안해서 일이 많으면 본인혼자 다해야함. 서포트는 선착순. 시공팀은 야간은 마음준비해야함. 백화점일을 많이하기 때문에 당연시 해야함. 로드샵 공사 분위기 생각하면 안됨. 로드샵도 하긴함. 그래도 시공은 팀장이 잘 챙겨주니까 여자든 남자든 시공 ㄱㄱ추천 (여자는 거의 설계로 보내겠지만). 모든 가구발주 및 자재발주는 설계팀에서 진행. 셋팅직전까지 설계가 챙겨야함. 설계는 팀장이 있어도 있는게 아님. 신입이들어오면 혼자 개척해서 배워야함. (지금은 모르겠음)고인물은 마이웨이. 챙김받길원한다면 설계팀 노노설계팀으로 들어온다면 본인이 생각하는것보다 많은일을 할거임. 마지막 연봉이 퇴직금 포함(고로 나누기13)이었음. 법적으로 그렇다는데 왜 인터넷에는 나누기 12로 측정되어있는지 설명좀 해주시길?? 세무사 핑계대지말고
","
막내직원들이 잘 자라게 도와주길바람. 한명이 잘하고 있다고 자기가 키웠다고 생각말길.....재입사한다고 회사가 좋다고도 생각하지 말기.........오래있는사람들이 왜 있으며(편하니까, 내맘대로 하니까), 나가는 사람들이 왜 나가는지 생각해보길(내가 나가고말지 똥이.... 여기까지).
"
2022. 05,,전직원,3.0,"""같이 일하시는 분들이 대체적으로 좋으신 분들, 업무 분배를 평등하고 효율적으로 하기위해 노력하신다.""","
사무실 분위기가 자유로운편실수를 크게 질타하지않고 개개인의 간섭이 없는 편이다
","
체계가 부족한 편급작스런 현장 외근일이 생기고 개인업무 일정 조절이 어렵다
","
업무를 체계적으로 하고 개인의 의견으로 회사의 흐름이 흘러가는것은 좋지 않아보입니다.
"
2020. 01,,전직원,1.0,"""가족은 모르는 회사 경영.실제로 앉아있긴하고 참견도 한다.그러나 실무를 모름. 겉핥기가 더 무서운 경영""","
가구공장이 같이 있어 실제 제작과정 확인 가능해서 좋다.주관적 기준으로 사람을 평가하기 때문에 앞에서만 잘하면 예쁘게 보고 잘해준다.실무는 자세하게 몰라서 조금 편하게 일 할수 있다.
","
돈으로만 차려놓은 회사.대표로 되어있는 사람은 돈만 밝히고 비싸차 끌고 다니면서 직원들에게 잔소리만하고, 남편은 공장 지킴이 한다.실제 실무는 하지 않아도 월급도 많이 가져가고 직원들 급여는 동결.근로자에 관련된 법 조항을 잘 활용하여 압박한다.사람을 놓고 뒤에서 말을 많이 한다.직원들끼리 신임이나 유대관계 형성이 매우 힘들다.
","
아는거 만큼, 잘났다고 생각하는거 만큼의 100분의 1이라도 좋은데 사용했으면 한다.이 말을 알아들을까.. 정대한 대가를 치루면 살았으면 좋겠다.
"
2020. 03,,현직원,5.0,"""강합성형 라멘 및 거더교 시공건수 1000건을 달성한 작지만 강한 기업""","
쾌적한 근무환경(신사옥)과 퀄리티 높은 식사제공(일 3회)
","
다소 불편한 것이 있다면 출퇴근입니다.  지하철에서는 굉장히 멉니다. 진짜에요그게 제일 힘드네요
","
더 빠른 출근과 더 빠른 퇴근이 우리기업에 남은 숙제인 것 같습니다.
"
2020. 03,,현직원,5.0,"""회사의 기술력과 성장 가능성이 매우 높음. 재무상황도 매우 튼튼하여 안정적으로 근무할 수 있음.""","
기숙사 운영 및 식당 운영으로 하루 3식 제공. 성과에 따른 상여금 지급등 근무조건이 매우 좋으며, 해외 박람회 참관등 자기개발의 기회가 많음.
","
그룹사 전체가 마포구 사옥에 있어 장점이기도 하지만 교통이 다소 불편함
","
직원들이 업무에 전념할 수 있도록 더욱더 많은 지원을 해줬으면 좋겠다
"
2020. 03,,현직원,5.0,"""강합성형 라멘 및 거더교 시공건수 1000건을 달성한 작지만 강한 기업""","
쾌적한 근무환경(신사옥)과 퀄리티 높은 식사제공(일 3회)
","
다소 불편한 것이 있다면 출퇴근입니다.  지하철에서는 굉장히 멉니다. 진짜에요그게 제일 힘드네요
","
더 빠른 출근과 더 빠른 퇴근이 우리기업에 남은 숙제인 것 같습니다.
"
2020. 03,,현직원,5.0,"""회사의 기술력과 성장 가능성이 매우 높음. 재무상황도 매우 튼튼하여 안정적으로 근무할 수 있음.""","
기숙사 운영 및 식당 운영으로 하루 3식 제공. 성과에 따른 상여금 지급등 근무조건이 매우 좋으며, 해외 박람회 참관등 자기개발의 기회가 많음.
","
그룹사 전체가 마포구 사옥에 있어 장점이기도 하지만 교통이 다소 불편함
","
직원들이 업무에 전념할 수 있도록 더욱더 많은 지원을 해줬으면 좋겠다
"
