﻿날짜,직무,고용 현황,별점,요약,장점,단점,경영진에게 바라는 점
2023. 09,,현직원,5.0,"""한국 스타트업의 좋은 사례로 남을 회사""","
임직원들의 능력뿐 아니라 좋은 인성도 가지고 있으며, 절망 다들 열심히 하고, 성과도 잘하나오고 있음. 주니어들은 어린친구들 대로, 시니어들은 시니어대로 각자 회사가 기대하는 역할을 하고 있음. 스톡옵션도 장점일 수 있겠다
","
요즘은 스타트업들도 대기업 못지 않은 복지로 인력확보를 위한 노력을 하지만, 이곳은 그정도는 아니다. 휴가도 아직 없고, 상여도 많지는 않다.
","
물론 사람을 신중히 뽑고 있어서 현재의 좋은 구조가 유지되고 있는 것 같기도 하지만 인력충원에 좀 더 노력을 해야겠다.
"
2022. 12,,전직원,3.0,"""생각없이 일하기 좋은 곳, 식사에 있어서 복지는 최고인듯""","
식대를 많이 줍니다.주변에 맛집이 많습니다.간식을 잘챙겨줍니다.
","
Jira와 confluence를 이용하면서 주간보고를 따로 해야 하는 비효율성.그 외에도 더 있지만 글로 쓰기 힘듭니다.
","
바라는 점 없습니다.하던대로 하셔서 발전이 없으셨으면 좋겠습니다.
"
2022. 11,,현직원,5.0,"""우수한 동료들과 함께 꿈을 키워나갈 수 있는 곳""","
뛰어난 동료들합리적인 회사 운영일 3식 제공, 경쟁력 있는 식비직원을 인간적으로 대하는 회사
","
판교역에서 1km 위치 (조금 더 가까우면 편리할 듯)
","
계속 회사가 성장할 수 있게 부탁드립니다.
"
2021. 10,,현직원,5.0,"""회사 분위기도 매우 좋고 업무에도 집중할 수 있는 회사""","
수평적인 사무실 분위기, 좋은 사람들, 비전 있는 회사, 적지 않은 연봉,
","
주변에서 다들 열심히 해서 나 또한 열심히 하게 됨. 이에 따라 평일에 워라밸을 챙기긴 어려워 보임.
","
지금처럼 계속 비전 있는 모습 볼 수 있으면 좋겠습니다.
"
2020. 10,,현직원,4.0,"""일한만큼 보람을 느낄수 있는 곳. 인공지능 반도체 관련  핵심 기술 보유""","
업무에만 집중할 수 있음. 사내 정치 없음. 회사 성장 가능성 높음
","
야근, 주말 근무 등이 빈번함. 열심히 일하는 모습을 보이지 않으면 조직 적응에 어려움 예상됨
","
다양한 복지 체계가 만들어지길 바란다.
"
2023. 10,디자인,현직원,5.0,"""주도적으로 일할 수 있는 업무 환경, 능력있고 좋은 동료들, 파크원""","
능력있고 열정적인 동료들이랑 일할 수 있는 게 가장 좋습니다. 최근들어 좋은 분들이 많이 입사하시는 것 같아서 앞으로가 기대됩니다.일하는만큼 인정 받고 임팩트 있는 업무들 가져갈 수 있는 환경.여의도 파크원으로 이사 온지 얼마 안돼서 오피스 시설은 아주 좋아요.짧은 기간에도 수직 성장하는 회사.
","
파크원인만큼 주변 물가가 비쌉니다야근수당대신 인센티브 형식을 언급했지만 계약서 업데이트가 없어서 그냥 구두상의 희망고문으로 받아들이게 되는 측면도 있습니다.식대와 같은 기본적인 복지가 있으면 좋겠어요팀별로 분위기 차이가 커서 그만큼 직원들 만족도 차이도 큰 것 같습니다.일부 불만‘만’ 많은 사람들이 소수 있습니다. 어느 회사나 이런 사람들이 있어서 큰 단점은 아니지만, 진짜 단점은 이런 사람들을 경영진들은 모른다는 게 단점입니다.지금까지는 수직성장이 맞지만 앞으로가 문제일 듯 합니다.
","
직원들 업무 환경에 대해 항상 신경 쓰시는 것은 잘 알고 있습니다. 다만 직원들이 진정으로 원하는 것이 무엇인지 잘 들어주시고 직접 행동으로 보여주신다면 더 깊은 신뢰를 쌓을 수 있을 것이라고 생각합니다.
"
2023. 10,기획/경영,전직원,3.0,"""대체적으로 전형적인 스타트업 회사이다.""","
자유로운 분위기, 적당한 비품, 친절했던 일부 직원들, 일정 업무에 대한 재량권 부여
","
선제적으로 개선돼야 하는 부분이 있음에도 그건 안 개선하고 다른 것부터 개선하고 있는 등 답답하다.
","
더 나은 기업이 될 수 있도록 노력해주세요.
"
2023. 10,개발,현직원,2.0,"""회사에 개발자 엄청많음 근데 다들 뭐하고 있는지 잘 모르겠음""","
다양한 분야의 개발자 웹 앱 데이터 플랫폼 로봇 등등등
","
티오더 버전 별로의 밥그릇 싸움.. 1, 2 라이벌 구도..?
","
야근이 미덕. 자발적으로 야근을 하는 문화를 만들고 싶어함.. 비포괄로 풀면 알아서 할듯
"
2023. 10,마케팅/시장조사,전직원,2.0,"""겉모습에 집착하는 회사. 비개발직군에겐 비추""","
- 근무환경 쾌적함- 서비스가 유명해서 어느 음식점을 가든 볼 수 있음
","
스타트업의 자율성을 내세우고 있지만 실상은 그렇지 않음 체계도 없이 무작정 일하는 게 부지기수진행 중인 일도 (진행에 대한 컨펌까지 다 했는데도 불구하고) 갑자기 C레벨 맘에 들지 않으면 처음부터 다시 하는 게 많음직무에 전문성을 갖고 있는 사람이 없음바이럴 마케팅 작업을 많이 하기 때문에 가끔씩 현타옴
","
다니는 내내 힘들었어요 다른 사람들도 힘들어해요
"
2023. 10,개발,현직원,1.0,"""개인이 발전하기 어려운 환경의 회사이며 회사에서도 개인 발전을 위한 지원 어려움""","
자율 출퇴근이 가능한 부서는 이용하며 해당 부분을 잘 이용한다면 좋음
","
자율 출퇴근을 제외한 모든 점이 곳에서 근무 후 다른 회사로 이직이 어려울듯
","
회사의 발전도 중요하지만 개인의 발전도 가능하도록 생각해보셨으면
"
2023. 09,마케팅/시장조사,전직원,1.0,"""부서간 의심이 심하고 서로 도우려하지않고 경쟁만 앞서는 회사 비전.. 모르겠다""","
야근 수당이 있다는점 그리고 야근을 안하게 하려고 노력하는것이 가장 큰 장점 그외에는 뭐가있는지 모르겠드
","
야근 수당이 있다보니 야근을 하려면 몇시간전에 미리 보고를 올려야하고 야근을 마치면 야근 보고서를 써야한다 그것때문에 더 야근할수밖에없는게 현실복지도 딱히없고 퇴사율도 너무 높고 부서간 경쟁때문에 서로 간보고 눈치보고 할일 미루는게 당연한..외국문화는 다따라가려고 하지만 현실은 그렇지 못함 너무 보여주기식
","
C레벨끼리도 협업이아니라 경쟁을 하는데 직원들은 뭘보고 배울까요 보이는것을 그럴싸하게 만들생각하지마시고 내부를 그럴싸하게 만드시길그리고 외국문화따라하려고 하지말고 본인들 처지에 맞는 내규들이 생겼으면 좋겠네요
"
2023. 09,마케팅/시장조사,전직원,2.0,"""다니기에는 좋을 수 있으나 마케팅 쪽에서는 아직 체계가 부족한 듯 보입니다.""","
눈치 보지 않고 칼퇴 가능합니다. 업무적인 스트레스는 덜 한 편입니다.
","
체계가 아직 부족하여 하나씩 만들어 가야합니다. 한 명이 여러 인원을 케어하여 다소 완벽성이 떨어집니다.
","
체계가 잡힐 수 있도록 많은 인원을 지원해주시면 좋을 것 같습니다.
"
2023. 03,서비스/고객지원,전직원,3.0,"""기술지원+고객지원 직무로 커리어를 쌓고 싶은 사람에게는추천함""","
도서구입비 지원 및 대학원 지원하는 등의 장점이 있습니다.
","
고객지원은 타부서와 다르게 주말 또는 공휴일 근무가 빈번하게 발생하고 유연근무제 적용이 안됨
","
팀원들이 더 많아 졌으면으면 좋겠습니다. 본사랑 마리오랑 합쳐졌으면 좋겠습니다.
"
2023. 02,개발,현직원,5.0,"""계속 성장 하는 느낌이 들고 사람들이 우선 선한 사람들이 많음""","
연차가 얼마 안되지만 열심히 새로운 시도를 많이 해서 많은 경험을 하고 있음.
","
아직 체계가 부족하지만 점점 변화 해가는걸 느끼고 있고 부서마다 차이가 큼
","
인재영입을 적극적으로 더 많이 해줘서 좋은 문화 만들어주세요
"
2022. 03,개발,현직원,4.0,"""블로그나 유튜브 나올법한 스타트업 회사의 대표적인 표본.회사 성장에 있어 내적 ,외적 트러블이 많은것 같지만 결국은 살아남은 회사.""","
스타트업 초기의 ""생존"" 단계에서 사업 확장 , 인력 충원의 ""기업의 조직화"" 단계를 겪으면서 다양한 방법을 생각하고 , 타 기업의 문화를 받아들이면서 기업문화를 만들어 나가는 모습. 경력자라면 기존 경험했던 업무와 연관성은 있겠지만 ,스타트업의 특성상 한번도 해보지 않았던 업무와 업무 방식 , 보고 프로세스를 경험하는계기가 될 수 있음(단점일수도 있음)  부서별로 다를순 있겠지만 개인의 자유와 권리는 존중하되 그에 따른 책임은 가급적 묻지 않음   제품이 시장에서의 반응이 나쁘지 않은것 같음.이런게 과연 될까?? 안될꺼 같은데...하면서 왠만한건 다 하면서 반응도 좋음.  서비스의 아이디어가 코로나 시국과 우연찮게 겹치기도 하고,비대면 서비스에 대한 키워드 자체가 좋아서 어떤 아이디어를 내든 시장에서 먹힘.
","
퇴사 인력의 충원이 아닌 신규 부서 및 새로운 사업, 신규 부서의 인력충원에 있기 때문에 인적자원에 대한 불확실성과 트러블이 많다. 조긱화 단계의 단계 초입 시기라 그런지 각 부서의 부서장급의 직무와 영역이 불안정하여 아직은 대표의 간섭과 타부서의 갈등이 어느정도 존재하는 편이다. 사업의 아이템이 오프라인의 주문을 온라인 서비스로 이관하는 사업이기 때문에 자영업(고객)의 생태계를 어느정도 이해해야 한다. 최고 수준의 C레벨의 인적자원을 원하지만 아직은 불안정한 ""스타트업""의 회사에 충원이 쉽지 않으며 설령 입사를 하게된다고 해도, 권한과 의사결정에 있어 대표의 어느 정도의 간섭이 있다.  회사의 투자 유치 소식등의 사업 비지니스의 성과를 스스로 검색해서 알게됨.
","
위기가 곧 기회라는 말은 기회가 곧 위기일수도 있다는 생각을 했으면 합니다.
"
2022. 03,기획/경영,전직원,2.0,"""언제나 퇴사자가 많은 곳""","
- 쾌적한 업무 환경- 로봇팔 음료 지원- 전자결재시스템- 자유로운 조직 문화- 칼퇴 가능
","
- 스타트업의 단점이 모두 있음- 업무 및 보고 시스템에 자율성이 있지만 체계가 없기 때문에 갑자기 업무 형태가 변경되는 경우가 허다함 일단 해보고 나서 아니면 바꾸고 또 바꾸고 이런 상황이 지속돼서 오히려 시간이 지체됨- 수습 평가 3개월 동안 드랍 얘기를 수시로 들음- 체계가 없음을 경영진도 인정하고 있지만 시간이 해결해줄 거라고 믿음- 겉모습은 넓고 쾌적한 IT 기업이라 들어오는 사람이 많으나 답이 없다는 걸 알고 빠르게 퇴사하는 사람도 많음(팀바팀) 사람이 자주 나가는 팀에 입사 했다면 빨리 상황판단 하길 바람  - 중간관리자의 부재- 팀끼리 협업에 어려움이 생길 수 있음 좋게 말하면 자유롭고 나쁘게 말하면 개인주의 문화이며, 이런 문화가 협업 업무 시 타격을 줄 수 있음
","
없습니다
"
2022. 02,개발,현직원,5.0,"""스타트업으로 시작하였지만 빠른 성장세로 해당 업종에 1위에 등극한 유일무이한 회사이며 내가 회사와 함께 커가고 있구나 라는 것을 배울 수 있는 좋은 회사입니다.""","
대기업에 좋은 복지는 채택하고 중소기업에 안 좋은 복지는 기피하는 회사, 이 회사는 처음부터 끝까지 좋은 복지만 신경씁니다. 부당한 대우를 받으며 다니는 회사가 아닌 정당하게 회사를 다닐 수 있게 합니다.
","
빠른 성장세로 다소 다른 기업과 복지와 혜택에 대해 다른 부분이 있을 수 있지만 이 부분을 항상 개선하려고 노력합니다.
","
기업의 빠른 성장세를 겪고 있는 사람으로 얻는 것도 많지만 잃는 것도 있습니다. 하지만 점점 얻는 것만 생기고 잃는 것은 없는 그런 회사로 만들어주셨으면 좋겠습니다.
"
2022. 01,기획/경영,현직원,5.0,"""-커피무료 -간식비&회식비 5만원 -다양한 업무 재밌게 함 -새로운 업무 주어질 때 주도적으로 진행 가능 -계속 자가 발전이 가능한 기업 -월급루팡은 안맞을 것 같음 -자기 발전과 주도적인 업무가 주어지길 원한다면 여기 추천""","
- 연차 눈치안보고 사용 가능! - 팀내 분위기 좋음 - 서로 자유로운 소통 방식 - 이전보다 체계화됨- 회사 지속적인 성장세가 높아 기대됨 - 스타트업 유니콘 기업 선정됨
","
- 특정 부서에서 사내정치 또는 뒷말하기 좋아함- 계속 성장중이라 성장통이 있는 듯 - 본부가 나뉘어서 이동할 때 거리가 멀음 - 여의도 이사하면 다소 해소될 듯 - 헤드 또는 중간관리자 평가 및 교육이 절실
","
내부적으로 잘못된 정보로 와전되어 오해가 생기는 사례가 있음 공지 부서에서 자세한 내용을 기재해서 혼선이 없길 바람
"
2021. 12,서비스/고객지원,전직원,3.0,"""개발팀에대한 처우가 좋은회사 개발팀에 에러내용 확인요청하려면 소스코드까지 알아와서 문의해야함""","
미리협의된 야근에 대해선 수당을 챙겨줍니다. 늦은만큼 늦게퇴근하면 별탈없는 회사
","
포괄형연봉제식대포함으로 실제 연봉이 계약한 연봉보다 낮게잡힙니다
","
기업이 성장한만큼 복지도 더 업그레이드 되야한다고 봅니다
"
2021. 07,기획/경영,현직원,3.0,"""IT회사라 개발자 대우가 일단 좋은 편인 것 같음.출퇴근 시간은 기본 10시 ~ 19시 인데, 팀마다 약간 다르긴 함.""","
연차는 거의 눈치 안보고 쓰는 것 같음.안마의자 있음. 업무책상 넓음.당연히 야근하는 분위기는 아님.사람들 대체로 좋은 편
","
스타트업이라 네 일 내 일 구분 잘 안되는 부분 생김.정시퇴근해도 집가면 저녁 먹고 쉴 시간은 부족 연봉에 점심식대 포함이라 은근 부담됨
","
사업의 확장 만큼 중요한 게 내부 프로세스 다지는 부분인 것 같습니다. 단단하게 컸으면 좋겠습니다. 응원합니다.
"
2023. 10,마케팅/시장조사,전직원,3.0,"""외국계 회사를 꿈꾸지만 현실은 한국 회사""","
자유로운 분위기 속에서 근무할 수 있고 외국인의 비중이 생각보다 높다
","
외국인이 우대 받는 그런 조직문화 (사대주의 비슷) 없는 듯 사내 정치가 있음
","
창업자의 대외 이미지가 매우 좋지만, 결론은 어디까지나 돈..많이 벌고자 하는 사람 중 하나일 뿐
"
2023. 10,영업/제휴,전직원,4.0,"""돈 많은 회사, 간식자판기, 쾌적한 업무환경, 워라벨 나름 좋음""","
회사가 돈이 많아서 재정적으로 타이트하거나 아껴쓰라고 닥달하지 않아서 편함. 간식 자판기도 지원 빵빵하고 시설도 깨긋함
","
경영진이 회사 경영을 해본 경험이 없는 듯.. 점점 산으로 가는 듯한 영업실적... 따로 대비책은 없어보임
","
기업의 미래에 대해 실직적인 대안을 만들어 주세요 너무 생각없이 자리만 지키지 말고...영업팀 영업력만 믿고 있기엔 실적이 그리 좋지 못한거 같습니다.
"
2023. 07,연구개발,현직원,5.0,"""드라마틱한 성장을 하고 있으나 내부적으로는 아직 미성숙한 단계""","
자유로운 분위기와 근태제도.매일 간식을 제공하며 무료 자판기 또한 편하게 이용 가능
","
회사 규모의 성장세만큼 내부 시스템적인 면이 성장하지 못한 상황으로 보임.내무적으로 시스템 관련 많은 인원들을 채용하여 시스템 보완에 힘을 쓰는 중
","
기업의 방향성 공유를 해주는 것은 좋으나 현업 직원들의 바라는 것들은 아직 해결이 어려워보입니다.
"
2023. 06,생산/제조,현직원,5.0,"""스트레스 안받으면서 다닐수 있는 회사입니다.""","
자판기가 있어 자유롭게 간식과 음료를 먹을 수 있으며, 매일 오전에 간식도 나옵니다. 월급 안밀리고 자유로운 분위기입니다.
","
펀드에 인수되면서 성과중시의 경영이 진행되면서 실제 실무진과의 괴리가 있습니다.
","
실무에서 필요한 내용들에 대해 귀를 귀울여주셨으면 좋겠고, 인력이 필요한 경우 지원을 해주시면 좋겠습니다.
"
2023. 06,개발,전직원,3.0,"""연구소 개발자에 대한 대우가 좋았던것으로 기억합니다.그 외 개발자나 IT직군은 상대적으로 메리트가 떨어졌습니다.""","
회사에서 운영하는 카페가 있었고 도서는 무료로 구매 가능
","
팀장급 인사를 크게 신경 안쓰는건진 모르겠지만 전문성이 부족한 팀장 밑에서 고생을 많이 했습니다…
","
특정 직군만 우대하지 말고 골고루 균형적인 처우가 적용되면 좋을 것 같습니다.
"
2023. 06,영업/제휴,현직원,3.0,"""개발자가 대우 받을 수 있는 곳이며 제품의 시장 성장 가능성이 아직 높음.""","
연차 눈치 안보고 사용, 도서구입비 지원, 회식 강요 없음
","
중견기업이지만 지속적으로 만들어 나아가야할 프로세스가 많음. 그래도 대체적으로 임직원들이 꾸준히 할 일은 해나가는 회사
","
실질적인 복리후생에 조금더 힘써주었으면 좋겠음. 예) 의료비 지원 등
"
2023. 06,개발,현직원,3.0,"""글로벌 치과 구강 스캐너 기업.경쟁 업체에 비해 저렴한 가격으로 승부하지만, 그 다음의 승부수가 필요해 보임.""","
아직은 회사의 매출이 안정적인 편.개발 조직의 경우 자신의 업무에 소극적인 구성원이 많아서, 주도적으로 업무에 임할 경우 연봉 인상폭이 클 수 있음.
","
중간 연차의 과장, 차장 개발자의 부재 인해 저연차와 고연차의 업무 괴리가 큼.사업기획의 누군가에 의해서 개발조직이 휘둘리는 경우가 많고, 개발조직에서 사업기획이 컨트롤이 안됨.
","
좀 더 내실있는 사업 모델을 찾아야 할 것으로 보임.매출 목표에 따른 급조 된 TF 형태의 업무를 꾸리는 것을 줄이고, 내실 있는 중장기 플랜이 필요해 보임.신규인력 채용에 좀 더 공을 들일 필요가 있어 보임.
"
2023. 06,생산/제조,전직원,4.0,"""겉으로 보여지는 사이즈만 키우다가 속이 썩어감""","
연차자율, 복장자율, 업무 강도대비 높은 연봉 및 각종 복지혜택
","
뭘 원하는지 모르겠음. 각 포지션별 업무강도 및 환경이 다 다른데, 그런부분을 전혀 생각안함. 그냥 무조건 다 똑같이 하라함.
","
각 포지션별 조금더 디테일한 관리가 필요하다고 생각됨. 포지션별 환경이 다 다르기 때문에 어쩔 수 없는 부분도 있겠으나, 누구는 땀뻘뻘, 누구는 가만히 앉아서 인터넷쇼핑, 누구는 휴식시간 5분일찍 출발 등등.. 월급은 다 똑같이 주면서, 형평성은 전혀 맞지않음.
"
2023. 05,마케팅/시장조사,전직원,3.0,"""다양한 경험과 기회가 주어지나 연구소 중심으로 운영되는 기업""","
외국계 기업의 느낌처럼 자유롭고 누구나 편하게 의견을 제시할수 맀름
","
많은 업무의 중심이 특정 부서 중심으로 돌아가는것이 다소 아쉬움
","
개개인이 성장할수 있는 회사로 만들어 주시고 더 많은 복지가 있으면 좋겠습니다.
"
2023. 05,유통/무역,현직원,3.0,"""슬슬 성장세가 저물어가는 회사.그동안 폭발적으로 많이 성장했으나, 더이상의 성장은 힘들어 보임.""","
회사 분위기가 굉장히 자유로운 편임.출퇴근(탄력근무제)/연차사용/근무복장 등등에서 타 회사 대비 자유롭다고 느낌
","
일 못하는 고인물 대잔치, 일 잘하고 의지 열정 많은 분들은 이미 다 퇴사 혹은 이직규모 및 성장 대비 연봉 상승률 및 급여가 매우 적은 편
","
열심히 일해서 회사가 성장하는 만큼 보상도 따라야 한다고 생각합니다.
"
2023. 04,개발,현직원,4.0,"""성장해 나가는 과도기여서 해야할 일은 많지만 빠르게 커가는 것이 보임""","
알짜기업임. 업계 1위이고 회사가 성장해가는 것이 눈에 보임
","
그래서 일이 좀 많음. 팀바팀이긴하지만 전체적으로 일은 많은 편
","
지금처럼 내년에도 인센 많이많이 주세요~ 현금성 복지도 늘어나면 좋겠습니다~
"
2023. 04,개발,현직원,3.0,"""사모펀드 인수후 분위기가 좋지않음 회사미래 어떻게 될지 아무도 모름""","
수평호칭제가있고 부서마다 다른 자율출근제가 있음 동호회가있음
","
회사에 미래가 가장큰 단점이고 키워서 팔겠다는 의지가있으나 좋지않아보임
","
기업에 이익을 직원들한테 나눠주도록 해주세요 직원사기가 떨어저요
"
2023. 04,개발,현직원,1.0,"""회사가 돈이 많으면 뭐하냐 결국 또 엑시트하는데 활용될 뿐""","
점점 희석화되는 기존 장점들아직도 간식자판기를 회사 장점으로 쓰고 있는 현 실태사옥은 아니지만 신축 건물
","
돈이 있는 곳엔 항상 파리가 꼬임 기업이라 다르지 않음 특히 인사팀이 그걸 필터링을 못하면 더욱 그러한데 현재 인사팀 꼬라지보면 답 없음오죽하면 한 명 빼고 물갈이 됐을까 싶음(끄덕끄덕)
","
어차피 이직하는데 사용되는 환승기업일 뿐 경영진에게 하고픈 말은 없다 3년뒤 얼마에 엑시트할지 구경이나 잘 할께요
"
2023. 04,생산관리/품질관리,현직원,2.0,"""그냥 그럭저럭 다닐만한 회사입니다 !""","
한달에 한권 무료 도서신청 가능연차 반차 반반차 자유로움간식이 잘 나옴회사 자체가 깔끔함
","
식대, 여름휴가(여름휴가비), 창립기념일 휴무, 명절귀향비 등 복지가 거의 없음
","
회사가 점점 성장하는 만큼 기업 복지 좀 늘려주세요..
"
2023. 03,개발,현직원,3.0,"""그동안 고속 성장으로 무시해왔던 문제들이 드러나는중""","
수평적 문화 추구. 영업이익률 높음. 경우에 따라 다르지만 상대적으로 신속한 의사결정
","
프로세스가 아닌 몇몇 개인들의 역량으로 성장해옴.영업이익 대비 부족한 보상수준
","
동기부여 필요.투자 좀 합시다.근원적인 조직 구조에 대한 고민필요
"
2023. 03,기획/경영,전직원,3.0,"""빠르게 성장해서 구조화가 필요한 기업""","
선유도역에서 도보 5분, 무제한 자판기, 도서 구매, 깨끗한 건물,
","
복지와 연봉이 만족스럽지 못하고 리더들의 투명하지 못한 경영 방식
","
직원과 소통이 더 필요할 것으로 보입니다.
"
2023. 02,생산/제조,전직원,2.0,"""깔끔한근무 환경 이지만 관리자가 너무 엉망이고 제조팀이 힘이 제일약한 이상한 회사""","
업무강도가 비교적 다른 생산 제조 업체보다 낮으며 야근이 별로없다.워라벨이 있는 회사 , 근무환경 깨끗
","
이회사는 특이하게 생산제조팀이 회사에서 힘이 제일약하다 관리자들이 정확한문제점이 뭔지 파악조차 제대로 못하며 밑에 직원들 말에 귀를 귀울이지않음
","
관리하는 사람들의 대대적인 조직개편이 필요하다 제대로하는것도없으면서 윗선에 잘보이려고만 노력하고 한자리씩 잡고 월급만 축내는 사람들이 너무많음
"
2023. 02,연구개발,현직원,4.0,"""개발자 대우가 좋은듯, 근무 환경이 깨끗하고 장비나 프로그램 등 지원이 잘된다.""","
연차 사용 괜찮고, 요즘 기업문화를 가지려고 노력중임. 회사가 급성장하고 있어 앞으로가 기대된다.
","
팀장의 권한이 큰편, 체계가 없는게 단점이자 장점이다.
","
직원들의 의견을 다는 못들어주더라도 일부 반영하는 모습으로라도 사기를 진작시켜주기를 바람. 회사를 구성하는 건 직원입니다.
"
2023. 01,개발,현직원,4.0,"""젊은 기업. 재무안정성 수익성 최고직원들에게 돌아가는 보수가 넉넉하진 않은것같음""","
젊다.간식자판기.좋음작은 이벤트같은거 많음휴가 눈치안보이고 쓸 수 있음워라벨 극상안정적이게 다닐 수 있음사람들이 다 좋음위치 좋음똑똑한 사람들 많음
","
복지가 있는듯하지만 그렇게 많지도 않은듯보수가 연봉 이외에 잘 없는편연봉이 낮진않으나 회사가 버는거에 비해 작은듯
","
영업이익이 높은만큼 직원들에게 적절한 보상이 이루어졌으면 좋겠습니다. 업무욕이 떨어지는것을 막아주세요
"
2023. 01,개발,현직원,5.0,"""매년 엄청난 성장세를 보이고있는 기업눈에 띄게 증가하는 매출이랑 증가하는 회사규모가 근미래를 기대해볼만함.장기적인 면에서 치과의료장비 쪽 산업자체도 나쁘지 않아 보임""","
회사 근무 환경 정말 깨끗하고 역에서도 가까움직급도 없어 업무에 불필요한 군대문화는 없음 간식자판기로 못 챙긴 끼니를 챙길 수 있음사람들이 선함
","
주차대수가 많이 넉넉하지는 않음. 자차로 출근하기엔 운이 따라야 함 위치는 선유도. 큰 기업으로의 변화를 하는 과정이기에 시도하는 것도 많아서 적응이 힘든사람에게는 맞지 않음.
","
회사에 돈이 정말 많은디 추진하는 사업외에도 직원들에게 인센 좀 풀어주시면 어떨까..싶네요
"
2022. 12,개발,현직원,3.0,"""업무량이 많음. 코드 베이스는 갖추어져있음. 핵심코드는 숨겨져있음. 업무량에 비해 급여가 적음. 수당없고 인센은 몰래 주는사람만 줌""","
코드 베이스가 갖추어져 있고 코드량이 많음. 협업 툴을 많이 사용해서 경험해보기 좋음. 기초 다지기 좋은듯. 급여가 밀리지 않음. 개발 장비 좋음.
","
업무량에 비해 낮은 급여. 식대지원 없음. 야근수당 없음. 인센은 일부인원만 몰래 줌. 아래사람 무시하는 윗사람리 간혹있음.
","
기업 운영을 투명히 해야지 말로만 투명하게 한다고 하고 이번에 인센 일부 인원만 몰래 준 것으로 난리남. 매출도 늘었고 회사도 비싸게 팔렸지만 자기들 배만 불리는듯.
"
2022. 12,개발,전직원,3.0,"""덴탈이 메인이지만 산업분야에서도 활용되는 아이템 그러나 세계적으로 많은 기업들이 개발하는 제품으로 경쟁이 불가피한 아이템 그러나 매해 고급 제품을 라인업에 만들고 성장하는게 보임""","
간식을 먹을수있다. 직전 회사 대비 처우가 높아진다. 외국인들이 많이있어 영어 사용량이 많아 자연스러운 영어실력 증가 예상됩니다
","
부서간의 갈등이 많다. 개발팀이 힘이 막강하고 마케팅 분야의 업무자들의 능력이 의심됨세계적인 아이템에 맞는 마케팅이 틀에 갖혀있다
","
아무래도 기술개발에 몰두하시는 부분은 좋지만 , 결국 그 상품을 가치화 할 수있는건마케팅과  CS 기술지원등이 함께 성장해야합니다. 특히 마케팅에 좀 더 신경을 썻으면 좋겠습니다
"
2022. 12,기획/경영,현직원,3.0,"""신입은 몰라도, 경력직은 일하기 편한 회사. 하지만 체계적인 업무 다운로드 체계를 기대하면 안됨..""","
간식복지 라던가, 유연근무제등 비교적 자유로운 사내 분위기. 업무강도 및 야근 여부는 팀별로 편차가 있는 편. 외국계 기업 문화를 지향하는 회사.
","
경영진의 무지함.. 리더십 부족. 체계없는 부서도 많음. 연봉 산정이 짠편.
","
부서간 차별 없이 평등하게 대해주세요.
"
2022. 12,기획/경영,현직원,2.0,"""근태가 자유롭다 임대건물이긴 하나 신축이라 인테리어 이쁨""","
근태 자유 신축 건물 간식 자판기 매월1권도서 제공 하겐다즈 제공(연1회)
","
근태가 자유롭다못해 개판임 부서마다 출근퇴시간 재택근무기준이 다 다름 열심히 시간지켜 출퇴근하는 사람에게는 가끔 현타올 수 있음 임대건물이라 주차장 제한적 엘베 불편 중식미지원
","
임원분들 대부분 학력,스펙 뛰어난데 그외 밑에 직원들보다 학력  능지 매우 처참한 몇몇 고인물들 회사 발전 위해서 알아서 나가주세요 제발 부탁드립니다
"
2022. 12,생산관리/품질관리,현직원,2.0,"""직원에 대한 배려, 존중이 전혀 없는 것 같습니다 . 출 퇴근 시간이 자유로운게 가장 큰 단점이 되는 회사인것 같네요""","
연차 자유로움 . 매 월 한권의 도서 무료 제공 . 간식 자판기 무료 . 아침마다 간단한 빵 , 주먹밥 같은 간식 제공
","
야근을 당연하게 여기고 야근에 대한 보상이 전혀 없음 . 직원에 대한 배려가 없어서 회사를 위해 희생을 바라는 태도 전혀 고쳐질 기미가 없고 고인물이 많아서 더 최악인 회사
","
팀의 팀장 의견보단 직원들 개개인의 의견을 더 중요시하여 귀기울이시는게 좋을 것 같습니다
"
2022. 11,생산관리/품질관리,전직원,3.0,"""정해진 규정 및 절차에 알맞게 따르는 회사""","
간식제공 및 무료자판기가 있어 점심식대 따로 안들여도 될 정도. 휴게공간 쾌적
","
고인물이 많은 것 같다. 시키는대로 하라고 하는데 그게 맞는건지 본인도 모르는 듯
","
고인물 및 월급루팡 정리 필요. 모르는 건 죄가 아니지만 아는척 하는건 죄임
"
2022. 11,개발,전직원,2.0,"""개발자 입장에서 나쁘지않습니다조직간의 눈치싸움이조금있지만안정적입니다""","
커피숍과 안정적인 급여조건사옥의장점 개발조직위주의 회사
","
연봉테이블이 다소 특이함책정기준이 애매할수있음 1000, 1200 이런식이아니라1030,1270이렇게 될수도있음기존직원과 새로온직원과 어울리기 어려움
","
직원과 소통하는시간이 좀더많았으면좋겠습니다무작정 좋다는 시스템을 강제로 도입할필요는 없어보임
"
2022. 10,생산/제조,현직원,3.0,"""일단 계속 발전하는거같음 중식제공 안됨 사무실이 쾌적함 근무복장이 자유로움 칼퇴보장""","
일단 연차같은것도 눈치안보고 사용 퇴근도 정확함 서로에게 존칭을사용하며 근무함 계속 발전하는거같은 느낌이 들었음
","
중식제공이 안됨 단순반복작업이 많음 이거말고는 딱히 없는거같음
","
화물엘베에 그냥 사람들이 많이타서 화물을 옮길때 너무힘들어요 ㅠㅠ 중식제공 원해요ㅜ
"
2022. 09,개발,현직원,1.0,"""중기업에서 대기업 사이의 과도기에 있는 회사 여기서 더 발전하느냐 후발기업(중국)에 따라 잡히느냐 나도 참 궁금하다 그래서 하루하루가 흥미로움""","
연차 자유 대충 일하는 척 해도 따박따박 월급 나옴회사에 돈이 많다 못해 흘러 넘침초기 연구인력들이 멱살잡고 끌고 감
","
돈이 너무 많아 잉여인력을 마구 뽑아 일을 안해도 하는 척만 해도 됨  부서별 케바케그놈의 수평디엔에이ㅋㅋ 쿨한척 꼰대질 오짐주변 맛집이 없음 있어도 너무 멀고..
","
gs든 sk든 제대로 된 대기업에 팔려서 능력 위주의 체계적 조직을 갖추길
"
2022. 09,연구개발,현직원,4.0,"""열성적인 사람에게 적합한 회사. 또는 능력없는 사람에게도 적합한회사. 그냥 평범한 사람들은 못버티고 나가는 회사.""","
자잘한 복지가 많은편. 무료 자판기. 빵. 도서지원. 깨끗한 업무 환경. 등등등
","
지금 매각중임. 기업의 미래은 그 누구도 모름. 기업 성장도....밝지는 않아보임.
","
이번에 경영진 바뀔텐데 그냥 현상 유지만 해줘도 감사.
"
2022. 08,생산/제조,전직원,1.0,"""겉모습은 중견 기업..입사하면 소기업 간부급 빼고 최저 시급 정동""","
연차를 윗사람 눈치 안보고 쓸수 있음.. 첨에 입사하면 본부장 이란 사람이 밥사줌 저렴 한걸로..자기 엘지출신 이라고 자랑함..팀장님 삼성..
","
간부급 아닌이상 최저시급.. 회사에 기여하길 바란다..생산 팀장 그냥..생산 창고 별로다..계약직 3개월에 한번식 계약
","
고인물들 너무 많음 인원대비 매출 글쌔..노는사람 정말 많음
"
2022. 07,연구개발,전직원,4.0,"""그럭저럭 만족하면서 다닐 수 있는 중소기업입니다하고자하면 기회는 있음""","
도서제공 및 자유로운 분위기입니다수평적 문화이고 새로운 직원들이 급격히 늘어나꼰대문화를 조금 희석시키기도 하는 것 같습니다
","
하지만 사람이 자주 바뀌기도 합니다위에서 누군가 끌어주지 못하는 부서도 있고,팀장 등이 갑자기 바뀌면서 팀원이 애매해지기도하는 경우가 종종 있습니다모두가 그런건 아니지만 부서간 업무를 회피하거나미루기도합니다
","
직원들의 사기를 더 높일 수 있는 방향으로 나아갔으면 한다
"
2022. 07,기획/경영,전직원,1.0,"""묵묵히 업무 폭탄 떠안은 노예들이 황족부서원들을 떠받쳐주는 회사""","
사모펀드 인수 뒤 점점 사라져 갔지만 직원 복지에 신경을 많이 써준 회사
","
부서 간 힘의 논리에 의해 부당한 업무가 많은 회사, 개선을 요구하는 사람은 마녀사냥으로 제거하는 일이 빈번한 회사
","
최근 하락해가는 잡플래닛 평점이 무엇을 의미하는지.. 새롭게 바뀔 경영진이라도 대신 챙겨줬으면
"
2022. 07,개발,전직원,3.0,"""사모펀드 인수 이후 모든게 말만 하는 회사가 되어버림""","
사람들이 좋다 하드웨어 스팩이 높아서 고사양 피씨를 사용 할 수있다 옷을 자유롭게 입고 휴가시 문제제기를 하지않는다
","
수평문화인 것 처럼 업무를 미루고 덮어씌우기를 잘한다부바부로 업무 강도가 다르다본부별로 연봉 인상율 차이가 심하다
","
사모펀드라서 그런건가요왜 그렇게 말만 하는지 이해를 못하겠어요복지를 해줄 것 처럼 말하고 안해주고할려면 하고 말려면 말아요말만 청산유수
"
2022. 06,기획/경영,현직원,5.0,"""회사 자체는 나쁘지 않고 성장 가능성이 많이보임. 가끔 뿌듯 할 때가 있지만, 몇 몇 사람들이 진심으로 재수가 없음. 인사해도 눈도 안 마주치고 대답도 안 하는 사람도 있으며, 나이 먹고도 뒷담을 하고 다니는 걸 보고 저렇게 늙지는 말아야지 함.""","
몇 몇 좋은 사람들, 간식 자판기, 무료 도서 제공, 자율복장, 회사의 발전 가능성
","
자율복장이라면서 뒤에선 누가 저리 입었네~뭐라고 험담하는 사람들이 많음. 뒷담하는 사람들이 너무 많음!!
","
그냥..고생하는 우리를 좀 알아주고, 회사 복지 좀 많이 늘려주세요.
"
2022. 06,마케팅/시장조사,전직원,1.0,"""대표는 똑똑한데 회사는 헬 직원 복지가 전혀 없고 사옥도 별로임 연봉에 짬""","
장점은 없다 나름 메디컬 필드에서 일한다는 자부심? 이 있을 수 있으나 그런거 없는 사람에게는 그나마의 장점도 없다. 사내 정치질이 아주 심한편이라 스트레스 극심하다
","
조그만 회사라서 사내 정치에 휘말리면 답 없다. 게다가 시스템도 없고 주먹구구식 일처리와 심하게 감정적인 상사들로 인해 엄청난 스트레스에 시달리게 됨 회사 측에서 어떠한 도움도 안줌
","
개인 사재 불리기, 회사 키워서 팔아먹기 이외에 회사 직원들에게 관심과 배려가 시급해 보임. 돈벌자고 하는건데 너무 배려가 없이 회사 오너들 배불리기에 급급
"
2022. 06,개발,전직원,4.0,"""자신의 의지만 있다면 더 많은 것을 배워갈 수 있는 곳""","
연차를 눈안보고 사용 가능함.회사 점점 좋아지는게 보이며 복지도 좋아짐.
","
요구하는바가 많으며 수행여부에 따라 성과를 판단하는데 기준이 됨
","
좀더 실질적인 복지가 생겼으면 합니다. 비포괄임금제로 바꾸면 더 충성할 직원들 많습니다.
"
2022. 05,유통/무역,현직원,3.0,"""주먹 구구식 운영서로 책임을 미루는 팀들매출에만 신경씀""","
좋은 복지 , 연차 눈치x, 휴게실과 자판기좋은 건물, 매출이 좋으면 높은 인센티브
","
너무 매출에만 신경쓰는 경영진매출이 안좋으면 모두 눈치를 봐야함팀들간에 협력이 없음
","
매출에만 신경쓰니 제대로된 프로세스를 규정 못하고있습니다회사의 미래는 밝으나 조금 더 내실을 튼튼히 다졌으면
"
2022. 04,개발,전직원,4.0,"""빠르게 발전하는 회사, 개발자가 우대받는 회사,  연구소의 힘이 가장 강하다.""","
출근시간이 늦음, 연차 자유로움,  수평적인 분위기, 독특한 분야이고 우수한 개발자가 많았음
","
체계적이지 못한 업무진행이 아쉽다. 일하는 사람은 일하고 노는 사람은 논다.일을 잘 하는 사람에게 더 많은 일이 몰린다. 연봉이 적진 않은데 일하는 시간대비로 보면... 번아웃으로 퇴사함
","
이미 떠나서 크게 할 말 없다. 회사와 직원이 상생할 수 있었으면 함
"
2022. 04,연구개발,전직원,5.0,"""회사자체는좋은편인것같아요 복지도 점점 좋아지는 추세이고""","
연차를 윗사람 눈치 안 보고 쓸 수 있음. 도서지원비 나옴
","
복지제도가 더 생겼으면 함. 중식비도 지원되었으면 하는데
","
복지를 더 늘렸으면 함. 불필요한 비용을 줄이면 충분히 늘릴수 있다생각함
"
2022. 04,개발,전직원,4.0,"""회사가 성장하고 있음신제품 나와서 매출 증가 됨""","
도서 구입 가능사내 카페 있음연차가 비교적 자유로움
","
회사가 성장하다보니 업무가 많아짐연봉이 업무량대비 다소 만족스럽지 않음
","
회사가 성장하는만큼 직원 복지 증대가 필요함
"
2022. 04,개발,전직원,3.0,"""영업팀 그리고 연구소(개발자) 직원들만 다니기 좋은 회사.""","
1.대체로 수평적 조직문화(일부 부서는 아직도 수직적)2.연차는 편하게 사용할 수 있음3.도서구입비(1인당 1권/월)지원4.간식자판기 무료 이용가능
","
1.일 하는 사람(팀)만 일함2.지원부서 직원들에 대한 처우가 별로임(영업팀, 연구소 직원들 대우는 우수함)3.개인주의 심하고, 책임 회피 많이함4.업무상 협의가 잘 안됨(소통도 안되고, 비협조적)
","
매번 일방적으로 업무를 추친할 것이 아니라, 직원들과의 충분한 소통을 한 후 일을 진행했으면 좋겠고, 실무자들의 사소한 의견이라도 귀 기울여 줬으면 합니다.
"
2022. 04,법률/법무,현직원,1.0,"""영업매출, 이익, 규모에 걸맞지 않은 회사 시스템으로, 회사가 성장한만큼의 안정적인 체계를 기대하기 힘듬.""","
매출과 이익, 규모가 계속해서 성장하고 있음.우리나라의 수많은 영세 중소 의료기기 제조, 수입사들보다는 대외적으로 인식이 좋음여러 국가에 의료기기를 판매중에 있음매출도 없는 국내 의료 스타트업과 비교했을 때에 회사의 매출과 성장은 괄목할만함.회사 위치가 영등포로 이전해서 나름 서울 도심지에서 쾌적하게 근무가능
","
고인물 파티매출에 걸맞지 않게 매우 짠 급여식대 미지급회사 이전으로 메디트 카페 없어짐, 복지 축소업무 체계 미비 (SAP이나 ERP 시스템은 잘 되어 있는데, 각 부서별 업무체계는 없음)연구개발쪽 부서, 조직의 파워가 막강하나 이로 인해 업무협조 시 마찰이 끊이지 않음안암 메디트 사옥에서 선유도 사옥으로 이전 (안암사옥을 구입한지 얼마 안됐는데 왜 선유도로 월세살이를 하려는지 이해가 안감)문제가 많은 상급자와 직원들에 대한 인사관리가 안되고 있음 (상습적으로 출근 늦게하고 퇴근 일찍하는 비양심적인 사람들이 많은데 근태관리가 안됨. 그러면서 쓸때없는 미팅으로 퇴근시간 넘어서까지 팀원들을 붙잡고 있음.)
","
직원들의 문제와 불만을 듣지만 말고 해결을 해주세요.
"
2022. 04,금융/재무,전직원,1.0,"""다 잊고 다음에는 더 좋은 회사에서 더 좋은 사람들과 일하라고요?ㅠㅠ 더 좋은 회사와 더 좋은 사람이 될 노력을 하시길…내일채움공제도 4개월 더 참았으면 받았을 퇴직금도 포기하고 나옴. 퇴사하고 돌이켜보니 내가 신입이라 비교대상이 없어서 8개월이나 참았구나 싶은 회사.""","
1. 사내 카페2. 간식 자판기3. 한 달에 한 권 책 구매4. 추석, 설날 명절 (20만원) , 생일 (10만원) 상품권 지급5. 최대 연 6회의 상담비용 지원6. 난 저러지 말아야지 하고 반면교사 삼을 롤 모델이 많다.
","
마음 같아서는 재직기간 동안 적어둔 일기장 내용을 날짜 별로 그대로 옮겨 적고 싶으나 글자 수 제한에 맞춰 쓰겠음. 적어도 자유로운 분위기와 수평구조가 중요한 사람은 입사를 재고하길, 저 자유와 수평은 상호존중이라는 전제가 필요함. 입사첫날 신입치고 연봉이 높다로 시작하여 한 달 후에는 신입치고 나이가 많다 추가. 그 이후엔 회사 입장에서 신입을 뽑는건 손해라는 말로 삼위일체. 퇴사하던 막달을 제외하고 7개월에 걸쳐 입사 한 달차부터 지속적으로 월 1~2회 저런 망언에 가스라이팅 당하면서 자기효능감과 자존감도 바닥.자책만 가득했음. 그러나 모든 것을 내 탓으로 돌리고 자책하기엔 점점 의구심이 들었고 그 의구심은 ""이러다 직장 내 괴롭힘으로 신고하는거 아니야~?"" 라는 농담에 확신이 되었음. 정말로 본인의 발언들에 대한 문제의식이 없어서 모르고 한 말이라면 본인 발언에 눈물 쏙 빼고 진정한 사람 면전에 대고 저런농을 웃으며 할 수 가 없음. 한두번도 아니고.. 그저 맥일대로 맥이고 본인 곤란해질 상황을 피하기 위한 분위기 환기였겠지. 별로 심각한 상황이 아닌척, 기준도 일관성도 없고 시도때도없는 냉온탕 사우나에 더 피 말렸음..한치 앞도 내다보지 못하고 싱글벙글 첫 출근을 하던 내 모습을 생각하면 리뷰를 안 쓸 수가 없다.나는 내 나이를 속이고 이력서를 넣지도 않았으며, 경력으로 속인적도 없고, 신입인줄 알면서 뽑은것도, 얼마의 연봉을 주겠다고 딜을 한 것도 이 회사였고, (애초에 그만큼 안줬으면 입사 하지도 않았음.) 신입을 뽑는 게 회사입장에서 손해라는 말을 할거면 애초에 신입을 뽑지 않았어야 했음. 적어도 1년차라도 쌓였을 때 널 뽑은건 손해였다고 하던가. 같은 월급쟁이끼리 본인이 월급 주는 것도 아니면서 무슨 관리자급부터 같은 사원급까지 하나같이 연봉을 들먹이는지.. 참나. 남들없을때 일대일로 그러는 건 잘못된건 알아서 그런거겠죠? ㅜ참ㅋㅋㅋㅋ 할 말이 많지만.. 떠올리는 시간조차 아까워서 이만 줄이겠음. 부끄러운줄 아세요ㅋㅋ기대도 안하지만.
","
경영진에게 바라는 점은 없습니다. 아. 면접자 교육을 하길 바랍니다. 요즘 시대에 무슨 회사가 면접볼때 대학생때 용돈이 얼마 였냐고 물어봅니까…
"
2022. 04,마케팅/시장조사,전직원,4.0,"""사람들 모나지 않고 그냥 적당히 일하면서 다닐 수 있는 회사""","
자유로운 분위기카페있음부서마다 업무강도의 차이가 있음
","
일이 제대로 되지 않는 느낌제품에 문제가 자주 많이 생김
","
직원들의 역량가발을 위해 투자를 더 해주시면 좋을것 같습니다
"
2022. 03,개발,전직원,1.0,"""회사만 잘나가고 직원들 챙겨주는거 하나도 없는 회사 미래가 안보이는회사""","
장점이라면.. 책 한달에 1권 신청? 이것도 줄어든 복지.. 자판기 뽑아먹는 간식? 이외에는 없다고 봐야함.
","
선유도 대여 사옥.. 이전에 회사 사옥이 있었을땐 카페도 있었지만 지금은 없고 싸구려 기기로 뽑아먹어야함. 기업 매출 대비 연봉 매우매우 짬기술력? 모르겠음 아직도 꼰대에 오래된 문화와 마인드 가지고있음.요즘 회사들 기본 복지에 한참 못미침..
","
임직원들 말좀 들어주고 애사심이 생길수 있는 복지좀 늘려주시길…... 그리고 꼰대문화좀 바뀌길!
"
2022. 03,생산/제조,전직원,3.0,"""생산으로서는 공부하면서 다니기에는 최적이지 않을까싶다하지만 기업에 오랜기간 몸담고싶은것이라면 글쎄""","
큰 금액은 아니나 간식제공이나 식대가 있고 한달에 한번 도서구입이나 명절에 상품권 지급등 소소하게 복지도 있어 욕심이 없다면 불만없이 다닐 수 있을것이다
","
역시나 딱딱한 생각을 가진 간부 , 운영진들이 있다 어디에나 있겠지만급여 인상폭이 적다 그렇지만 감안하고 다닐만 하다 오랜기간 다닐것이 아니라면
","
문제가 뭔지 어차피 다 알면서 모르는척 하지 않으면 사원들이 덜 스트레스 받지 않을까
"
2022. 01,개발,전직원,4.0,"""자본력이 있고 전체적으로 깔끔한 느낌을 주는 업체이다.""","
복지가 나름 좋다. 직원들 입장에서 필요한 탄력 근무제나 연차 자율, 도서 지원, 커피, 자판기등의 소소한 복지들이 좋았다.
","
은근히 꼰대 회사다. 장기 근속자들이 많고 평균 연령대가 높다. 그만큼 군대 문화나 옛날 냄새가 난다.  요즘 핫한 젊은 기업들과 비교해보면 어쩔 수 없는 아재들 회사다.
","
회사 주인이 바뀌고 실세도 바뀌고 회사 로고도 바뀌면서 뭔가 정체성이 한번 흔들렸던 것 같다. 그래도 흔들림 없이 한동안은 잘 가지 않을까 싶네요. 화이팅 하세요~
"
2022. 01,개발,전직원,2.0,"""회사는 커지고 복지는 늘어나고 있는데 퇴직자들이 급증하는데에는 그만한 이유가 있겠지""","
수평 문화사내 카페무료 간식 자판기도서 지원상여금 지급출퇴근 시간 유연
","
수평문화인척 하는 꼰대들조만간 사라질 사내 카페확 줄어든 도서 지원(월 1권)방향성없는 개발생각없는 바보들이 의외로 곳곳에 배치
","
낙하산급 임원들..연차빨로 팀장맡고 있는 무능한 직원..이들에 의한 피해는 당장은 나타나지는 않겠지만(이미 나타났으나 파악을 못하는 걸수도 있고..) 언제가 실현됐을 때 그 피해액은 상상을 초월할 것이다.
"
2022. 01,생산/제조,전직원,1.0,"""일에 강도가 힘들진 않지만 주변 사람들로 인해 스트레스를 받을수있다""","
회사의 매출이 점점 높아지면서 규모도 키워나가고 미래 적으로 봤을떄 나쁘지않다
","
생산직의 힘이 너무 없으며 야근 강요 , 윗 사람들의 눈치 스트레스 가 매우 심하다
","
직원들을 너무 쪼아되면서 사기가 떨어지게끔 하지 말아달라
"
2022. 01,마케팅/시장조사,전직원,3.0,"""회사 분위기, 경영진 마인드는 정말 좋다고 생각. 그 외는 모르겠음""","
경영진분들의 마인드, 자유로운 회사 분위기 외 공짜 자판기, 커피 등
","
부서 잘 만나야 함. 아니면 바로 퇴사해야겠다는 생각이 듬
","
팀이 잘 관리가 되는지 확인이 필요 할 것 같습니다.. 겉으로 보기에는 모르니깐요
"
2021. 12,개발,현직원,2.0,"""회사 투자사로 넘어가고 그다지 좋아지는 느낌은 아님""","
연차는 쓸수 있음. 개발자들은 계속 채용하고 있는데...
","
경영진이랄까..어차피 귀족하고 평민 구조니...그사세가 안바뀔듯
","
어차피 직원들 어찌 사는지 관심없자나.괜히 평민 코스프레 마셔
"
2021. 12,개발,현직원,2.0,"""회사가 계속 커가는데, 직원은 계속 힘든회사. 근데 노는 애들은 그냥 막놀아도...""","
회사가 돈많음. 연차사용 쉽고, 간식자판기 있고, 출퇴근이 자유로움, 도서를 한달에 한권씩 사줌.
","
복지가 애매함.도서 한권 사주는걸 종류를 정해놓고,몇주년 카페쿠폰을 주는데 카페가없어짐.
","
뭔가 큰일을 저지를땐 어느정도 예고좀 했으면 좋겠음.갑자기 회사 이전을.. 최소한 한두달 전엔 예고했어야지...
"
2021. 12,개발,전직원,3.0,"""혁신을 꿈꾸지만 말뿐만인 혁신은 안하느니만 못하다""","
강남권 아니라 지옥철은 아님. 고대 바로 뒤편이라 교통이 괜찮음. 자차라면 불편.
","
주먹구구식 일처리가 좀 있음. 핵심 부서가 아니라면 개발 권한도 없이 책임만 있을수있음.
","
혁신은 좋지만 말뿐만인 혁신은 안하느니만 못하다.책임을 전가할거라면 최소한 권한이라도 주길.
"
2021. 11,연구개발,현직원,3.0,"""개발자 대우는 잘해준다. 사내 문화와 복지도 괜찮은 편. 하나씩 복지를 늘려가려하는듯 하다.""","
도서구입비 있고 사내 카페도 있음 자판기도 있어 간식 뽑아먹을수 있음나열하다보니 다 복지 얘기다. 복지는 괜찮음
","
워라밸이 팀바이팀이다. 업계 대비 고연봉을 준다하지만 실질적으론 그렇지 못하다. 보상이 적다. 고인물..
","
복지 개선하는 것처럼 연봉도 개선바란다.업무할 때 체계가 거의 없는데. 체계를 잡도록 도와줘야 할 듯
"
2021. 11,인사/총무,전직원,4.0,"""기술쪽아니었지만 복지하나는 확실하게 좋은곳입니다""","
연차윗사람눈치안봄 복지는참좋음 피드백가능 출퇴근은 시간만채우면 관계 없음
","
굉장히 호칭으로부터 자유로운곳 꼰대잇음 나몰라라하는부서존재함
","
복지는 참좋은데 경쟁하기 딱좋은 체계로 바뀐듯
"
2021. 11,마케팅/시장조사,전직원,4.0,"""연구소 중심으로 돌아가는 구조이며, 여타 다른 조직은 중요치 않다""","
성장가능성이 있고, 전망도 좋은 편이며 다들 알고 있다. 일 잘하는 사람도 있고 배울 만한 점도 있다. 기본적으로는 좋은 회사라는 믿음은 있다
","
일을 제대로 안하는 사람을 쳐내지 않고 땜빵하는 사람들을 호구취급해서 일잘하는 사람들이 오래 견딜수없는 곳이다. 이러다가 회사에 일 안하는 사람들만 남을 것같다
","
위에서 농담따먹기식의 이야기를 아무런 생각없이 아래다가 하라고 던지는 무책임한 행동은 자제해주었으면
"
2021. 08,기획/경영,전직원,4.0,"""깔끔한 글로벌 중소기업, 기술력 있고 제품 우수함""","
깨끗한 근무환경에 국내에 흔치 않은 기술기반의 글로벌 기업임해외출장 기회도 많음. 대부분 근로기준법에 맞는 대우ㅎ
","
직무간 차별요소가 있는것 같은데 어쩔 수 없는 부분이라 생각됨다닌지 오래되서 지금은 어떤지 모르겠음 성과주의 문화였던것 같은데 단점이라기보다 성향이나 문화라 생각됨
","
예전 경영진분은 대화하기도 어렵지 않았었고, 철학을 갖고 운영하셨다고 생각됨. 바라는점은 딱히 없었음
"
2021. 08,연구개발,현직원,1.0,"""많은 돈을 어떻게 쓸줄 몰라서 그냥 버리는 기업. 능력 안되면서 능력있는 척 하는 기업.""","
연차 자유로움. 자판기, 커피숍, 도서, 건강검진, 심리상담 등등 복지는 게속 늘려가는 듯. 수평적 구조.
","
능력 부족. 능력에 비해 돈을 그동안 너무 잘 벌었음. 능력없는 고인물들이 다 자리잡고 있어서 미래도 딱히 안보임. 사모펀드에 먹혀서 미래도 불투명함. 경영진들은 자기들이 대기업수준이라는 착각속에 살고 있으나. 그냥 동네 중소기업수준임.
","
능력없는 고인물들이 너무 많음. 문제는 다들 능력이 없으니 서로가 능력이 없는걸 인지를 못함. 새로운 능력있는사람들을 뽑아가며 회사를 키우려고 하지만 의미가 없음. 회사 주먹구구식 시스템+고인물 조합에 미래가 전혀 보이지 않으니 바꿔볼 의지도 안듬. 옥석을 가려내야함. 지금 까지 잘했으니 괜찮아? 아니 그러기엔 회사 규모를 너무 키우는중임. 제발 옥석 가려서 사람 굴려야 함.
"
2021. 06,연구개발,현직원,4.0,"""자유로운 수평같지만 수직적인 문화 일이 힘드니까 사람이 좋다""","
간식이 자유롭다 출퇴근이 자유롭다 연차를 자유롭게쓴다 카페테리아가 좋다 지하철역에서 가깝다 주변밥값이 저렴하다
","
야근에대한 보상이 없음 생각보다 없다 야근 너무 많음 그리고 은근 꼰대가 있고 왔다갔다 하면서 날리는시간이 너무 많음 규모 대비 주먹구구 너무 심햄
","
너무 허공을 휘젓지마세요.. 많이 일해보셨잖아요. 현실이란게 있다는거..0
"
2021. 05,개발,전직원,3.0,"""잘하는 개발자는 대우받을수있지만일은 힘들수있음 학교근처라서 주변에 먹거리가많음""","
탄탄한 자본력을 가지고있고중소기업치고 대우가 좋은편이다
","
분위기가 즐겁지만은 않은거같다눈치를 좀봐야하고 일이 재미없을수있음
","
좀더 트렌드에 맞는 기업문화를 만들어가야할거같음표면적으로는 좋아보이나 불만들이 쌓이고있음을 알아야함서로간의 소통이 자주있어야하고수평적인 문화가 자리잡혀야할듯
"
2021. 04,개발,현직원,5.0,"""개발자 대우 좋다개발 환경 좋다성장하고 있다앞으로도 유망하다영업이익이 좋다""","
회사가 계속 성장중이다시장 상황이 좋다개발자에 대한 투자가 좋다글로벌 기술력 보유
","
좋어지고 있지만 아직 복지가 약하다성장하고 있어서 체계는 부족한편기본급에 비여 상여금이 없다
","
이익달성시 상여금이 있으면 좋겠습니다복지문화에 좀 더 신경써주면 좋겠습니다
"
2021. 03,영업/제휴,전직원,2.0,"""HR이 가장 문제인 조직. 매년 반복되는 무논리에 지쳐 나가는 사람이 많음""","
워라벨이 좋은편, 자체 커피샾운영, 성장할수있는 기회는 있으나 본인 하기 나름. 사모펀드로 넘어가고 새로 부임한 대표님은 똑똑하고 합리적인편
","
연봉 체계가 엉망이며 쿨한척하는 꼰대들의 소굴이라 열심히 일할 마음이 안들거나 열심히 하다가 번아웃되어 나가는 경우가 많음
","
HR 반성하시고 임직원 제대로 챙기세요. 사람이 바뀌어도 언제나 엉망이고 커뮤니케이션 그렇게 못하는 인사팀은 처음이네요
"
2021. 02,개발,현직원,3.0,"""계속 성장하는 회사. 팀마다 잘하는 사람들이 많아 많은걸 배울수 있음""","
휴가에 대해서 전혀 눈치안보고 쓸수있음. 상하관계 나름 수평적
","
성과금 없음. 야근수당 없으나 야근 하는 사람 엄청 많음(팀마다 다른듯)
","
성과에 대해 보상좀 해줬으면 회사는 크는데 성과가 없으니 동기부여가 안됨
"
2021. 02,유통/무역,전직원,2.0,"""매출에 비해 직원들에게 나눠주는것이 별로 없음상여금,명정떡값 등등..업무량 엄청남""","
연차 눈치 안보고 쓸수있음회사에서 카페운영한달에 한권 도서구입가능
","
매출액이 좋은 강소 기업이지만 직원들에게 돌아오는것이 없음엄청난 생산량으로 업무가 많지만 상사들의 이해안되는 다른 업무지시가 많음청소 엄청 좋아함
","
회사는 혼자 성장 하는게 아니라 직원들과 성장한다고 생각하는데메디트는 직원들의 노고를 아는지모르는지..회사원의 최고의 대우는 승진과 급여임
"
2021. 02,마케팅/시장조사,전직원,4.0,"""개발중심인 부분이 없지 않아 있지만 자유롭게 의견 낼 수 있고 수용 가능한 분위기임. 사내 문화는 나쁘지 않지만 주먹구구 식으로 진행되는 일들이 있음""","
본인 노력에 따라 기회가 주어짐 적극적 마인드를 가진분이라면 추천
","
비효율적으로 진행되는 업무들이 있으면 왜 이 회사에 있는지 모르겠는 사람 다수 존재
","
실제로 잘 운영되고 있는 것 같지만 눈가리고 아웅식의 업무들이 다수 존재합니다
"
2021. 01,생산관리/품질관리,전직원,4.0,"""스스로 일을 찾아서 창의적 활동을 하는 사람을 좋아하는 회사이며 그런사람에게 작지만 보상을 하는회사.""","
스스로 일을 찾아서 창의적 활동을 하는 사람을 좋아하는 회사이며 그런사람에게 작지만 보상을 하는회사. 대표님이 바뀌기 전에는 그랬던것같으나 지금은 모르겠음.업무를 자유롭게 할수 있으나 결과에 책임을 질주 알아야 함.망하지 않을거 같은 회사. 매출 대비 순이익이 엄청난 회사.향후 발전 가능성이 무궁한 회사. 단 창의적 발상을 계석 이어 갈수 있다면....업무에 있어서 아직 프로세스가 부족하지만 발전하고 있으면 셋업 쪽에 관심 있다면 도전해 볼만함.아직 모두가 프로폐셔날하진 않음.
","
업무에 있어서 아직 프로세스가 부족하지만 발전하고 있으면 셋업 쪽에 관심 있다면 도전해 볼만함.아직 모두가 프로폐셔날하진 않음.복지나 점심을 제공하지 않는점 등이 매우 부족함.
","
창의적 발상으로 회사가 지속적으로 영속 될수 있길 바라며 이익 만큼 직원들에 대한 보상이 필요함
"
2021. 01,연구개발,현직원,5.0,"""누군가 지인이 들어오고 싶다고 하면 무조건 추천합니다""","
최신 소식 알려 드립니다 무료간식자판기가 들어왔습니다 언제까지 무료일지는 모르나 입사하셔서 무제한 뽑아드세요
","
책 세권에서 한권으로 줄었는데 빨리 복구시켜줬으면 좋겠네요
","
영업만 아니라 다른 부서도 인센 주세요 말로만 준다고 하지마시고
"
2020. 12,개발,현직원,3.0,"""신입으로 들어오면 좋은 회사. 성장세는 눈에 띄지만 만들어놓은 프로덕트 덕이고, 이렇게 주먹구구식으로 돌아가면 언제까지 갈지...""","
성장세가 눈에 띄고 업계에서는 글로벌로 손에 꼽는 기업이다.신입으로 들어오면 회사 규모 대비 성장하긴 좋은 환경이다.연차에 대한 압박은 절대 없다. 2주를 붙여 쓰는 사람도 있음.
","
업무 프로세스가 개판이고 정치가 굉장하다. 일을 주먹구구 식으로 하고 리더들 입맛대로 굴러간다.카르텔이 있고 그 쪽 라인 아니면 높이 올라가긴 힘든 회사.곳곳에 월급 루팡들이 있다. 특히 시니어급. 맘먹고 루팡하려면 얼마든지 할 수 있는데 이건 장점인가?
","
업무 프로세스 개선에 신경 좀 썼으면 좋겠습니다.빅마우스 한두명한테 휘둘리지 말고, 전반적인 사용자 반응을 보고 의사결정을 하시길.복지는 왜 계속 줄여 나가는지... 생색 말고 진정한 복지에 신경써주세요.
"
2020. 12,의약,전직원,3.0,"""개발자가 대우 받으며 일할 수 있는곳.그외 업무는 공장직 노동자 대우""","
회사 소유 커피샾에서의 자유로운 주문신축 리모델링해서 근무 환경 밝음스마트 오피스로 입출입이 편함
","
부서간 눈치를 많이 보며 사내 정치가 만연하고개발부서 이외 타부서 그저 스쳐가는 직무최근 IPO 공개로 일부 직원만 혜탹을 보고 있음
","
외연 확장보다는 직원의 만족도를 높여 주세요
"
2020. 12,연구개발,현직원,2.0,"""모든 회사가 그렇겠지만 부서마다 다른 분위기,,좋은부서는 한없이 좋고, 그렇지 않은부서는,,정말 힘들다,,""","
커피가 공짜, 도서 지원(무제한에서 한번으로 줄임,,), 회사가 깨끗하다,,
","
회사가 급성장해서 그런지,, 이잔과 같은 책임회피 프로세스,,그냥 중소기업같다,,
","
화사 성장률은 좋은데 그에 대한 합당한 보상도 필요하다고 생각합니다.
"
2020. 10,개발,현직원,4.0,"""디지털 덴티스트리 분야에서 선도적인 역할을 하며 글로벌 탑티어회사로 그것에 걸맞는 대우와 환경을 가지고 있다 그래서 외국계 회사라는 오해도 많고 국내 경쟁사에서의 제안도 많다""","
개발자가 개발 외적으로 불필요하게 해야할 일들이 없고 생활 역시 출퇴근 복장 같이 자잘하게 불편하게 하는 요소 없이 개발에 집중할 수 있다 40명이상의 대규모 개발인원이 투입되는 프로젝트이기 때문에 발생하는 여러 상황을 좋은 리드 개발자와 좋은 개발론을 통해서 풀어가고 있다
","
사무실 위치가 판교도 강남도 아니라는 점전문 경영인이 오면서 단기적인 성과에 치중하기 시작했다는 점그나마 있던 복지가 줄어드는 점
","
성과도 좋지만 시간이 필요한 부분에서는 어느 정도 기다림도 필요합니다 그것이 현재 성과를 내는 부분에서도 동기부여가 됩니다 많지 않은 복지를 더 이상은 안 줄였으면 합니다
"
2020. 07,개발,현직원,4.0,"""3D Scanning 기술을 선도하는 회사, 덴탈 스캐딩 파이가 커서 발전 가능성도 무한함""","
1. 자율 출퇴근제, 8-10시 사이 출근해서 점심시간 빼고 8시간만 근무하면 됨2. 반바지 입고 근무 가능3. 덴탈 스캐닝 분야에 입지를 크게 가져가서 당분간 회사 문제 없음, 튼튼함4. 아직 일류는 아니기에 나아갈 방향이 있다. 더 성장할 수 있다.5. 사내 카페가 있어서 좋다.
","
1. 단기간에 급격하게 성장해서 그런지 성장통이 있다. 몸집에 비해 팀간 프로세스가 정립되지 않은 부분이 많음, 팀 간 이해가 필요2. 소소한 복지들이 없다. 동호회 지원 등..
","
회사가 큰 흔들림 없이 나아갔으면 합니다. 이를 위해서는 인적 자원에 좀 더 신경쓸 필요가 있습니다.중요 인재가 떨어져나가는 것을 막기 위해서라도 소소한 복지에 좀 더 신경써 주시길 바랍니다.
"
2020. 06,기획/경영,현직원,3.0,"""빠른 성장을 하고 있는 기업해당 사업분야에 글로벌 넘버원이 될 가능성은 충분한 기업""","
사원복지 확대에 노력을 기울이는 기업글로벌시장에서 인정받는 기업
","
부서간, 부서내 업무 진행 프로세스가 아직 미흡하여 비효율적인 부분이 많음
","
외형적 글로벌 넘버원을 바라봄과 동시에 내부적으로 그럴만한 실력이 있는지 확인해봐야 할 단계
"
2020. 06,개발,현직원,4.0,"""일하기괜찮음. 사람들 성격이 대체로 조용함.""","
연차를 자유롭게 쓸 수 있다. 급여인상률이 꽤 괜찮다. 비교적 수평적인느낌
","
인센 1도없다. 점심식대가없다.업무적으로 체계가 더 필요하다
","
힘든시기이지만 빠르게 발전해서 도태돼지않는 기업으로 성장하길
"
2020. 04,금융/재무,전직원,3.0,"""꾸준한 성장으로 앞으로도 성장이 기대됨, 복지가 매우 좋음""","
군대식 조직문화는 별로 없고 거의 수평적, 복지가 좋다, 다 챙겨주려고 한다
","
부서별로 업무의 중요성을 다르게 인식함,  업무가 많아도 그냥 해야된다. 시간 내 업무를 수행 할 경우 업무가 적은줄 안다.
","
사업이 성장하는 만큼 부서별 동등하게 인력을 추가한다면 더욱 더 발전이 있을 것 같다.
"
2020. 03,영업/제휴,현직원,1.0,"""아무리 좋은 성과를 내도 보상은 없는 회사직원 귀한줄 모르는 회사성장을 아무리해도 체계는 찾아볼 수 없는 영원한 중소기업무능한 윗대가리들 정치판만 활발한 회사""","
산업 전망은 좋은편. 국내 의료기기 제조사중 그나마 성공한곳
","
직원들 단물빨고 버리는집단. 심지어 최근엔 사모펀드가 회사 인수함. 몇년 연속으로 매출이 더블인데 직원들 보너스가 한번도 안나간 회사
","
당신들 잘난맛에 사는것도 다 상관없는데 직원들 생각도 좀 하시길. 생각 안할꺼면 계속 그렇게 운영하되 문제 파악하고 고치려는척 쇼는 좀 하지맙시다. 문제 다 알면서 모른척 물어보고 결과는 어차피 답정너
"
2020. 03,엔지니어링,현직원,5.0,"""이정도면 꽤 훌륭한 회삽니다 최소 전 직장에 비하면ㅎㅎ""","
제조업체가 이 정도면 꽤 수평적이라 생각합니다아직 사규가 많지 않아요 그만큼 자유롭습니다 다른 분들 제발 이걸 악용하지 맙시다 그 순간 사규는 생기는 거에요임원진의 마인드가 꽤 유연합니다 크게 압박하는 그런 건 없어요 타부서는 모르겠음개발에 열심입니다 발전 가능성이 높아요8시~10시 자유 출근제 이전 8시까지 회사다니다 그런진 몰라도 이거 하나만으로도 삶의 질이 많이 상승했습니다
","
주식을 갖고 있는 오래되신 분들의 불만은 알겠으나.. 이 정도면 정말 훌륭한 회사에요 여기 잡플래닛 2점대 회사를 직접 다녀 본 바로는 최소 평점 3점이상은 되는 회삽니다다만 식대가 없는 점 흑자폭은 점점 커지는데 인센이 1도 없는거 복지가 제자리 수준인거 빼고는...
","
복지 좀 늘려주세요 복지가 곧 애사심입니다 똑똑하신데잘 아실 거잖아요 아님 이제 회사는 아웃 오브 관심인가요?
"
2020. 02,개발,현직원,5.0,"""미래가 밝고 비전있는 기업인것 같습니다. 좋아요""","
연차 및 휴가를 쓰는것에있어 자유롭고 직위가 통일되어 보다 평등한 위치에서 업무가 가능한것이 가장 큰장점입니다
","
큰 단점은 없지만 상황에따라 퇴근시간이 늦어질수는 있습니다 바쁜기간에는 할일이 많습니다.
","
군대 문화가 없어지기위하여 노력을 많이한 기업이라는것이 보입니다 앞으로도 직원 복지 및 업무 편의를 보장을 위해 노력해주세요
"
2019. 12,생산/제조,전직원,2.0,"""야근폭발. 대표가 야근 하는 사람을 맘에 들어함, 늦게까지 회사에만 있어도 이쁨 받을 수 있음.""","
자유롭고 권위적이지 않고 직원들에게 자율적으로 하게끔 지지해주는 것 같은 분위기를 조성해준다.
","
자유로운 척 하지만 계속 드러나는 권위적인 회사 상사들..
","
인사팀이 사적인 감정을 넣어서 직원 평가를 하고, 맘에 안드는 직원은 나가게끔 눈치를 주는 데, 그런 부분들을 잘 살펴보고 인재를 구별 해야 하는 안목이 필요할 듯.
"
2019. 12,마케팅/시장조사,현직원,5.0,"""온라인 마케터로 기본부터 하나하나 배우며, 내가 제일 잘할 수 있는 능력을 키워나갈 수 있는 배경을 만들어주는 회사""","
어느 회사보다 자유로운 분위기 하나는 뛰어남누구하나 모난 팀원이 없어서 좋음사옥이 깨끗하고 생활하는데 불편함이 없음고대 근처라 먹거리가 많아서 뭘먹어야할지 고민됨
","
많은 직원이 함께 할 수 있는 행사나 프로그램이 따로 없음
","
회사가 성장하면 예전보다 직원들도 많아져서 한명한명 신경을 쓸 수는 없지만 최대한 직원들도 생각하며 함께 성장할 수 있는 회사가 되면 좋을것 같다.
"
2019. 12,개발,전직원,2.0,"""개발자들만 우대해주는 회사입니다.내부직원들 다 신경쓰새요...""","
연차 자유롭게 사용하며간식자판기 무한제공해줍니다.꾸준한 인상률도 있습니다.
","
각부서별 팀장들 이상흡니다...업무강도는 부서별 캐바캐입니다.사모펀드들어오고 회사분위기 엄청이상
","
복지, 연봉 , 인센티브 신경써주시고 편안한 회사로 만들어주세요
"
2019. 11,생산/제조,현직원,1.0,"""능력있고 젊은 친구들에게는 추천하고 싶지 않습니다.능력있고 경력 많으신 분들에게도 추천하고 싶지 않습니다.작성한 기업의 장단점을 꼼꼼히 읽어 보시고 지원하시길 바랍니다.""","
1) 연차를 자유롭게 사용 가능2) 입사 후 내년 연차 땡겨서 사용 가능2) 회사 카페 무료 이용(커피류만)3) 임원 팀장을 제외하고 직책은 한가지로 통일4) 회사가 급격하게 성장중
","
1) 채용공고 광고성 멘트와 상반된는 매우 낮은 연봉2) 연말 상여 없음, 설날 추석 떡값 없음. 연봉을 제외한 어떤 수당(야근,주말특근)도 없음3) 연봉에 점심 식대 포함4) 외국계 문화라 홍보 하지만  매우 수직적인 구조5) 부서별 모자란 인원 충원 잘 안됨6) 야근 강요 하지 않지만, 업무가 많아 야근을 해야하는 구조7)
","
회사가 성장하고 성과가 많았으면, 그에 따른 적절한 보상을 하시고 복지도 늘리세요.그렇게 안하시니까, 능력있는 사람들이 경쟁사 및 다른 기업들에게 빼앗기는 것입니다.다들 쉬쉬, 나갈 땐 아니라고 하지만 대게 경쟁사로 이직 합니다.
"
2019. 09,개발,전직원,2.0,"""연구소 직원만 대우 받는 느낌이다. 연구소 직원을 우선적으로 챙긴다.""","
복지혜택으로 카페가 있었다. 카페에서 음료는 눈치 안보고 먹을 수 있어서 좋았다.
","
관리직 인사를 너무 허술하게 해서 팀원으로 너무 힘든 회사 생활을 했다. 적합한 전문성과 철저한 인사 검증이 아쉬웠다.
","
핵심 부서만 챙기고 다른건 알아서 잘 돌아가겠지라는 안일한 생각은 안가졌으면 좋겠다.
"
2019. 06,연구개발,전직원,3.0,"""성장속도가 빠름 그만큼 업무가 많고 바쁨""","
유연한 출근시간 조정 가능 회사 내 카페 운영을 비롯한 직원 복지에 신경을 많이 씀 학원비도 지원해줌
","
수평적 조직이라 말하나 수직적임 업무 양이 많아 야간 근무가 자주 있음 주말 근무도 필요시 있음 하지만 야간 근무수당 지원 없음
","
합리적인 복지와 보상 체계 마련이 필요함 업무량의 적잘한 분배가 필요하다 생각
"
2019. 06,연구개발,현직원,1.0,"""3D스캐너 기술자의, 기술자에 의한, 기술자들만을 위한 회사""","
1.사내 카페와 도서 구입을 무료로 지원해 준다.2. 일부 라인을 탄 직원들은 거의 카페에서 하루종일 놀다 퇴근해도 될 정도로 업무량이 여유롭다.
","
1. 사내 정치가 심해서 업무 피로도가 높다.2. 일부 괴팍한 임원 밑에 있으면 업무량이 많다.3. 일부 무능한 팀장 밑에 있으면 잡무에 시달린다.
","
앞으로 이 회사를 5년 정도만 경영할 것이라면 이렇게 운영하셔도 좋습니다.
"
2019. 05,개발,현직원,5.0,"""발전가능한 회사고 앞으로의 비전이있는회사임그리고 직원들의 생리를  보장해주는그러한회사""","
직원들이 일을 딱딱마칠수있게 시간의기준을 딱잡아줌또는 6시30 이후에 업무에서도 야근을하지않도록 전화를통제또는 성장 가능성이 높은 기업이라그생각함 여러도전과나아가는 진로로보았을때 좋은기업이라고생각합니다.
","
아직까지는 성장기업이다보니 해야할것도많고 도전할것도 많다보니 어떻게 체계가 나아가야하는지 모르고있음 그래도옆에회사인 디오보다는 좋은거같음 디오는 맨날야근에 돈도 쥐꼬리 만큼 받는 그런회사임 개헬임
","
모든치과업계가 다힘들다고하지만 그중에서도 힘든상황속에서복리후생을 지키는 그러한회사가 되었음 좋겠다.
"
2019. 04,개발,전직원,1.0,"""잘나간다고 언론에 홍보는 하지만 내부는 썩어들어가는 회사수평적인 분위기를 가진 외국기업같은 회사라고 늘 이야기하지만 현실은 위에서 까라면 까야하는 군대식 문화.야근을 은연중에 강요하고 일이 너무 많음기회를 준다는 이유로 담당업무. 파트가 아닌 다른 업무까지 맡아 해야함""","
사내카페가 있어 무료로 음료를 먹을수있다 장점이 뭐가 있지 고대 주변이라 밥값이 저렴하다.이 또한 학생들 개강하면 식당에 자리가 없어 문제지만...
","
군대식 꼰대식문화 장착, 과한 업무량과 야근을 해야 일을 많이하고있다는 구시대적 사고방식을 가지고 있음.
","
사공이 많아 엉망징창이다.사공을 줄이던지 .. 계획을 잘 잡고 가면 좋겠다.
"
2019. 04,영업/제휴,현직원,5.0,"""국제적 시스템화가 되어있어 해외 영업하는데 보람차게 결과를 낼 수 있는 곳.  치과 디지털 스케닝 장비 및 IT 계열에서 국내 1위 세계 3위 안에 듬.""","
성장하는 회사. 사네 문화 및 호칭이 큰 장점: 프로와 책임으로 나뉘어 있고 각 부서의 분업이 잘되어 빠르게 바뀌는 사업 환경에 대한 대응이 신속함.
","
전 세계를 커버하다 보니 해외 출장시 거리가 매우 길다는 점.
","
회사일원들에게 직업/직장으로 찾는게 불가능 할 정도로 좋은 직장과 기회를 제공해 주셔서 감사하빈다.
"
2019. 04,서비스/고객지원,현직원,1.0,"""성장보다 성장통이 더 큰 회사. 신규 인력은 갈피를 못 잡고 기존 인력은 탈출만을 꿈 꾸는 회사.""","
연차 사용 부담 없음카페, 도서지원회식 강요 없음 야근 압박 없음
","
체계 없음업무 프로세스 없음회사가 어느 방향으로 나아가야 하는지 아는 사람 없음대규모 인력이 다같이 삽질하는 느낌
","
적당히 똑똑해 보이는 신규 인력을 데려올 것이 아니라 정말로 경험 있고 실무 추진력 있는 리더급이 필요함
"
2019. 02,마케팅/시장조사,전직원,3.0,"""현재는 잘 나가고 있다고 하지만, CEO의 판단이 적절한지 의문스럽다.""","
자유로운 분위기 속에서 일할 수 있고, 유연 근무제 등을 통해 자유롭게 일할 수 있는점
","
명확한 방향성을 제시하고 그에 맞게 회사가 나가는지 의문스럽다
","
기업의 중, 장기 목표 설정과 채용 등 전체적인 방향에 일관성을 유지해주시면 좋겠습니다.
"
2019. 01,영업/제휴,현직원,5.0,"""경쟁력있는 핵심기술을 토대로 성장하는 작지만 강한 회사""","
자율적이고 수평적인 분위기카페이용, 북클럽 등 알찬 복지무엇보다 성장하는 회사에서 얻는 다양한 경험
","
서울 시내 위치로 협소한 주차공간부서 간 힘의 불균형언론 홍보에 비해 낮은 연봉작년 매출 두 배이상 성장했음에도 포상 없음
","
경영진이 관심없는 부서엔 인적자원관리나 업무적 지원이 소홀합니다. 부서별로 차이가 큰 근속년수만 봐도 알수 있을텐데 보고도 못받고 인지도 안되는 듯 합니다 더 발전하는 회사가 되기 위해선 어떤 부분을 보강해야 할지 살펴보는 균형있는 안목이 필요합니다
"
2019. 01,영업/제휴,현직원,5.0,"""새로운 장비가 끊임없이 연구, 개발되고 있는 회사로써, 좋은 제품을 해외 신규 고객사에 판매 하는 해외 영업 직종으로 보람을 느낄 수 있는 회사.""","
자유로운 분위기이며, 직책이 없이 팀장, 팀원으로만 구분되어 있어 의소소통에 장점이 있습니다. 또한 사내 카페 운영 및 도서구입비지원 제도가 잘 되어 있습니다. 무엇보다 회사가 성장하고 있는 상황이라 업무에도 좋은 기회가 많이 있습니다. 탄력근무제도 가능하여 출,퇴근시간을 본인에 맞춰 조정할 수 있습니다. 또한 휴가제도도 잘 구비되어서 눈치 보지 않고 휴가를 사용할 수 있습니다. 연말에 10여일씩 휴가를 쓸수도 있습니다.
","
회사가 급성장하는 과정이다 보니 몇몇 성장통이 있는것 같습니다. 갑자기 많은 신규 인원이 들어오면서 아직은 낯선 사람들도 보이며, 직원들끼리의 관계 형성을 할 수 있는 기회가 좀 더 많았으면 좋겠습니다.
","
아직 입사 초기인 상황이라 딱히 생각 나는 것은 없습니다.
"
2018. 12,영업/제휴,현직원,5.0,"""전체 임직원들이 한 곳에 모이는 소통 모임을 하고 있으며, 직원들의 복지 등에 관심을 갖는다.""","
연차를 눈치 안보고 사용 할 수 있으며, 중소기업 중 괜찮은 복지를 가지고 있다.(사내카페, 도서구매)
","
수평적인 소통 구조라고 하지만 간혹 수직적으로 일을 하는 경향이 있다. 전체 임직원이 모여 소통을 하는 구조가 있지만 한달에 한번은 너무 많은것 같다. 참석하지 못하는 경우도 있고 횟수가 너무 잦아 필요성을 느끼지 못한다.
","
직원들의 말을 귀를 기울여 주고 해결 방안을 같이 찾아 주었으면 한다.
"
2018. 12,생산/제조,전직원,3.0,"""단순반복적 하는일이 딱히 어렵지는 않다 근무환경이 편편한 편임""","
카페를 무료로 이용할 수 있다        식비가 따로 나오고 야간수당도 나온다
","
카페를 가거나 사람들과 이야기를 할때 사람들 눈치를 많이보게되고 정직원이 되기 싶지않다
","
직원들의 불만에 관심을 갖고 좀 해결해 줬으 좋겠습니다
"
2018. 11,생산/제조,현직원,4.0,"""직원이 대우받으며 일할 수 있는곳이고 일하면 할수록 거기에 맞는 결과를 얻을 수 있다.""","
연차를 윗 사람 눈치 보지않아도 쓸수 있다.회사 카페가 있다
","
복지 제도등 다양하게 있지만 계약직일때는 일부 제한이 있다
","
직원들의 불만을 들어주고 그에 맞는 해결을 방안해주셨으면 좋겠다.
"
2018. 11,마케팅/시장조사,현직원,4.0,"""2000년 산업용 3D 스캐너를 시작으로, 덴탈 3D 스캐너와 CAD/CAM 솔루션, 구강 스캐너 등 성공적인 신제품 런칭 및 세계 시장에 지속적으로 도전하고 있는 기업""","
경영진들의 마인드, 비전, 사업의 방향, 성장세 모든 것이 만족그 외의 장점으로는,1. 타 기업 대비 높은 연봉2. 음료, 까페 무료 이용 가능3. 도서비용 무료 지원(책 소장 가능)4. 노트북 지원
","
외국계 기업의 분위기를 추구하다보니(실제로 외국인 직원들이 회사에 많음) 국내 기업들의 끈끈함은 없음, 본인 업무만 하는 식의 분위기
","
지금 높은 성장세로 신규 인력들도 많이 보이는 만큼 과도기라는 느낌도 많이 듭니다. 조직이 화합할 수 있도록 많은 프로그램이 진행되면 좋겠습니다.
"
2018. 10,생산/제조,전직원,1.0,"""최종소비자를 중시하지만 개발자만 더 중시하는 기업이다.""","
1. 연차는 다른 회사보다 많다고 판단됨2. 회사 카페 이용이 자유롭다.
","
1. 연차는 눈치를 보면서 써야되는 기업 2. 카페는 이용하면 눈치를 주는 기업
","
1. 모든 부서를 생각하는 기업 2. 모든 인원이 평등한 기업
"
2018. 08,전문직,전직원,3.0,"""전체적으로 젊은 기업으로 느껴지고 국내 일반적인 수직화되고 경직된 분위기에서 탈피하려고 함""","
수평적인 사무실 분위기. 사옥이 서울 대학가에 위치해있어 주변환경이 젊음. 사내 복지를 늘리려고 함
","
외국계 기업문화를 추구하나 정착되기까지 시간이 필요함 수평적인 문화 실현을 위해서는 개인의 업무평가 및 직무기술에 대한 명확화가 필요함
","
보여주는 식이 아닌 사람들이 원하는 회사를 만들수있는 요소를 실현시킬 수 있는 동기가 필요. 웹페이지가 제품정보를 알기에는 적합하지만 회사정보에 관해서는 불편한 점이 있음
"
2018. 08,서비스/고객지원,전직원,3.0,"""기회가 많은 회사 단, 아직 체계가 없다 혼란스러운 사내문화""","
카페에서 음료제공 도서구매지원 자유로운 복장 나름 수평적 분위기
","
비합리적인 인사제도 아직 정립되지 않았을듯 수평조직속 무능한 일부 리더들
","
무능한 리더들로 인해 열심히 하려는 조직원들도 떨어져 나감일부 리더중 소위 멍게들이 있음
"
2018. 07,연구개발,전직원,3.0,"""개발과정에 직접 참여할수 있는 환경 ! 개개인의능략에따라 대우받는 회사""","
외국계기업같은 자유로운 사내분위기와 원활한 의사소통 수평적 분위기
","
능력이 따른 보상에 차별이있을수 있음 개인의.역량에.따라.스트레스가 있음
","
체계적인 업무시스템과 신입교육이 잘 이루어졌으면 좋겠음
"
2018. 05,개발,현직원,4.0,"""자유로운 분위기에 적당한 복지 제도. 능력에 따른 보상이나 기회에 차별이 있음.능력있는 개발자에게는 좋은 대우를 해주고, 배울 것도 많지만 개인 역량에 따라서 많은 스트레스를 받을 수도 있음""","
3차원 스캐닝 관련 최고의 기술력을 보유하고 있고, 향후 더욱 성장할 가능성이 높음. 직급에 관계 없이 자유롭게 소통을 할 수 있는 분위기. 사내 IT 시스템을 통한 투명한 정보 공개. 자기가 할 일만 잘 하면 눈치 안보는 근태관리. 사내 카페에서 다양한 음료 제공.
","
업력은 오래되었지만, 아직 전반적으로 스타트업 같이 정리가 안된 부분들이 많이 존재함. 직군과 능력에 따른 차별이 있음. 팀웍보다는 개인의 능력에 의존하는 경향이 있음. 교육시스템이 부족함.
","
경영진은 직원들과 좀 더 소통의 기회를 많이 가지려고 노력해야 함. 사무실 환경 개선에 좀 더 신경 써줬으면 좋겠다.
"
2018. 05,개발,전직원,2.0,"""자체 개발 제품이 있어 안정적이지만 삶의 질은 기대할 수 없음""","
안정적이며 사내카페 등 전체적인 복지 수준은 좋은 편입니다직무 관련 역량을 배울 수 있으며 R&D에 많은 지원을 합니다.회사 소유 사옥에서 근무합니다.
","
겉으로 보이는 것과 실제에 차이가 있고 업무량이 많아 개인 삶을 챙길 수 없고 야근을 강요합니다. 자유로운 업무환경을 추구하지만, 군대식 문화입니다.팀별 차이가 있으나 무리한 일정으로 개인 역량을 키울 시간은 존재하지 않는 편입니다.
","
합리적인 의사결정이 필요하고 직원을 존중하는 문화를 만들었으면 합니다.
"
2018. 04,연구개발,전직원,3.0,"""개발자가 매우 대우 받으나, 소속되는 개발 그룹에 따라 매우 다른 환경을 겪음.""","
개인역량이 된다면 그 역량으로 많은 일을 하게 됩니다. 소속되는 개발그룹에 따라 개성이 강한 차이가 있습니다.매우 띄어난 기술을 보유 하고 있습니다.개발지원이 매우 많습니다.회사 자체 카페가 있어서 자유롭게 커피를 마실 수 있습니다.회사가 소유한 사옥에서 근무 합니다.
","
개인역량에 따라 그에 맞는 일을 하게 되지만 그 책임도 그대로 개인에게 전가됩니다. 소속되는 개발그룹에 따라 특이점이 매우 상이하며, 임원진 일부는 타인을 매우 힘들게 하지만 아무도 그런점을 거론할수 없음.열린 마인드로 일 한다지만 사실은 모두 닫힌마음으로 일 합니다.각 자리마다 칸막이를 금지하는 이유가 대화를 많이 하기 위해서라고 하는데, 이건 매우 이해할수 없었습니다.
","
열린 소통이니, 많은 대화니 하는건 다 좋습니다만 정작 경영진 분들은 타인의 생각을 들을 마음이 없다고 판단 됩니다.일의 집중을 위해 최소의 공간을 확보 하는 대신 마치 서로 감시 하라는 듯 공간분할은 못하게 하는 걸로 판단 됩니다.아니라곤 하지만 일부 임원진들의 강압과 오지랖은 이해할수 없는 수준 입니다.일부 임원진들의 편파적인 모습은 꼭 고쳐지면 좋겠습니다.
"
2018. 04,연구개발,전직원,2.0,"""제대로된 회사에서 일했던 개발자라면 얼마안있어 멘붕을 맛볼수있는 개발구조이다. 한가지 예로 설계단계를 건너뛰고 아이디어만으로 개발을 시작해야한다던가. 그 외에도......""","
연차쓰는게 자유로운편. 그외 분위기 자체가 약간 프리한편. 사내 카페가 있어서 커피는 많이 먹을 수 있다.
","
일단 개발자 입장에서 어마어마한 스트레스를 받는다. 일정은 나와있는데 설계된 것이 없다. 개발자 스스로 설계해야 하는데 문제는 무엇을 만들지 모르는데 아이디어 하나만으로 개발을 해야된다. 장비와 연관된 프로그램을 개발해야 되는데 장비가 개발이 안끝난 경우도 허다하다. 하지만 당신의 일정은 정해져있다.
","
언제까지 주먹구구식으로 제품개발 및 서비스를 진행할 것인지 모르겠다. 직원 평가 기준이 말이되는것이 하나도 없다. 경영진 스스로 평가서 작성해 보고 못느끼면 결국 거기까지인 회사이다.
"
2017. 09,연구개발,전직원,2.0,"""덴탈 종합 스캔 서비스를 제공하려는 회사입니다국내보다는 해외에 중점을 두고 있습니다""","
연차 사용이 자유로운 편이고 사내카페가 있어 무료커피가 제공됩니다안암 지하철역에 가까워 출퇴근이 편리한 편입니다
","
1. 야근 강요요즘같은 시대에 대놓고 야근을 강요합니다. 야근의 수준도 9시 이런게 아니고 새벽까지 과다업무 하는경우가 매우 빈번합니다.  당연시 하는 분위기이고 황당한것은 야근 수당도 없습니다 2. 분위기연구소 분위기는 마치 파벌을 보는듯하고 최근 몇년사이 더욱 심해졌음 3dxxxxxx에서 대거 인력이 이직했고 사장님 연구소 출신의 연구원들로 이루어져있습니다그 외에 나머지 인력들은 대부분 잡업무를 하거나 업무분배에 대한 불공평등 이건 가서 느껴보시면 어떤 분위기인지 압니다 직원들 편가르기 시키고 무시하는 연구소 리더들은 반드시 이 회사의 미래를 말아먹을 사람임을 아셔야 할겆이다 3. 급여중소기업 수준의 급여. 연구소 급여차이가 매우 큰걸로 알고있으며 야근 주말출근을 해도 연봉에 포함되어 있기 때문에 매우 불합리 합니다 4. 미래기존 핵심멤버들이 대거 퇴사한 몇년을 지켜보며 경쟁사에게 많은 파이를 뺏기고 점점 경영사정이 좋지 않아질것으로 예상합니다
","
직원들에 대해 평등한 기회와 조건으로 대하세요학벌 기존 회사 출신으로 편가르기 하는 경영진에 물음표를 표합니다사장님의 진보적인 프로젝트 확장 의지처럼 기업이 몰락하지 않기를 진심으로 바랍니다
"
2016. 05,연구개발,전직원,1.0,"""조금만 다녀보면 보여지는 모습과 얼마나 다른지 알수있다.혹시 입사를 하고자 하는 사람이 주위에 있다면 말리고 싶은 회사. 비전은 사라진지 오래이며 정치인만 남아있다.""","
매출은 나온다.중소기업치고 연봉도 높은편.기업 평점이 무려 3점대. (회사를 사랑하는 직원이 많은건지 누가 시켜서 뭣도 모르는 신입들이 리뷰를 작성한건지는 본인들이 판단바람.)
","
경영진 말이 대부분이 거짓이다.오랜기간 재직한 직원들은 사장의 라인이거나 무능력자 혹은 둘 다. 비전도 없다 수년전 나온제품 우려먹기 중이다.업무보다 기존에 튼튼하게 결속되어있는 패거리들의 행패를 보는게 더 어렵다.
","
어차피 안바뀔거 안다. 그래도 적자면젠틀한척 스마트한척 이제 그만알사람은 다 안다
"
2015. 09,연구개발,현직원,2.0,"""다양한 일을 접해볼 수 있다. 스스로 성장하는 인재를 선호한다.""","
대부분의 제품을 수출하는 회사로 경쟁력이 있다.경기를 적게타는 편이라고 알고있다.
","
기업관리가 체계적이지 못하고 편파적인 부분이 있어서 관리 누수가 있다.보여지는 부분이 좀 과장된 부분이 있다.
","
인간을 중심으로 하는 경영이 필요하며, 권한과 책임을 적절히 부여하여야 하고 문제의 원인에 대하여 명확한 해결방안을 제시하여야 한다 .
"
2014. 04,기타,현직원,3.0,"""기회를 제공한 회사다""","
자유로운 복장
","
일이 많다
","

"
