﻿날짜,직무,고용 현황,별점,요약,장점,단점,경영진에게 바라는 점
2023. 10,,현직원,4.0,"""본인의 업무 역량을 펼치기 좋은 곳""","
회사가 스타트업이라 연령대가 젊은 편, 수평적인 구조라서 의견 반영이 쉬운 편직원 복지도 계속해서 늘릴 계획이라고 함
","
장점과 마찬가지로 단점도 업력이 아직은 얼마 안 되다 보니, 안정적인 회사 생활을 원하는 사람에게는 비추
","
수평적 조직 문화가 깨지지 않고 오래 유지되길 바람
"
