﻿회사명,주요 업무,자격 요건,채용 절차,복리후생,회사위치
(주)세나테크코리아,"세계로 나아가는 세나테크코리아는
Mobile, Display, Mobility 분야의 어플리케이션 제품구현의 선구자로서 관련 금형기술과 축적된 노하우를 바탕으로
최고의 솔루션을 개발하여 최상의 품질을 제공하기 위하여 끊임없이 노력하고 있습니다.
글로벌 시장변화에 대하여 지속적으로 기술력을 혁신하고 고객에게는 신뢰를 제품에는 믿음을 드리는 기업
세나테크 코리아에 많은 지원 바랍니다.","ㆍ학력 : 대졸 이상 (2,3년)
ㆍ경력 : 경력 5년 ~ 8년(과장, 대리, 차장급)
ㆍ기타 필수 사항
   - 해당직무 근무경험",서류전형-1차 면접-최종합격,"교육/생활 창립일행사, 점심식사 제공
급여제도 퇴직연금, 상여금, 장기근속자 포상, 4대 보험
선물 명절선물/귀향비, 생일선물/파티
근무 환경 휴게실, 전용 사옥","경기 안산시 단원구 해안로213번길 45, 반월공단"
(주)토모큐브,"토모큐브(Tomocube)는 살아있는 세포를 관찰하는 모든 분야에 혁신을 일으키고자 2015 년 설립된 회사입니다.
토모큐브가 개발하는 홀로토모그래피 이미징 시스템은 세포의 살아있는 모습 그 자체의 3 차원 형상 정보를 획득하여 개별세포의 부피, 무게 등 정량 정보를 분석하며, 세포 내 소기관 정보를 표지 없이 분석하여 다양한 세포의 고유 특성을 영상 기반으로 파악할 수 있습니다.

토모큐브는 광학 기술의 혁신성과 제품 개발의 전문성을 인정받아 창업 이후 총 442 억 원의 투자를 유치했으며, 정밀 이미징 시스템인 HT 시리즈를 비롯하여 고성능 홀로토모그래피 이미징 시스템인 HTX시리즈를 출시하여 세계 시장에 진출하였습니다.
토모큐브가 보유한 독보적인 광학 이미징 기술을 더욱 발전시키고 영상 분석 및 인공지능 기술을 함께 개발하며 차세대 연구 및 의료 현장에 혁신을 이끌어나갈 열정 넘치는 인력을 모집하오니 적극 지원해 주시기 바랍니다.","ㆍ경력 : 무관 (신입도 지원 가능)(팀원급)
[신입] 학사 이상, 영문 독해 가능자
[경력] 경력연수 무관, 영문 독해 및 작문 가능자, 문서 작성 우수자",서류전형 > 1차 면접 > 2차 면접 > 최종합격,"○ 휴가 지원
- 연말 Office Closing
- 자유로운 휴가 사용(연차/반차)
- 법정 휴가 및 기타 휴가 (출산전후휴가, 배우자 출산휴가, 대체휴가, 각종 경조휴가 등)
- 야근 및 휴일 근무 시 식대 및 교통비 지원, 대체휴가제 시행 (* 야근 선호하지 않음)

○ 휴게
- 커피 및 간식 제공
- 안마의자, 인바디, 혈압기 등 제공
- 야근 시 저녁 식사 지원

○ 근무 형태
- 시차 출근 신청 가능
- 자율 복장

○ 보상
- 명절 상여금 지급
- 명절 / 생일 선물 지급
- 중소기업청년 소득세 감면 지원
- 청년내일채움공제 가입
- 각종 경조금 지원
- 스톡 옵션
- 장기근속 포상
- 자기계발 교육비 및 도서 구입 비용 지원, 세미나 참가비 지원","대전 유성구 신성로 155, 4층"
(주)제노스,"Vision 1 최고의 제품과 서비스
매년 매출의 약 20%를 R&D에 투자, 우수한 국내외 연구진 확보와 신제품 개발로
세계 최고의 제품을 준비하고 있습니다.

Vision 2 인류의 건강 증진
‘좋은 제품이 널리 쓰이게’하여 더 많은 수의 사람들이 제노스를 통해
건강을 유지할 수 있도록 세상에 기여합니다.

Vision 3 세계 최고의 의료기기 회사
많은 사람들의 ‘건강한 삶’을 도우며 세계 최고의 의료기기 제조사로 성장하겠습니다.","ㆍ경력 : 심혈관/덴탈 1년이상(해당직무경력必)
ㆍ학력 : 학사 졸 이상
ㆍ중국어or영어 활용가능자 (회화/작문)",서류전형-인성검사-실무면접-최종합격,"건강검진, 경조사지원
장기근속포상, 명절선물 및 상여, 월인센티브, 반기/연말성과급지급
신사옥, 주차장, 구내식당 및 카페테리아, 피트니스센터, 탁구장, 풋살장, 사내도서관, 근무복지급
경조휴가, 배우자출산휴가, 연차 외 유급 하계휴가
영업직 식대지원 및 차량유류대 법인카드 지급",경기도 수원시 영통구 창룡대로 256번길76(이의동)  덴티움 지식산업센터 12층(16229) 
(주)제노스,"Vision 1 최고의 제품과 서비스
매년 매출의 약 20%를 R&D에 투자, 우수한 국내외 연구진 확보와 신제품 개발로
세계 최고의 제품을 준비하고 있습니다.

Vision 2 인류의 건강 증진
‘좋은 제품이 널리 쓰이게’하여 더 많은 수의 사람들이 제노스를 통해
건강을 유지할 수 있도록 세상에 기여합니다.

Vision 3 세계 최고의 의료기기 회사
많은 사람들의 ‘건강한 삶’을 도우며 세계 최고의 의료기기 제조사로 성장하겠습니다.","ㆍ경력 : 6년이상(해당직무경력必)
ㆍ학력 : 학사 졸 이상
ㆍ외국어 자격증 소유자",서류전형-인성검사-실무면접-최종합격,"건강검진, 경조사지원
장기근속포상, 명절선물 및 상여, 월인센티브, 반기/연말성과급지급
신사옥, 주차장, 구내식당 및 카페테리아, 피트니스센터, 탁구장, 풋살장, 사내도서관, 근무복지급
경조휴가, 배우자출산휴가, 연차 외 유급 하계휴가
영업직 식대지원 및 차량유류대 법인카드 지급",경기도 수원시 영통구 창룡대로 256번길76(이의동)  덴티움 지식산업센터 12층(16229) 
(주)제노스,"제노스 공개채용
Vision 1 최고의 제품과 서비스
매년 매출의 약 20%를 R&D에 투자, 우수한 국내외 연구진 확보와 신제품 개발로
세계 최고의 제품을 준비하고 있습니다.

Vision 2 인류의 건강 증진
‘좋은 제품이 널리 쓰이게’하여 더 많은 수의 사람들이 제노스를 통해
건강을 유지할 수 있도록 세상에 기여합니다.

Vision 3 세계 최고의 의료기기 회사
많은 사람들의 ‘건강한 삶’을 도우며 세계 최고의 의료기기 제조사로 성장하겠습니다.","ㆍ경력 : CRO 업체 5년 이상
ㆍ학력 : 학사 이상
ㆍ외국어 능력 우수",서류전형 > 인성검사 > 실무면접 > 최종합격,"ㆍ건강검진, 경조사 지원
ㆍ장기근속포상, 명절선물 및 상여,
   월인센티브, 반기/연말성과급 지급
ㆍ新사옥, 주차장, 구내식당 및
   카페테리아, 피트니스센터, 탁구장,
   풋살장, 사내도서관, 근무복 지급
ㆍ경조휴가, 배우자출산휴가,
   연차 외 유급 하계휴가
ㆍ영업직 식대지원 및 차량 유류대 법인카드 지급",경기도 수원시 영통구 창룡대로 256번길76(이의동)  덴티움 지식산업센터 12층(16229) 
(주)토페스,"1984년 산업용 CCTV 전문기업으로 출범한 토페스는 발전소, 제철소, 화학단지 등

중화학 분야의 산업용 CCTV를 개발 공급하며 성장해 왔습니다.
1992년 부설연구소 설립, 국내 최초로 무인교통단속시스템 개발을 통하여 무인교통단속시스템 전문제조사로써의 면모를 구축해 왔습니다.

앞으로도 최첨단 단속시스템으로 교통 문화를 선도해 나아가고자 합니다.","ㆍ학력 : 대졸 이상 (2,3년)
ㆍ경력 : 경력 7년 이상",서류전형 > 1차면접 > 최종합격,"지원금/보험
건강검진, 각종 경조사 지원, 단체 상해보험, 자녀학자금

급여제도
퇴직연금, 상여금, 장기근속자 포상, 우수사원포상, 야근수당, 휴일(특근)수당, 연차수당, 4대 보험

선물
명절선물/귀향비, 생일선물/파티, 장기근속 선물

교육/생활
창립일행사, 우수사원시상식, 워크샵, 신입사원교육(OJT), 직무능력향상교육, 리더쉽강화교육, 교육비 지원, 사내동호회 운영, 식비 지원, 음료제공(차, 커피)

근무 환경
휴게실, 회의실, 사내 정원, 건물 내 경사로, 유니폼지급, 노트북, 사무용품 지급

조직문화
노조/노사협의회, 회식강요 안함, 야근강요 안함, 자유복장, 자유로운 연차사용

출퇴근
주차장제공, 회사차량 있음, 주 52시간제 준수

리프레시
연차, 경조휴가제, 반차, 근로자의 날 휴무, 산전 후 휴가, 육아휴직, 남성출산휴가","경기 남양주시 화도읍 녹촌로106번길 31 (녹촌리,TOPES)"
(주)엔도로보틱스,"엔도로보틱스는 세계 최초 비침습 유연 내시경 수술로봇 개발 및 제조 회사입니다.

저희는 환자들에게 흉터, 출혈, 전신마취 등 여러 부담을 줄이고 빠른 일상 복귀를 선사할 수 있는 차세대 솔루션을 개발 및 발전시켜 나가고 있습니다.

세계 최고의 유연 케이블 제어 기술 개발을 바탕으로 내시경 수술 관련 혁신적인 아이템군을 확장 중이며, 클린룸 생산기지 GMP 인증 획득, 특허청 IP R&D 우수기관 선정 등 양산화, 기술보호 다방면으로 탄탄하게 입지를 다지고 있습니다.
저희가 보유한 기술력뿐만 아니라 사업성도 인정받아 정부 지원금 누적 50억 원, 투자 유치 누적 168억 원을 달성할 수 있었습니다.
이러한 폭발적인 성장은 엔도로보틱스 임직원 모두가 개인의 다양성을 존중하며, 서로에 대한 배려 및 인정을 기반으로 협업을 통해 조직 성과를 증대해왔기 때문에 이뤄낼 수 있었습니다.

전세계 모든 환자들의 삶의 질 개선 솔루션이라는 공동 목표를 가지고
저희와 함께 세계 최고의 전문 인력으로 성장하실 준비된 인재분들을 항상 환영합니다.","• 공인 성능시험 평가, 밸리데이션, 사용적합성평가 경험
• FDA, CE 등 해외 인허가 업무를 위한 영어 능력
• 한 아이템에 대해 인허가 전주기 경험",서류 -> 면접 -> 채용,"건강한 업무 환경을 제공합니다.
• 업무 중 휴식이 필요하다면 안마의자와 휴게공간(남/여 분리)에서 재충전 할 수 있습니다.
• 업무 생산성 극대화를 위해 최신식 장비를 제공합니다.
• 임직원의 의욕 고취를 위해 성과에 따라 스톡옵션, 인센티브를 부여합니다.
• 자유로운 복장과 분위기가 형성되어 있습니다.

자기개발에 적극 지원합니다.
• 자기성장에 필요한 도서구입비용을 지원해 드립니다.
• 개인 역량 향상을 위한 교육(온·오프라인, 초빙 강연 등)을 지원합니다.

업무에만 몰입할 수 있도록 지원합니다.
• 외근이 있거나 야근 후 퇴근 할 때 더 편안하게 이동할 수 있도록 택시비를 지원하고 있습니다.
• 임직원의 마음을 위로하고자 노력합니다.
- 희비에 공감하는 마음으로 경조금, 경조휴가를 전달하고 있습니다.

행복을 나누면 배가 됩니다.
• 생일날 생일 축하 상품권 및 반차 제공하고 있습니다.
• 명절 맞이 상여금을 지급해드리고 있습니다.

그 외,
유연근무제, 정부사업 지원, 남녀노소 출산휴가 및 육아휴직 지원 등을 제공하고 있습니다.","서울 성북구 안암로 145, 로봇융합관 501호"
(주)한국기능공사,"HCK는 40년이 넘게 자동차 안전벨트/에어백 등의 자동차 부품을 제조하는 핵심 기술을 보유한 뿌리 기술 기업입니다.
HCK는 프레스(스탬핑), 열처리, 용접, 사출, 조립, 검사 등 제조의 필요한 모든 공정을 보유하고 있으며, 이를 통해 시장의 빠른 변화와 요구에도 빠르게 대응할 수 있는 체질을 가지고 있습니다.
HCK는 기술 뿐만 아니라 기업문화도 끊임없이 혁신하고 있으며, 이를 통해 직원이 다니고 싶은 회사를 만들고자 합니다.","• 학력 : 초대졸 이상
• 전공 : 무관
• 경력 : 1년 이상",서류전형 > 1차 면접 > 2차 면접(필요시) > 최종합격,"HKC만의 특별한 복지혜택!
이 외에도 다양한 복리후생 제도가 있으며, 인사개선 TFT운영을 통해 계속해서 업그레이드 되고 있습니다.

#반반차제도
#경조사비지원
#중장기근속자포상
#벤치마킹기회제공
#의료비지원
#기숙사제공
#학자금지원제도
#통근버스운영
#근무복제공
#인재추천포상
#명절선물
#식대지원",충청북도 음성군 금왕읍 유촌산단로 61
(주)교원,, - 3년 이상 10년 미만 경력,지원서 지원 → 서류전형 → 면접전형(1차/2차/3차) → 채용검진 → 최종합격,,서울 중구 을지로 51
