﻿날짜,직무,고용 현황,별점,요약,장점,단점,경영진에게 바라는 점
2023. 09,개발,전직원,2.0,"""일 개꿀배울건 기초적인 지식정도는 배울듯하다.단점은 공장단지이며 공장 들어갈일이 있다.""","
눈치 안보고 생활가능.일 못하면 당연 눈치보고 생활해야함 그로인해 나간사람 있음.일 잘해야함
","
연봉은 좀 많이 주는편이지만 목숨 걸고해야함.공장에 들어가서 인부님들 기분도 맞추고 주변에 위험한것들도 있어서 위험하다.
","
좀 더 많은 투자를 해주셨으면하다.눈치는 어쩔 수 없지만...
"
2023. 08,개발,현직원,2.0,"""세아 계열사에 IT서비스를 제공합니다. 주로 외주개발에 의존하기 때문에 기술적 성장은 어렵습니다.""","
워라벨은 정말 좋습니다. 가끔 회사 차원에서 무언가를 해주려합니다.
","
기술적 성장이 매우 어렵습니다. 제조업기반이기 때문에 성능, 안정성이 중요하지 않습니다. 어떤 기술에 딥다이브 할 수있는 환경자체 없기때문에 기술적으로 성장하고 싶다면 추천드리지 않습니다.
","
딱히 적을 말이 없네요 ....... ............
"
2023. 08,데이터,전직원,3.0,"""뭐하는 회사인지 모르겠다앞으로의 성장 가능성이 적은 회사""","
자유로운 분위기, 야근 없음샌드위치 휴가 다 쉼, 복장 자유
","
연봉 매우 적음, 성과급 따로 없음창립기념일 휴가 없어짐
","
복지가 정말 없는 거 같다급여 인상률이 정말 너무 낮다
"
2023. 07,마케팅/시장조사,전직원,3.0,"""안정적이나 커리어는 모르겠다.아무 생각없이 동료들만 보고 다닌다면 가능하다.""","
매출 구조의 안정감.착한 사람들이 많았음.사무실이 깔끔하며, 위치가 좋음.
","
리더의 자격지심, 위에서 받는 스트레스를 그대로 내려주는 듯함.
","
사업도 중요하지만 사람을 더 소중하게 생각하면 좋겠습니다.
"
2023. 07,디자인,전직원,2.0,"""회사 위치 좋음, 복지는 별 것 없음, 사업 방향성도 없고 그에 따른 목표도 없어서 우왕좌왕하는 팀""","
연차를 윗사람 눈치 안보고 사용할 수 있음, 간식, 회사 위치 좋음, 쾌적한 사무실, 비교적 자유로운 분위기
","
정작 본인은 일 안 하면서 남이 일하는지 안 하는지 감시하는 사람이 존재함, 모두에게 공유해야 하는 공지사항이나 이슈를 눈치껏 먼저 물어보지 않는 이상 공유를 안 해준다.
","
사람 보는 눈을 길러야 할 것 같습니다.
"
2023. 07,생산/제조,현직원,3.0,"""일하는 사람만 일하는 회사 일이 없는게 아니라 일을 안주는거야 너가 못해서""","
장점 교육비 도서구입비 장점 중 간식이였던 것도 건강을 위해 없애는 중
","
자꾸 후퇴하는 회사 느낌이러다가 다시 네트웍스때로 돌아 갈 것 같음 그게 더 나을 수도
","
직원들의 이야기를 듣고 실행해주셨으면 좋겟다그냥 먼저 통보 하는 식 말고
"
2023. 05,기획/경영,전직원,3.0,"""개발자 대우가 좋은 곳. 팀원들끼리의 화합만 좋으면 다닐만 한 곳.""","
연차를 상사의 눈치를 안 보며 쓸 수 있음. 합정에서 근무하면 조직문화나 사람들이 괜찮음. 그러나 강남 쪽은 생각을 해봐야 함.
","
회사의 성장성이 크지 않음. it기업이긴 하지만 특별한 강점이 없다보니 성장성이 떨어지는 듯.
","
앞으로 회사의 미래를 그려나갈 수 있는 비전을 명확히 해주었으면 좋겠음.
"
2023. 05,개발,현직원,2.0,"""동종업계 대비 낮은 연봉 부서별 차이는 있지만 일하는 사람만 하는 전형적인 비효율적 조직""","
본사 기준으로 연봉을 제외하면 자유로운 분위기 하지만 지방 사업장은 헬 장점이 없음
","
장점을 찾을수 없는 것이 단점 팀원들의 희생만 강요하는 조직의 리더들
","
직원들의 불만이나 요구사항을 듣는것 만이 아닌 적극적이고 구체적인 해결책을 제시
"
2023. 05,데이터,현직원,5.0,"""인간적인 조직 문화 그리고 성장의 분위기가 느껴지는...""","
교통이 편리함(합정역과 바로 연결) ,  3년째 다니는데 계속 성장하는 분위기임,  자유로운 분위기, 재택근무, 직원들 인성좋음
","
여러가지 사업이 진행되고 있어서 직원인데도 잘 모르는 것들이 있음, but 안되는 건 정리중이라고 함.
","
선택과 집중을 하고 돈 많이 벌어서 성과급 많이 주시길 ㅎ
"
2023. 03,개발,전직원,5.0,"""꽤 괜찮은 회사임. 재입사율이 높음 퇴사했지만 다시 들어가고 싶음""","
복지, 타사 대비 급여가 높음, 재택 근무, 워라벨, 사내 문화 좋음
","
투자를 이상한데다 많이 함... 조금 더 방향성 있는 곳에 했으면 함
","
회사의 업무 방향성이 모호함, 솔루션 기업인지, IT 기업인지
"
2023. 03,기획/경영,전직원,3.0,"""명확성이 부족했던 회사. 뭘하고 싶은지 어떤 방향으로 가고 싶은지를 잘 모르겠다.모두들 우왕좌왕 하고 있는것 같은 느낌.""","
- 근무장소 좋음- 점심지원 - 사내에 간식비치- 회사 접근성 우수
","
- 뭘 하고 싶은지 방향성이 부족- 공유가 제대로 되지 않음
","
직원들과 함께 많은 내용을 공유하면 좋겠습니다.
"
2023. 03,개발,전직원,2.0,"""생각보단 자유로운 사무실 분위기 야근이 좀 많은게 흠이랄까""","
연차 사용이 자유로운편, 업무 중 이어폰 끼고 일해도 큰 터치없음
","
일이 많아서 야근이 있는 편퇴근시간 거의 다 됐을때 일거리를 잔뜩 줌
","
일을 퇴근 직전에 주지말고  미리미리 줬으면 좋겠습니다
"
2023. 02,개발,전직원,1.0,"""일하는 직원들은 다 나가고, 정치질 하는 조직장들만 남아있는 회사""","
1. 합정역과 연결되있어 출퇴근 환경은 좋음2. 자유로운 출퇴근 시간 (하지만 부바부)3. 넉넉한 점심시간 (암묵적으로 11시반부터 점심시간)
","
1. 회사 체계가 하나도 없으며, 아는게 아무것도 없는 임원들 천지2. 타 부서 사람들과 교류가 없음. 같은 회사 사람인지도 모름3. 직원들을 위한 복지, 배려가 없음 (나몰라라 경영)4. 가끔 전직원 불러서 보여주기식 이벤트 진행
","
아무것도 모르는 지인 그만 데려오시고, 비즈니스 이해도가 있는 사람들을 채용해주세요. 커뮤니케이션을 중시하시면서 왜 모든 것을 블랙박스로 만드시는거죠?
"
2023. 01,금융/재무,현직원,3.0,"""역량을 키우기에 좋았던 회사입니다. 많이 배우고 갑니다.""","
연차 잘 쓸 수 있고 역이랑 가까움 위치 좋음 밥 줌 역량 키우기 좋음 이 정 도 밖에 없는 듯 더이상 뭘 쓰라는 건지
","
꼰대 문화 본인 업무에 피해가면 난리난리..고여있어서 스트레스 받기도 했으나 어딜가나 존재하는 사람들이니 어쩔수 없음...
","
직원들에게 보상다운 보상 좀 해주시길 바라며 업무 교육도 활발히 시켜주시면 좋겠네요.더 바라는건 욕심이죠..
"
2022. 11,기획/경영,현직원,2.0,"""출근시간이 자유로워 아침이 부담없음간식이 매우 많음""","
연차를 윗사람 눈치 안보고 사용함퇴근시간 아무도 터치안함
","
아이스크림 팔고있은 최초의 IT회사식물도 팔고 있는 IT회사반려동물 용품도 파는 IT회사
","
사내 일부존재하는 꼰대들 그들을 강압적으로 바꿀수는 없나요?
"
2022. 10,기획/경영,현직원,3.0,"""근무 환경은 좋지만 내적인 안정과 상호 존중이 필요한 회사""","
근무 : 재택/리모트워크, 유연출퇴근, 자유로운 연차 사용, 기본 연차 외 보너스 연차 있음 사무실 : 합정역(메세나폴리스) 연결된 건물, 한강조망권, 건물 내 세아그룹 전용 카페복지 : 허먼밀러 책상/의자(3층 한정), 추석때 백화점 상품권, 사무실 내 커피/제빙기/간식, 건강/독서챌린지 시 스타벅스 상품권 매달 증정교육/성장 : Coursera 유료 교육, 도서 구매 가능, 외부교육비/자격증 수험비 지원 + 종류에 따라 축하금(10만~100만)동료 : 대체적으로 나이스하고 친절함
","
**부바부 GAP 탑티어**근무지역, 근무센터, 부서, 팀에 따라 회사에 대해 이야기하는 것이 너무 다름생각하는 것도, 선호하는 것도, 뭔가 필요하다 말하는 목소리의 우선순위도 제각각임회사에 어딜가나 월루가 있고 헤비워커가 있다지만, 멀쩡히 순한 마음으로 일하는 직원들에게까지 마상을 입히지 않았으면 좋겠음그리고, 서로 목소리를 내는 방식이 날서있어서 없던 오해도 생기곤 함.마지막으로, 성과급.... 작년에 어디가서 받았다고 부끄러워서 그냥 안 받았다고 했음...이건 무슨 말인지 직원들은 다들 알 겁니다.
","
조직개편 강행으로 여러모로 혼란스러웠을 직원들의 고충을 좀 이해해주시고, 올해는 성과급을 많이도 안 바라고.. 일반 기업 수준으로 줬으면 좋겠습니다. 또한, 처음 들어왔을 때 느낀 CEO에 대한 긍정적인 기대가 지금 좀 사라진 상태입니다. CEO 역량/인맥/리더십 덕분에 뭔가 이뤄낸 성과가 없는 것 같아서요. 좋은 동료들과 같이 다른 거 신경 안 쓰고 일만 할 수 있는 회사가 되었으면 좋겠습니다.
"
2022. 10,개발,현직원,5.0,"""워라벨이 좋고 회사와 함께 성장할 수 있는 회사""","
워라벨을 지키기 위해 경영진들이 노력한다.(연차 사용, 재택근무, 칼퇴 등)중견기업으로 갖춰야할 기본적인 복지가 제공된다.
","
매니저 직급 일원화로 직급 기회가 있는지 또는 이와 관련된 규정이나 내용이 애매모호하다.신입사원 커리큘럼이 확실하지 않아서 일부 부서 직원은 업무에 있어서 혼란스럽다.
","
직원들을 위해서 점점 나아지고 있다고 생각합니다.함께 나아가는 회사로써 직원들의 이야기를 귀 기울여주시고직원들이 가장 관심 있어하는 직원 직급/연봉과 성과급에 대해서 많은 관심을 가져주시길 바랍니다.
"
2022. 10,개발,현직원,3.0,"""유연근무제가 정착되어있어 출근시간에 비교적 여유있게 출근할수 있다. 회사의 미래 먹거리가 아쉽다.""","
연차를 눈치 안보고 쓸수있음도서 구입비를 지원한다개인 성장에 적극적인 지원을 해준다내 일만 잘하면 누구도 터치하지 않는다주변동료들이 좋다
","
연봉이 동종대비 낮다회사의 미래먹거리가 없고 뚜렷한 사업효과가 없는것 같다대외사업이 잘될 필요성이있다
","
신규사업추진도 물론좋다고 생각하나, 정확한 목표가 필요할것 같고, 방향을 설정하는 임원급인사도 중요하겠지만 그 뜻을 이룰수있는 기술적인 인력수급이 필요해 보입니다.
"
2022. 09,개발,전직원,4.0,"""배우는 공간은 만족! 다른 기타사항은 충족이 덜됨.""","
연차를 윗사람 눈치를 안보고 쓸 수 있음. 회사 문화가 자율적이다. 주변의 영향을 받지 않고 업무에 집중할수  있다.
","
직급체계가 없어져서 승진의 기회가 없다. 급여가 타 it에 비해 적은 편이다.아직 구체적인 체계가 덜 잡혀있다.
","
신규사업확장도 좋지만 기존 사업발굴 및 유지가 필요하다.
"
2022. 09,개발,전직원,2.0,"""합병되어 이것저것 해보려는 회사이지만 실상 얻은건 없는곳""","
윗사람 눈치없이 연차사용가능 본인업무만 제대로 알면 칼퇴가능 특별한 군대문화 없음
","
직급이 없어져서 연봉 동결이 됌 회사의 이익을 낼수있는 과제가 없음
","
큰뜻을 가지고 합병이 되었으나 몇년동안 이뤄낸 실적이 미미합니다 힘써주세요
"
2022. 08,개발,전직원,3.0,"""브이엔티지로 상호 변경 후 인지도 하락으로 역량 부족한 인원을 주먹구구식으로 급하게 채용하여 개판이 되어가고 있다. 기존에 일 하는 사람만 죽도록 하고 못하는 사람은  상당히 한가해 보임.""","
자잘한 지원이 늘긴했다. 스낵바, 커피머신 등 연차 자유롭게 사용 가능함, 사업장에 따라 분위기는 다르겠지만,, 본인일만 잘하면 크게 터치는 안함
","
말만 잘하는 경영진, 올해는 꼭 이란 말 몇 년 듣다 퇴사 결심함...각 사업장 마다 분위기 차이는 있겠지만 업무 분배도 개판임. 기존에 잘 하던 사람들만 업무량 늘고 죽어라 일하고 안하는 사람들은 매우 한가함
","
회식 자리 오셔서 말만 거창하게 일한 만큼 보상해주겠다 기대하시라며 사람들 기대감만 높이지 마시고 진정한 성과에 대한 보상을 보여줬으면 좋겠음
"
2022. 07,개발,현직원,2.0,"""세아 계열사인데 눈치를 많이 봄, 직원에 대한 대우가 없음""","
세아계열사임도서구입비 사무용품 지원좋은 사람들 많음...합정역 출구 위
","
이상한 사람들도 많음꼰대들이 아닌 척함조직 개편 이후 현재 모두 혼란스러움.세아 계열사이면서 무시 당하고계약할 때 단가 후려치기 당하고갑질 심함.업무체계 없음내부가 곪던말던 관심없음. 듣고싶은 말만 보고싶은거만 듣고 봄신입은 비추. 자주 나감신입이나 경력이나 일은 똑같아서경력직은 일 편하게 할 수 있음.아끼는 후배가 들어오겠다? 뜯어말림밖에서 맨날 갈리던 친한 경력직 선배가 들어온다? 추천하지는 않으나 말리지않음존경하는 경력직 선배가 들어온다? 뜯어말림단, 연봉은 적음. 직급을 없애면서 승진에 따른 연봉 상승도 없어짐별점 마이너스 주고 싶음
","
신뢰를 보이려면 어떻게 행동해야하는지 알고있지않을까?보여주기식으로 하지말고 진짜로 일하는 모습을 보여라.달콤한 말만 들으려고 함
"
2022. 06,개발,전직원,4.0,"""사회초년생이 다니기에 좋습니다. 경력직들은 잘 모르겠네요..""","
간식도 무제한 제공에 종류도 많고 무엇보다 입사 후 컬처-핏이라는 교육제도가 있어서 좋음
","
신생이라 체계가 구체적으로 잡히지 않았고 식대 지원 없음
","
수평적 조직 문화 앞으로도 꾸준히 이어졌으면 좋겠습니다.
"
2022. 06,기획/경영,전직원,1.0,"""C레벨들이 무슨 일을 하는지 전혀 알 수 없는 회사""","
자기계발비용 지원건강검진비용 지원세아 계열사라 망할 걱정은 없음
","
사내정치 심함밀실대화가 주요 결정으로 이어지고 일반 직원들에게는 아무런 내용이 공유되지 않음책임자 본인과 친한 한두사람에게 권력이 집중되어 있음무능한 사람을 열심히 하겠다는 의지가 있다는 이유로 많은 실무진들이 반대함에도 책임자로 배정회전문 인사. 이미 프로젝트 말아먹은 사람을 또 다시 책임자로 앉힘낙하산으로 높으신 분 가족이 프로젝트 참여하고 있음인사팀은 대체 뭐하는지 모르겠음
","
타운홀미팅 하기 전에 회사 상황이 어떻게 돌아가는지부터 파악하시는게 좋을 듯
"
2022. 06,기획/경영,현직원,4.0,"""부바부 심하지만 하고싶은 일이 있다면 기회를 주는 곳""","
재택근무, 교육 지원 (코세라, 도서, 자격증비 지원, 그 외 외부강의 등), 합정역과 바로 연결되는 세아타워 근무 인프라, 워라밸 잘 지켜짐, 재택근무 자유로움, 역량 좋은 사람들 가끔 있음, 일 욕심 많은 사람들은 하고싶은거 다 할수 있음
","
위의 장점이 팀바팀이 좀 많이 심함. 사무실/팀 간 분위기 편차가 심하니까 다닐만한 사람들은 조용하고, 분위기 안 좋은 곳 얘기만 계속 들림. 신논현 얘기 들으면 한숨만 나옴. 합정은 6시만 넘으면 사무실 텅텅 빔. 합병 전 세아네트웍스 때부터 있던 사람들 중 일부는 올드하고 꼰대스러움이 자주 보임.
","
현실적으로 생각합시다. 아이스크림 팔지 맙시다. 역량 있는 사람들 잘 챙겨주십쇼. 징징거리는 목소리와 회사를 위해 하는 목소리를 구분합시다.
"
2022. 06,기획/경영,현직원,3.0,"""능력이 있다면 성장할 수 있는 곳다만 그 능력은 이미 가지고 입사해야 함 당장 와서 퍼포먼스 낼 수 있는 사람이 중요""","
성장시키고 싶은 뭔가가 있다면 해 볼 수 있는 환경. 그러나 성과를 만들어야만 계속 함께할 수 있음.
","
조직 구성원 변동이 잦고 안정적인 회사라는 느낌은 잘 들지 않음. 부바부 특징이 극명하게 갈림. 뭔가를 하는데 잘 돌아가지 않는 느낌..
","
경영 관련해 직원들에게 더 투명해질 필요가 있는거 같습니다.
"
2022. 06,개발,현직원,1.0,"""합정역 접근성 인프라 최상, 정작 중요한게 뭔지 모르는 운영진""","
꽤 자유로운 연차 사용, 재택근무, 자율 복장, 인프라 최최상
","
자유로운척 하는 회사 분위기, 뜬구름, 정작 일을 하는 중요한 기존 직원들은 나몰라랑~ 돈 버는 부서 따로 있고 돈 쓰는 부서 따로 있음 돈 쓰느라 정신 없는 타부서들 본인들 월급은 누가 번 돈으로 주는건지 알고는 다닐까
","
신규 사업 추진 그만..그만해주세요..
"
2022. 05,개발,현직원,3.0,"""여러가지 시도하고 있으나 아직 성과는 다소 의문인 서비스를 만들고 있음. 나중은 글쎄""","
압박이 심하지 않음. 대기업 줄이 있으니 돈이 밀릴 걱정은 없음. 개발자는 워라벨이 좋은 편
","
애매한 사업 모델, 뭐하고 싶은건지 잘 모르겠음. 잘 될지 안 될지 누구도 모르는 중? 대기업 줄을 잡고 있지만 대기업인지는 잘 모름
","
좀 확실한 무언가가 있어야 직원들도 따라가지요
"
2022. 05,기획/경영,현직원,5.0,"""자유가 보장되는 아름다운회사. 꼰대문화가 상대적으로 적은 회사""","
오전 자율출근 야근없이 업무태클없이 성과만 잘 나오면 태클 걸지 않는 문화
","
세아그룹사인지 정체성을 잘모르겠음. 경영진이 무슨 생각인지 모르겠음?
","
아이스크림 이런거 팔지말고 IT기업으로 미래지향적인 업무방향을 제시했으면합니다
"
2022. 05,기획/경영,전직원,1.0,"""성장 가능성이 낮은 회사. 미래가 보이지 않는 회사.""","
장점이란 게 있기는 할까요? 명절에 상품권 10만원, 야근 택시비 지원 정도?이것도 11시 넘어야 지원 받을 수 있지만요ㅋ
","
그냥 모든 것. 복지도 없고, 뭐하는 회사인지도 모르겠고, 기울어 가는 게 보이고, 퇴사율이 높습니다.
","
회사가 어떻게 돌아가는지 모르겠습니다.. 좀 더 발전있는 방향으로 이끄시길
"
2022. 05,개발,현직원,5.0,"""다닐만 해요 회사가 젊어요돈버는 부서 따로돈 까먹는 부서 따로""","
다과가 구비가 많이 되어 있다. 회사 건물이 정말 신식이다
","
수평적이라는데 모르겠다사람이 너무많아서 본적도 없는 사람이 많다
","
바라는 점이 무엇일지 먼저 알아서 해주세요. 돈버는 사업 대우해주세요
"
2022. 04,개발,전직원,3.0,"""지방에서 그럭저럭 다닐만한 회사….인가?""","
야근은 그렇게 많지 않고 지방인 경우 통근 버스도 있음.
","
지금도 그러는지 모르겠다만 매월 1일에 나와야했음. 주말 공휴일 상관없이. 그리고 인수인계 체계가 1도 안잡혀있음. 그냥 하면서 배워야함. 보수적인 인간들과 꼰대 문화, 그리고 정치질의 콜라보.
","
정치질보다는 회사의 미래에 더 투자하길…. 애증의 마음을 담아..
"
2022. 04,기획/경영,전직원,1.0,"""워커홀릭에게 추천워라벨은 필요없다 그럼 다닐만함 열정으로 일하는 분위기""","
지하철에서 가까운 거리 밀릴수없는 급여 수준팬데믹과 상관없는 업무 열정 그리고 사무실 근무인턴이 정규직을 넘어서는 업무강도를 경험
","
리더의 의미없는 회의 불필요한 정기 회의알필요없는 투명한 회의불투명한 회의 결과그럼에도 할일은 그대로인 시간낭비
","
바라면 뭐 바꿔지나요? 매달 두세명이 입사하는데 총인원수는 거의 안변하는 이유는 왜?????
"
2022. 04,개발,현직원,4.0,"""부바부 일 수 있는데 워라밸 굉장히 좋고 사무실 분위기도 좋음. 3층이면 간식짱짱맨개발 방식이 올드함. 무언가 특별한 경험하기가 힘듬. 밥안줌..""","
엄청난 워라밸위치 좋음사무실 좋음간식 많음우리팀에는 꼰대 없었음
","
식대 없음올드한 기술 천지급여 매우 짬딱히 생각이 안나네요
","
시간이 없어서 그런건지 모르겠는데 개발을 너무 올드하게 합니다.
"
2022. 04,개발,전직원,1.0,"""사람들이 가지말라고 하는데엔 다 이유가 있다.......""","
지하철이랑 가까움간식 먹을꺼 잘 되있음세아그룹 빌딩 쓸수있음
","
의미없는 회의와 야근의 연속 대기업계열사라고 하나 중소기업보다 못한 복지와 연봉 경력이 단절되는 느낌의 의미없는 일들
","
딱히 없습니다 신사업말고 있는거나 제대로 하셨으면...
"
2022. 04,개발,전직원,1.0,"""다녔던 회사중에 최악of최악3개월 정도 다녔는데 근래 가장 힘들었던 순간이었음이력서에 쓰기도 쪽팔린 업무들7시간 회의해서 나온 결론은 없고그에 걸맞는 퀄리티라도 있어야하는데 그마저도 바닥""","
역에서 가까움제로콜라 있음이 외에는 더 쓸 장점 없음
","
비효율적인 야근월화수목 하는일도 없이 야근하다가전부 다 금요일만 칼퇴하는 이유는 뭘지 궁금일이 많아서 야근하는게 아니고 그냥 자동적으로저녁밥을 시키고 11시까지 있다가 감 ㅋㅋㅋㅋ11시가 약간 국룰인 분위기임누구 눈치보느라 조금 일찍 퇴근하는 사람들도 9시에 일어남참고로 10시 출근 7시 퇴근이 근무시간그리고 연봉계약도 포괄임금제로 함
","
없습니다 알아서 하세영 저랑 노상관입니다~~~~~~~~~~
"
2022. 04,개발,현직원,1.0,"""개발자가 대우 받으며 다닐 수 없는 곳 부서별 업무 부하 차이가 심하다 회사의 정체성이 뭔지 알 수 없다""","
장점을 찾으려고 해도 찾을 수 없다도서비 지원 교육비 지원
","
장점을 제외하고 모든것이 단점이다 본사를 제외하고 나머지 로컬 근무자들은 죽어난다
","
직원들 불만은 쌓여사는데 해결할 의지가 없는 것 같음연봉 책정과 같은 직원들이 노력하고 기여한 부분을 생각한다면 보상 문제에 대해 깊이 생각해 볼 필요가 있음직원들 퇴사 사유에 대해 경영진은 고려해야 함
"
2022. 03,기획/경영,현직원,4.0,"""새로운 전사 방향성에 맞춰 내부 프로세스 개선 및 대외 사업, 파트너쉽을 추진 중인 역동적인 회사. 제조 관련 IT/DT 프로젝트 수행 경험을 밀접하게 쌓을 수 있음.""","
부바부 지만, 제조 데이터가 어떻게 흘러가고 이를 어떻게 상품화 시키는지 End-To-End로 경험이 가능함. 엔터프라이즈 솔루션의 최근 동향을 파악하고 접목하는 사례들을 본인 커리어에 녹일 수 있음.
","
변화의 과정이기에, 시스템 적으로 타 사 대비 미흡한 점이 있음. 이를 알고 있기에 전사 개선작업 중에 있으나, 진행 도중에 구성원이 겪어야 할 부담 또는 적응에 대한 책임도 일정 부분 존재함
","
변화를 이뤄가는 구성원이 좀 더 신뢰할 수 있도록, 각 부서와 밀접한 커뮤니케이션을 연 중 진행하고 이를 실천하는 모습으로 의지를 증명하는 과정이 좀 더 필요하다고 생각. 합병 과정의 전 사 조직 간 성향의 차이 때문에라도, 이런 작업은 중요하다고 생각합니다.
"
2022. 03,디자인,전직원,1.0,"""신사업본부의 기준없는 업무 평가 정신 못차림 기획 디자인 마케팅 모두 산으로 감 / 유명무실한 리더들""","
음. 뭐가 있을까? 간식? 지하철역이랑 가깝다? 사무실이 쾌적하다
","
일단 다른 본부는 모르겠고 신사업본부 기준 야근야근야근의 연속 야근을 해도 부족하다고 하는 사람들과 평가가 객관적이지 못하고 매우 주관적임 일부 몇몇의 얘기로 리더들이 많이 휘둘린다
","
공정한 평가가 필요합니다. 신사업본부라면 사실상 스타트업인데 이렇게 불공정한 평가를 내리는 곳은 첨입니다. 게다가 야근을 너무 대놓고 권해서 ㅎㅎ 민망할 정도입니다.
"
2022. 02,개발,현직원,1.0,"""세아그룹에 빌붙어서 어찌어찌 살아가고는 있으나.. 향후 미래는 글쎄?""","
연차 눈치안줌, 세아타워 근무시 칼퇴/재택 가능, 징검다리 유급휴가줌
","
돈을 벌지 못함  그룹사 it서비스로 번돈을 신사업에 꼴아박음
","
제발 정신좀 차렸으면 좋겠다. 말로만 하는 경영은 나도 하겠다
"
2022. 01,데이터,전직원,3.0,"""새로운 시도가 리스크가 될수도 있는 기업. SI냐 SM이냐 신사업이냐의 갈림길에서 잘 선택해야하는 기업.""","
서울만큼은 세상 더없는 자유로운 분위기라서 사람들이 창의력을 증진시킬수 있는 분위기임칸틴이 좋음
","
창의력이 방종이 되지 않게끔 해야하는데 아쉬움SI, SM, 신사업 모두를 잘하는건 이상적이지만 현실적으로 어려운데 그걸 너무 남일처럼 잘될거라고 방종하는 분위기는 창의력을 오히려 죽이는 독이지 않을까 싶다.
","
결국 브이엔티지는 테크 기반이 있어야 하는 회사라고 생각합니다. 그리고 그러기 위해선 인재육성, 프로모션, 기술투자에 아낌이 없어야 하지만 사실 한정된 현금흐름과 리소스론 어려울거라 생각하빈다.그렇다면 우선은 기존 SI, SM은 원활히 돌아갈수 있도록 급작스런 변화보다는 안정화와 사람들의 동기부여에 좀더 집중하고 신사업은 하나만이라도 작고 빠르게 성공할 수 있도록 하는게 중요하지 않을까 싶습니다. 포텐셜이 분명히 있는 회사인데 그 부분이 못내 아쉽네요...
"
2022. 01,개발,현직원,1.0,"""유능한 개발자가 더러 있다. 많은것을 해볼순 있다 .. 팀바팀이 있다...""","
교육, 도서구입등에는 많은 지원? 은 아니지만 할수 있음. 연차등... 눈치보이지만 쓴다고 꼽주진 않음
","
팀바팀 너무너무너무 심함 복지 없음... 중견기업인데.. 중소기업보다 못한 복지인거같음..
","
직원들의 불만사항등이 많은데... 다들어 줄순 없지만 형평성이라도 갖췄으면.
"
2022. 01,개발,전직원,1.0,"""직장 트라우마가 생긴 곳.  신논현 가면 심장이 멎는 느낌이 들 정도입니다.""","
월급이 밀리지 않음. 노트북 사줌.멘탈이 강해짐.아무리 생각하려해도 적을게 없네요
","
일이 있으면 야근을 해도 무방하다고 생각했고 전직장에서도 그렇게 생활했습니다. 여기는 아예 정치적으로 야근을 하는 곳입니다. 인정받으려면 야근하는 모습도 보이라는 소리를 들으며 일했습니다. 야근할 자신있냐고 물어보기까지합니다. 정말 답답하게도 거절도 못하고 야근을 줄기차게 했네요 퇴근시간 상관없이 회의 잡는 건 기본이고 퇴근시간이 다가오면 당연하게 팀원들이 밥시킵니다 물흐리는 사람 한명 때문에 사람 계속 나갑니다. 뭐 대표랑 개인적으로 친분이 있는건지 그 사람 때문에 팀 옮기거나 퇴사한 사람이 많습니다. 물론 복합적인 이유겠지만 유독 그 팀에서 불만을 가진 사람들이 많은 거면... 또, 사내 메신저를 거의 정치적인 도구로 사용합니다. 자료 공유하는건 좋지만 자료 공유 횟수를 카운트해서 대표가 공개적으로 이야기한 적도 있었네요. 은근히 눈치주고 새벽이나 주말 상관없이 메신저가 울립니다게임체인저가 되겠다는 일념하에 사업을 진행하는 것 같지만 막상 보면 후발주자로 이미 있는 것을 별 다른 차별성없이 만들어내고 있습니다. 너무 힘든 시간이었어서 퇴사 이후에도 후유증이 오랫동안 남았습니다.
","
뚜렷함 목표의식을 가지고 사업을 했으면 좋겠고 조직 문화를 개선해주었으면 좋겠습니다
"
2022. 01,개발,전직원,2.0,"""체계성이 부족, 중간 계급이 없음 가족 같은 분위기의 근무 환경""","
연차는 자유롭게 쓸 수 있다 다만 복지가 없을 뿐 여름에 시원하고 겨울에 따뜻하다.
","
체계가 안 좋아서 일의 효율이 안 나오는데 고칠 수가 없음일하기 불편한 환경, 복지가 너무 없어서 열심히 할 맛이 안남.
","
시스템 체계부터 바로잡았으면 좋겠고 직원을 동료로 인지하고함께 일했으면 좋았을 것 같음
"
2022. 01,개발,전직원,1.0,"""부모님의 원수가 간대도 말립니다.....""","
간식제공,노트북,역근처에 사무실있는거말고는 딱히 없음ㅋ
","
야근많이함..매일 9시10시까지 남아잇음. 근데 영양가없는 야근임..하루만에 나간사람도잇고 일주일만에 나간사람도잇다고 들엇음. 근데 그렇다고 대단한 결과물을 내는것도 아님ㅋ
","
채용공고 솔직히..하나도 안지켜지는데ㅋ거의취업사기 수준임
"
2022. 01,기획/경영,현직원,1.0,"""별한개도 아까움. 신논현오피스는 가지말길. 블라나 잡플에 있는 안좋은 리뷰 대부분은 신논현얘기임ㅋㅋ. 그냥 야근이 일상인 곳이다. 야근안할사람은 퇴사하라해서 여럿사람 줄퇴사했음. 스타트업과 중견기업의 안좋은점만모아놓은곳""","
노트북 사줌.간식 무제한 제공. 역이랑 가까움.이거빼곤없음.....
","
윗사람 눈치보느라 야근해야됨.(그것도 매일) 야근안하면 일대충하는사람이라고 생각함.주말이나 새벽에도 메신저 울림.퇴사 입사가 매우 많다.
","
사람보는눈좀 기르시길요..ㅋㅋ.....
"
2021. 12,마케팅/시장조사,전직원,1.0,"""회사 홈페이지만 봐도 알 수있듯 사업장이 엄청 나뉘어져있어서 여기 올라오는 리뷰를 다 같은 회사라고 보면 안됨 사업장 다르면 서로 얼굴도 모름.신논현 기준, 금요일을 제외한 평일에 퇴근시간이 다가오면 단체방에서 다같이 먹을 저녁 메뉴를 고르는 회사임다른 사업장에서 버는 돈을 신논현에 있는 부서들이 까먹는 구조인듯""","
업무용 맥북 제공암만봐도 일개 스타트업인데 대기업 계열사의 복지 혜택을 받을수있음회사에 돈 많음 (물론 나랑 상관은 없음) 은행 대출 잘나옴
","
사람들이 집에 안감퇴근시간 후나 주말에도 업무 메신저가 계속 울림Not my business 절대 안됨같이 호응하고 같이 일해야 함회사에 있지 않아도 업무요청 올라옴 (내가 어딘지알고ㅋㅋ)사람들 맨날 퇴사입사 3개월 수습을 무조건 거침일부 사회성 부족한 사람들 눈 마주쳐도 인사도 안하고 바로 외면 해서 먼저 인사할수도 없음
","
중간관리자님^^안시켜도 본인이 하는거라는 말좀 그만하시고 근무시간좀 지키도록 장려하세요 52시간 오바된 사람 수두룩해서 실근무시간대로 퇴근 찍었으면 회사 옛날에 난리났음ㅋ눈치안보고 집좀 가고싶네요일시키면서 다음 회의때 보자는식으로 해놓고 그 회의가 코앞이면 다들 남아 저녁 먹고 일 해야하는데 그와중에 내가 집에 어떻게갑니까?
"
2021. 12,인사/총무,전직원,1.0,"""무얼 하고자 하는지 모르겠는 회사. 대기업 계열사이면서 그들과 다르다고 주장하지만 cashcow는 계열사외엔 답이 없는 회사""","
지하철역과 가까운 접근성 8시간만 채우면 퇴근할수 있는 여유로움
","
무얼 하는지 모르는 회사겉 보여주기식 탁상행정과 시스템만을 우선시하고 정말 직원들이 뭘 원하는지는 모른척?하는 화사
","
겉만 번지르한 회사 체계보다는 정말 도움이 되는 정책과 체계를 만들게 시켰음 좋겠네요
"
2021. 09,개발,전직원,2.0,"""왜 게임체인저인지 모르겠음. 캐시카우 사업 대우가 없음. 그러니 사람들이 나가고 인력 부족 충원느림""","
자율적인 문화를 가지려고 노력함, 얼음 있음, 정말 없는데....
","
그 외 모든 것이 단점.일하는 사람만 일함,  잘하는 사람들 스카웃 해온거 같은데 , 이 사람들 하는게 어떤건지 모르겠음 ERP는 세아계열사 욕받이
","
왜 사람들이 나가는지 생각 좀... 신규사업도 중요하지만 ERP부터 안정적으로 서비스해야한다고 생각합니다. 사람들 힘들어 합니다.
"
2021. 09,인사/총무,현직원,3.0,"""합병으로 설립된지 얼마 안 되어, 현재 모습 보다 나아갈 방향과 성장 잠재력이 기대되는 회사입니다. 묵묵히 자신의 역할에 최선을 다하고 매일 같이 나아지려 고군분투하고  있습니다.""","
자발적/자율적으로 전문 역량을 개발하려는 직원들을 적극 지원하고 있습니다(도서 구매, 자격 취득 및 갱신, 온오프라인 사외교육 수강 지원). 유연하고 수평적인 소통을 활성화 하고 변화에 대해 민첩한 조직문화를 만드려는 경영진의 의지가 강합니다.
","
리더십, 조직문화, 각종 제도 등을 만들어 가는 과정에 있어 다소 혼란과 불안정을 느낄 수 있습니다. 어느 정도 시간이 지나 시스템이 구축, 정비되고 또 리더들이 자리를 잡으면 해결될 것이라 생각합니다.
","
조직체계, 조직문화, 인재/리더 상, 경영 철학 등에 대해 충분하게 숙고하고, 직원들과 깊고 진정성 있게 소통했으면 좋겠습니다. 직원들은 경영진이 진심으로 회사와 직원을 위하는지 그렇지 않은지 다 알고, 느낍니다.....
"
2021. 09,개발,전직원,2.0,"""꿈만 아마존인 현실파악이 안되는 회사""","
직원들이 자유로운 분위기자율 출근제휴가 자유롭게 씀근무환경 좋음
","
그외의 모든것특히 연봉은 박봉. 동결이 많은데 소급을 안해줘서 3년차나 1년차랑 거의 같은 수준인 것을 볼수 있음. 모든 일이 소통이라고 하나 대부분 통보
","
최소한 자기들이 제시한 비전이 있던데 그 비전이 현실에 부합했으면 합니다또한 그렇게 못하더라도 최소한 통보가 아닌 소통을하세요..
"
2021. 07,개발,현직원,2.0,"""퇴사율 높음, 돈버는 부서 쓰는 부서 따로 있음, 직원의 역량에 충분한 보상 체계가 안되어있다.""","
팀바팀, 재택근무 유연근무제 자유연차사용가능하나 그것도 짬 없으면 눈치보면서
","
머니머니 해도 머니임, 성과제도는 잘 이루워지지 않는것 같다. 연봉은 동족업계 평균정도 되는것같음. 리더가 별로임
","
적절한 보상체계를 이루워서 돈 버는 사람들이 떠나가지 않게 해야합니다.
"
2021. 07,기획/경영,현직원,2.0,"""빈티지의 혁신문화가 아직 세아네트웍스에 자리를 못 잡은듯 채용공고(자율 재택/출퇴근 시간)와 실제 근무 환경은 팀바이팀으로 차이가 있음. 자유로운 팀은 자유로우나 기존 근무방식을 고수하는 팀은 타 회사와 차이가 없음.""","
수평적인 근무 분위기, 사내카페, 간식 리필, 자율좌석제 등
","
팀마다 근무 분위기가 매우 다름. 위에 적은 것처럼 기존 근무 환경에서 벗어나지 못하는 팀이 많지만 입사 전까지 알 수 있는 방법이 없음
","
채용공고에 명시된 자율적인 근무환경들이 잘 지켜지는지 점검이 되면 좋겠음
"
2021. 07,기획/경영,전직원,2.0,"""회사의 모든 것이 애매한 곳. 외형만 키우는 것에만 관심있고 내실은 부족한 회사""","
자유로운 복장과 재택근무 환경 지원, 합정역과 연결된 좋은 사무실 위치
","
회사가 무엇을 하고자 하는지 모르겠음. 돈을 버는게 다가 아니라고 말은 하지만 결국은 매출계획 세우고 돈 벌어 오라고 계속해서 압박하는 경영진.  겉으로는 수평적인 커뮤니케이션을 하는  IT회사를 지향하는 것 같지만 실제는 상명하복 경직된 소통을 하는 경우가 빈번함
","
직원들의 불만을 듣지만 말고 해결책이나 대안을 고민하고 빠르게 제시해주었음 함. 어떤 사업을 하는 회사인지 직원들이 명확하게 이해 시켜주었으면 함
"
2021. 07,기획/경영,현직원,5.0,"""전통을 존중하되 혁신적인 마인드로 회사를 이끌어나가는 리더의 기업""","
인재 한명, 한명에게 좋은 기회를 주어 스스로 그 기회를 살릴 수 있도록 해주는 훌륭한 마인드의 기업
","
출범한지 1년이 채 안된 기업이라 사업들이 100% 안정화가 되지 않은 점
","
사활이 걸려 있고, 귀추가 주목되고 있는 사업들이 즐비한만큼 경영진들의 마인드로 기업의 일원이 되고 싶을 뿐, 바라는 점은 딱히 없음.
"
2021. 06,개발,전직원,5.0,"""개발자가 대우받으면서 보람차게 일할 수 있는 곳. 좋아용""","
연차를 윗 사람 눈치 안 보고 쓸 수 있음. 야근 식대도 나옴.
","
야근이 은근 많음 연봉이 높은 편은 아님 수평 지향하지만 글쎄
","
지금보다 합리적인 복지 및 보상 체계를 마련해줬으면 좋겠다
"
2021. 06,개발,전직원,4.0,"""개발자가 대우받으며 보람차게 일할 수 있는 곳 주클라이언트가 자회사임""","
탕비실에 주전부리가 많아요 역 바로 앞이라 이동하기 편합니다
","
급여에 식대 포함이고 자율 좌석이라 출퇴근마다 짐을 날라야 함
","
개발 전문 서적들이 많았으면 좋겠습니다 다니는동안 만족해서 딱히 바라는 건 없습니다
"
2021. 06,개발,현직원,4.0,"""세아그룹 계열사의 IT 업무를  맡아 처리""","
퇴근 및 연차가 대체적으로 자유롭고 수평구조입니다.워라벨이 어느정도 보장되는 것 같습니다.
","
세아그룹 의존도가 높음.변화의 노력을 기울이나 결과물에 대한 공유가 없음.
","
변화에 대한 결과를 직원에게 투명하게 공유했으면 좋겠습니다.
"
2021. 05,개발,현직원,3.0,"""새로운 개발 보다는 운영과 유지보수에 특화된 회사""","
매우 좋은 수준의 워라벨눈치 안보고 쓸 수 있는 연차 및 재택근무도서구입비, 자격증 비용 자기개발 비용 지원수평적인 사무실 분위기
","
복지 제도가 없음동종 업계에서의 연봉이 낮은 편개발에 대한 커리어 관리가 힘듬
","
투명한 연봉테이블 공개합리적인 복지 및 보상 체계 마련회사에 대한 구체적인 비전 공유
"
2021. 03,기획/경영,전직원,3.0,"""혁신을 위해 열심히 노력하는 회사입니다. 그렇기에 워라밸은 없습니다.""","
자유로운 의사소통 문화를 추구하는 기업입니다. 또한 구성원의 개인사를 잘 챙겨줍니다.
","
퇴근시간이 기본 7시, 야근을 하는 날에는 9-10시 정도이기 때문에 워라밸을 추구하는 사람에게는 맞지 않는 기업입니다.
","
야근을 하는 문화가 당연하다고 여기지 마시고 격려를 좀 더 해주시면 동기부여가 더 잘 될 것이라 생각합니다.
"
2021. 03,기획/경영,전직원,2.0,"""자유로운 분위기 무제한 간식바 하지만 직원이탈이 잦음""","
연차 자유로움, 무제한 간식바, 사무실 깨끗함, 상호간 님호칭, 자율출퇴근제 였음(이것은 퇴사후 변경된 것으로 압니다)
","
기업의 정체성을 정하지 못함. 뭔가 일을 하긴하는데 결과물이 별로임. 수뇌부의 사고의 경직성
","
확실한 방향을 정하시길 바랍니다.그외에는 딱히 할말은 없습니다.
"
2021. 03,개발,현직원,1.0,"""적게 돈받고 편하게 일하고 싶은 사람에게 추천, 단 회사가 갑자기 사라져도 이상하지 않을 듯""","
1. 서울 근무지는 교통이 편하고 접근성이 좋음2. 사무실이 깨끗하고 쾌적함3. 카페못지않은 스낵바 운영(그나마도 코로나로 인해 중단됨)4. 재택근무 실시5. 주변 인프라와 근무 환경 외엔 글쎄요.. 이거 외엔 장점이 없음
","
1. 일하는 사람만 일함. 눈에 보이는 부분이라 치명적인데 개선되지 않네요2. 사내 문제 해결한답시고 각종 간담회와 설문조사는 지겹도록 하는데 눈에 보이는 개선이 없습니다. 계속 듣기만 합니다. 이쯤되면 듣긴 하는건지도 모르겠음. 결국엔 경영진이 자기 하고싶은 말만 합니다3. 회사 실적이 없습니다. 즉, 안정적인 매출을 기대하기 어렵습니다. 아직 이렇다할 사업도 없음. 부서는 많은데 뭐하는 덴지 모르겠습니다4. 동결로 인한 제자리 연봉이며 그마저도 동종업계 대비 낮은 편입니다. 올해도 적자일테니 기대가 되지 않습니다. 연봉체계도 불분명함5. 사람은 많지만 조직원간 모르는 경우가 많고 화합도 잘 안됩니다6. 그나마 세아그룹 계열사라는 점을 내세워 이름을 알림. 하지만 그것뿐 의미없어요7. 이대로 가다간 현상 유지도 어려워보이는 위태로운 회사 상황이 가장 큰 단점인듯
","
보여주기식 경영 말고 지금 회사가 어떤 상황에 처해있는지 돌아보세요. 우리 회사는 어떤 회사인가요? IT회사인지 학원인지 벤처기업 양성소인지 뭔지 정체성을 잘 모르겠습니다. 더 이상 온갖 꾸밈말로 비전있고 이상적인 회사로 포장하며 직원들을 농락하지 마시기 바랍니다. 이제 설립 1년이 다 됐고 애초에 처음부터 시작하는 회사도 아닌데 아직 주력 사업 하나 없다는게 이해가 되지 않습니다. 보다 확실한 목표와 투명한 경영 부탁드립니다.
"
2021. 03,기획/경영,전직원,1.0,"""퇴사 이후에도 트라우마가 생생한 기업. 사람 관리든 업무 프로세스든 제대로 돌아가는 게 별로 없어요. 서로에 대한 신뢰가 아닌 불신, 실력에 비해 자존심만 높은 사람들이 많음.""","
신논현역 근처임. 강남역에서 한참 걸어가긴 해야 함. 서울이니까 뭐 주변에 먹을 건 많아요.
","
- 들어오자마자 이건 아니지 싶어서 1~2일만에 나가는 사람 수두룩 빽빽해요. - 윗사람 눈치보느라 야근은 밥먹듯이 하는데, 의사 결정 프로세스가 주먹구구식이라 일이 제대로 진행이 안 됨. - 했던 거 계속 뒤집어 엎고, 외주도 이상한 곳(=친한 사람, 가족 등)에 주고 결국 돈 두 배로 써가면서 처음부터 다시 작업함
","
뭐가 문제인지 객관적으로 파악하고 제대로 의사결정했으면 좋겠어요.
"
2021. 03,마케팅/시장조사,전직원,3.0,"""다양한 사람들과 상상할 수 있는 다양한 업무를 경험해볼 수 있는 곳""","
연차를 윗사람 눈치 안보고 마음 껏 쓸 수 있다.  출퇴근 시간이 자유롭고 조기 퇴근 한달 주기로 존재함. 기업 내에서 학습할 수 있는 분위기도 좋다.
","
페이퍼워크가 스타트업의 느낌이 나는 기업치고 굉장히 많다. 함께 일하는 사람들은 좋으나, 연차만큼의 실력이 있는지는 모르겠다.
","
합리적인 보상을 줄 수 있는 비전과 그에 걸맞는 제도를 갖춰줬으면 좋겠다.
"
2021. 03,개발,전직원,2.0,"""정체성 모르는 회사쓴소리 싫어하는 회사비전이 안보임""","
재택근무와 간식 좋은 책상과 의자 그 외에는 딱히재택도 곧 없어질 분위기 읍읍읍때매
","
너무 많아서.. 비전없어보임 연봉동결될수있음 조심하세요합병당시 핵심으로 보이는 경영진들 다 나감 왜일까...?
","
처음 합병할때 얘기했던 유니콘 기업되는거 멀리서 지커볼께요잘되었으면 좋게씁니다.
"
2021. 03,기획/경영,현직원,3.0,"""화합되지 않는 조직, 불투명한 전략으로 애매한 기업""","
사무실 위치 좋음좋은 사람들이 많은...듯..자율복장
","
스타트업이라는데 꼰대스럽고 중견기업이라는데 어설픔쓸데없는데 에너지 다쓰고 돈되는일이 없음사람들, 조직들간 불협화음 심한데 개선 의지도 없음
","
어려운 시기라는건 잘 알지만 이대로 가면 죽도밥도 안됩니다...
"
2021. 02,개발,전직원,1.0,"""세아 그룹에서 평균 근속연수가 가장 짧은 기업""","
사무실에 과자, 탄산음료, 원두커피, 구운계란, 우유가 있어서 아침밥 대신 먹고 싶은 만큼 배불리 먹고 일할 수 있다
","
1. 회사 미래가 불투명하고 업무 역량이 없지만 정치력으로 버티는 직원이 많음 2. 타 계열사에 비해 매우 낮은 급여, 사내 복지가 거의 없다. 3. 폐쇄적인 자체 프레임워크 사용으로 경력단절 효과
","
1. 사무실 스낵바 다 철수하고 그돈으로 급여나 더 챙겨주세요! 2. 회식비도 절반으로 줄여 직원들 급여나 더 챙겨 주세요! 3. 오류 많고 폐쇄적인 sis프레임워크 다 폐기하고 대중적인 오픈소스  사용합시다!
"
2021. 02,개발,전직원,3.0,"""기업이 미래가 보이지 않습니다. 왜 이렇게 되었는지 안타깝네요.""","
굉장히 자유로운 분위기입니다. 재택 근무도 원할 때 할 수 있어요.
","
기업이 미래가 불투명합니다. 내세울 만한 큰 기술도 없고요.
","
신규 사업 추진에 적극적으로 나섰으면 좋겠습니다. 발전을 위해
"
2021. 02,기획/경영,현직원,1.0,"""2년안에 망할회사임. 직원들 다 도망가려고 함. 오지마세요""","
워라벨..  단 세아타워 근무시에만 가능합니니다.재택, 칼퇴 가능. 연차사용 자유로움
","
알파실은 먼지? EX실은 먼지? 신사업본부는 먼지? 돈 쓰는 부서만 있고 돈버는 부서는 기존 유지보수 및 그룹사 ERP MES 개발밖에없음경영진의 무능함을 직원들에게 전가시키면서 연봉동결에  성과금도 없음. 직원들에게 투자를 안하면서 무엇을 할려고하는지 모르겠음.
","
나보다 TG가 더 빨리 나갈꺼 같음. 2년 못버틸꺼 같아서 안습!
"
2021. 02,데이터,전직원,1.0,"""신사업부... 대체 뭐하는 곳인지 이해 불가 여기 뭐하는 회사지...""","
건물이 좋다 세아라는 대기업 계열사 타이틀 합정역이랑 바로 연결됨 카페테리아 잇음
","
부서마다 다르긴 한데 신사업 본부 진짜 사업 방향성도 오지게 왔다갔다 하더니 카피캣 수준 후발주자로 출발하려는 듯 하나 과연 수익을 낼수 있을지 의문.... 팀사람들 풀야근 해서 진척한 업무 내용이 동네 구멍가게 수준이라 경력에 적기 부끄러울 지경
","
오픈 마인드인척 하는 꼰대 기질 좀 버리세요... 실질적으로 본인이 경력만 그럴듯하지 사업을 제대로 성공시켜본 적이 없으신거 같음...
"
2021. 02,개발,현직원,2.0,"""신생회사.. 세아그룹 계열사.. 뚜렷한 사업이 존재하지 않음""","
자율출퇴근, 카페테리아, 상호 님 호칭, 자율좌석제, 재택근무 등 돈과 관련없는 제도는 잘 되어 있고.. 잘 지킬려고 함
","
돈과 관련된 복리는 전무, 급여도 엄청 적음, 뚜렷한 사업이 없음
","
사업목표 및 방향성에 대해 공유해주세요.입으로만 일하는 사람이 너무 많아요
"
2021. 02,데이터,현직원,2.0,"""새로생긴 세아그룹 계옐사, 인지도 낮고 회사이름 뜻을 모르는 직원이 많음""","
입사전형 단순함, 사무실 스낵바 운영, 자유로운 연차, 꼬박꼬박 나오는 급여
","
낮은 연봉, 인사적체, 어린 퇴사자 너무 많고 무능한 노인들만 버티고 있음
","
구조조정 시급함, 놀고있는 노인들 널렸는데 모르고 있는듯
"
2021. 01,기획/경영,전직원,2.0,"""직원들도 정확히 여기가 무슨 회사인지 정의 못내리는 회사.. 회사에 딱히 비전이 있는것같지 않다.""","
스타트업답게 자유로운 분위기. 이것만 장점. 이거 외엔 다 단점입니다..아무리 쥐어짜내려도 딱히 장점이 없음
","
위에서 말했듯 자유로운거 빼고 다 단점. 야근하는 사람은 많은데 딱히 성과는 없는 듯함. 회사에 비전이 없어요
","
돈벌어오는 부서가 몇 없는데..왜이렇게 자율이 많은지 잘 모르겠습니다. 그들이 과연 자율을 누릴 권리가 있는지?..
"
2021. 01,기획/경영,전직원,5.0,"""DT와 데이터 기반으로 스마트 팩토리 및 다양한 신규 사업을 추진하며 가능성이 많은 기업""","
- 스마트 팩토리, 데이터 플랫폼 등 최신의 기술을 개발하고 시장을 개척하는 경험- 딱딱하지 않고 자유롭고  서로를 존중하는 분위기- 대기업 계열사로 안정적인 환경- 의지하고 믿을 수 있는 동료
","
- 새로운 영역을 개척하다 보니 시행착오가 다소 있고 막막한 경우가 있음- 그룹에서 대접이 마냥 좋은 건 아님- 합병의 여운이 아직은 가시지 않고 조직이 정비되고 있는 단계
","
- 제대로 된 성과 평가와 그에 기반한 보상을 실시하면 좋겠습니다.- 시행착오를 장려하고 할 수 있다는 자신감과 도전 문화를 확산시키길 바랍니다.
"
2021. 01,기획/경영,전직원,3.0,"""체계가 잡히려면 아직은 먼 기업.합리적인듯 하나 체계가 없으니 비합리적인 시스템으로 돌아감.""","
세상 자유로운 분위기.업무에 지장만 없으면 재택 가능. 재택 해도 별 이상 없는 그룹웨어툴.간식 제공.
","
그룹웨어 자체가 너무나도 단순함.자율에 맡긴 분위기가 방종으로 빠지기 쉬움.확실한 사업모델이 아직 없음.
","
잘하시겠지만 지금 상황이 매우 안좋습니다.신사업을 꿈꾸게 만들어주는..기존에 있던 분들, 현장에서 프로젝트 하는 분들을 더욱 우대해주세요.무엇보다 교육과 육성 프로그램에 많은 투자 부탁 드립니다.
"
