﻿회사명,주요 업무,자격 요건,채용 절차,복리후생,회사위치
(주)더시그니처,"더시그니처는 넷플릭스, 페이스북, 인스타그램, P&G, 루이 비통, 보스턴컨설팅그룹(BCG) 등 세계적인 다국적 기업에 홍보 및 디지털 마케팅 서비스를 제공하는 전문 컨설팅 기업입니다. 변화하는 홍보마케팅 환경을 선도하는 더시그니처에서 컨설턴트로 활동할 인재를 모십니다.","-	TOEIC score of above 940 or of equivalent test score
-	Outstanding communication & interpersonal skills
-	Fluency of English and Korean in both written and verbal forms
-	Research and analytical skills utilizing resources
-	Team player
-	Responsible, professional, and a fast learner
-	Strong computer skills in Microsoft Office (Word, Excel, Powerpoint)
","1차 서류전형 통과자에 한해 개별적으로 통보
2차 면접 시 영어 회화 및 작문 테스트 있음

- 이력서, 자기소개서 (각각 국/영문), MS Word로 작성 (필수) 
- 블로그, 페이스북, 인스타그램 등 개인 SNS 혹은 디지털 커뮤니케이션 활동 이력 (선택) 
- 졸업증명서, 어학 관련 증명 서류 (TOEFL, TOEIC, TEPS등) 1차 합격 후 제출 
","-       정규직 초봉 4,500 만원 (자기개발지원비 200만원 포함)
-	상시 주 3일 재택근무(코로나 무관)
-	시차출퇴근제
-	자기개발비 200만원 지원
-	생일 축하 백화점 상품권, 추석 및 설 명절 선물 (각 10만원 상당)
","서울 중구 무교로 21, 15층"
(주)스프링온워드,"■ 우리는 이런 회사, 이런 서비스에요.

스프링온워드는 정보 기술을 활용하여 누구나 더 나은 커피 생활을 즐길 수 있도록 소비자, 판매자, 공급자 모두가 풍요롭게 사는 세상을 꿈꾸고 있어요. 
원두데일리'(ONEDO DAILY)라는 브랜드로 커피원두, 커피머신, 케어서비스를 종합적으로 제공하는 Coffee Solution as Service를 운영하고 있어요. 
오피스를 대상으로 고객사를 한분 한분 모시다 보니 많은 분들께서 저희의 커피를 향한 진심과 제공해드리는 서비스에 담긴 진정성을 알아봐 주신 덕분에 오픈 3년 만에 고객사 수 1,500곳을 돌파하며 대한민국 곳곳을 커피 맛 나는 직장으로 만들어 가고 있답니다. 
앞으로 오피스를 넘어, 커피를 소비하는 어떤 공간이든 더 나은 커피 생활을 즐길 수 있도록 새로운 커피 생태계를 만들고자 합니다.
 



■ 우리는 이런 것을 중요하게 생각해요.

1. RESILIENT - 회복 탄력성 : 넘어지지 않는 것보다, 넘어지더라도 SPRING처럼 다시 일어서는 것이 중요해요.
2. TRANSPARENT - 투명성 : 올바른 업무와 의사결정을 위해 가능한 모든 정보는 투명하게 공유해요.
3. EXCELLENCE - 탁월함 : 개개인이 탁월함을 추구할 때, 서로 의지하며 배울 수 있어요.
4. WIN-WIN : 회사와 직원들, 그리고 우리 서비스를 사용하는 소비자, 판매자, 공급자 모두의 성공을 추구해요.
5. IMMERSION - 몰입 : 항상 높은 목표를 추구하는 만큼, 우리가 가진 모든 역량을 끌어낼 수 있는 몰입이 필요해요.
 



■ 우리는 이런 분을 찾고 있어요.

""ONEDO DAILY""는 맛있는 커피와 우수한 서비스, 그리고 탁월한 동료들 덕분에 공격적인 마케팅이나 영업 활동 없이도 빠르게 성장할 수 있었어요.
이제 ""ONEDO DAILY""는 또 한 번의 도약을 위해 우리의 제품과 서비스를 널리 알려줄 커뮤니케이션 및 홍보담당자를 찾고 있어요. 제품과 서비스가 좋고, 또 함께 일하는 동료들이 탁월한 만큼 커뮤니케이션 및 홍보담당자로서 느낄 수 있는 보람과 성취감은 어디에도 뒤지지 않을 거라 생각해요.
 스프링온워드와 함께 만들어갈 커피산업을 변화시키는 여정에 끌리신다면, 망설이지 말고 지금 바로 지원해 주세요 
","- PR 대행사 또는 인하우스 PR 담당 경력 2~3년차 이상
- 다양한 스타트업 및 산업 전반에 관심과 이해가 있는 분
- 내부 관계자와 협업, 언론과의 소통에 필요한 원활한 커뮤니케이션 역량을 갖춘 분
- 국문/영문 커뮤니케이션 대응 가능하신 분",1차. 서류면접  >  2차.실무진 면접  >  3차.임원진 면접  >  최종합격,"- 출퇴근이 편리한 오피스! 23년 9월 새로 이사한 정자역 500m 거리 
 (주소 : 성남시 분당구 정자일로 248 파크뷰오피스타워 15층 1503호)
- 음악이 흐르는 카페에서 일하는 분위기의 사무실이에요
- 점심, 저녁 식사 별도 제공 (법인카드 활용 1만원, 급여 미포함)
- 정기적으로 제공되는 간식들,  유명카페 원두들과 다양한 커피머신으로 얼마든지 원하는 커피를 마셔요.
- 수평적이고 유연한 커뮤니케이션을 위한 상호 영어 닉네임 호칭 
- 정기 타운홀을 통한 구성원간의 상호 커뮤니케이션 및 정보교류 증진 
- 명절 선물 제공
- 경조휴가 및 경조금 지원 
- 외근직의 경우 차량 및 차량지원금 제공
- 스톡옵션 부여 기회 제공
- 최신 사양의 업무용 장비 제공","(본사) 세종시 나성북1로 22, 8층 디펠리체 / (지사) 경기도 성남시 분당구 정자일로 248 파크뷰오피스타워 15층 1503호"
(주)선을만나다,,"⊙홍보대행사 또는 인하우스홍보 4~10년차									
⊙기자네트워크, 클라이언트사 네트워크 보유									
⊙IT 또는 스타트업 홍보업무 									
⊙IT와 디지털에 대한 배움의 자세가 있는분	",,"ㆍ자율출퇴근(8시~10시사이)
ㆍ점심식대 제공(1만원)/야근시 동일적용
ㆍ연말 안식휴가(12/24 오후~12/31)
ㆍ장기근속자(3년이상) 포상유급휴가 15일 지급
ㆍ생일 상품권 지급(10만원)
ㆍ명절선물 지급
ㆍ경조사 휴가
ㆍ교육훈련비 지원
ㆍ와부미팅시 경비제공(교통비 및 식음료 전액)
ㆍ인재추천 포상금
ㆍ성과급 및 인센티브","서울 마포구 동교로23길 41, 3층"
(주)프레인글로벌,"국내 1위 PR 기업 프레인글로벌은 해외 PR AWARDS에서 대상을 수상한 국내 유일의 PR 전문 기업으로 미국 PROVOKE MEDIA에서 발표한 GLOBAL TOP 250 PR AGENCY RANKING 2023에서 국내 1위, 아시아 7위, 세계 57위에 선정되었습니다.

프레인글로벌은 미디어PR, 디지털 마케팅, IMC, 스포츠 마케팅 광고, 해외 홍보 분야의 전문성을 바탕으로 새로운 도전과 혁신을 통해 PR 산업의 영역을 확장하는 노력을 지속하고 있습니다.","• 관련 경력 3년 이상
• 게임을 좋아하고 게임 시장에 대한 이해도가 높으신 분
• PR 에이전시 경력이 있으신 분",,"• Happy Friday (매주 금요일 2시간 조기퇴근)
• 코로나 하이브리드 근무 (주 1회 재택근무)
• 시차출퇴근제
• 사내대출 (주택자금, 학자금, 치료비)
• 자녀학자금 (대학교전액)
• 생일축하 (생일선물, 생일반차)
• 휴가지원사업 (휴가 경비 지원, 휴양지 숙소 제공)
• 경조사 지원 (본인 결혼 200만원 外)
• 명절선물
• 육아보조금 (3년간 매월 지원)
• 단체보험 (실손보험 가입)
• 건강검진 (기본격년, 만 40세 이상 매년, 비용지원, 공가부여)
• 독감백신접종
• 직무교육비 지원
• 미디어구독
• PCG Awards (팀/개인 연말포상)
• 해외 Awards 포상
• 복지포인트 (현금지원)
• Refresh 휴가 (3/5/10년 근속 시)
• 동호회 지원
• 근속포상
• 청년내일채움 공제","서울 중구 칠패로 37, 12층, 14층"
(주)프레인글로벌,"국내 1위 PR 기업 프레인글로벌은 해외 PR AWARDS에서 대상을 수상한 국내 유일의 PR 전문 기업으로 미국 PROVOKE MEDIA에서 발표한 GLOBAL TOP 250 PR AGENCY RANKING 2023에서 국내 1위, 아시아 7위, 세계 57위에 선정되었습니다.

프레인글로벌은 미디어PR, 디지털 마케팅, IMC, 스포츠 마케팅 광고, 해외 홍보 분야의 전문성을 바탕으로 새로운 도전과 혁신을 통해 PR 산업의 영역을 확장하는 노력을 지속하고 있습니다.","• 언론홍보 및 위기관리 경력 2년 이상 
   (3~5년 이상 경력자, 중간관리자 역할 경력자 우대)",,"• Happy Friday (매주 금요일 2시간 조기퇴근)
• 코로나 하이브리드 근무 (주 1회 재택근무)
• 시차출퇴근제
• 사내대출 (주택자금, 학자금, 치료비)
• 자녀학자금 (대학교전액)
• 생일축하 (생일선물, 생일반차)
• 휴가지원사업 (휴가 경비 지원, 휴양지 숙소 제공)
• 경조사 지원 (본인 결혼 200만원 外)
• 명절선물
• 육아보조금 (3년간 매월 지원)
• 단체보험 (실손보험 가입)
• 건강검진 (기본격년, 만 40세 이상 매년, 비용지원, 공가부여)
• 독감백신접종
• 직무교육비 지원
• 미디어구독
• PCG Awards (팀/개인 연말포상)
• 해외 Awards 포상
• 복지포인트 (현금지원)
• Refresh 휴가 (3/5/10년 근속 시)
• 동호회 지원
• 근속포상
• 청년내일채움 공제","서울 중구 칠패로 37, 12층, 14층"
(주)프레인글로벌,"국내 1위 PR 기업 프레인글로벌은 해외 PR AWARDS에서 대상을 수상한 국내 유일의 PR 전문 기업으로 미국 PROVOKE MEDIA에서 발표한 GLOBAL TOP 250 PR AGENCY RANKING 2023에서 국내 1위, 아시아 7위, 세계 57위에 선정되었습니다.

프레인글로벌은 미디어PR, 디지털 마케팅, IMC, 스포츠 마케팅 광고, 해외 홍보 분야의 전문성을 바탕으로 새로운 도전과 혁신을 통해 PR 산업의 영역을 확장하는 노력을 지속하고 있습니다.",ㆍ관련 경력 1년이상,,"• Happy Friday (매주 금요일 2시간 조기퇴근)
• 코로나 하이브리드 근무 (주 1회 재택근무)
• 시차출퇴근제
• 사내대출 (주택자금, 학자금, 치료비)
• 자녀학자금 (대학교전액)
• 생일축하 (생일선물, 생일반차)
• 휴가지원사업 (휴가 경비 지원, 휴양지 숙소 제공)
• 경조사 지원 (본인 결혼 200만원 外)
• 명절선물
• 육아보조금 (3년간 매월 지원)
• 단체보험 (실손보험 가입)
• 건강검진 (기본격년, 만 40세 이상 매년, 비용지원, 공가부여)
• 독감백신접종
• 직무교육비 지원
• 미디어구독
• PCG Awards (팀/개인 연말포상)
• 해외 Awards 포상
• 복지포인트 (현금지원)
• Refresh 휴가 (3/5/10년 근속 시)
• 동호회 지원
• 근속포상
• 청년내일채움 공제","서울 중구 칠패로 37, 12층, 14층"
(주)피알원,"피알원은 통합 마케팅 커뮤니케이션(IMC) 서비스를 바탕으로 퍼블리시티, 프로모션, 디지털PR, 마케팅 컨설팅, 위기관리 등 다양한 PR기능들을 원스톱으로 제공하고 있습니다. 현재 120여 개의 클라이언트, 150여 명의 PR전문인력과 자회사 피알원 크리에이티브앤랩을 보유하고 있습니다. Holmes Report가 발표한 ‘The Global 250 Agency Ranking’에서 2020년도 부터는 100위권 안에 드는 글로벌 대행사로 선정한 유망한 기업 중 하나입니다. 최근, 피알원은 PR을 통해 브랜드의 위기 및 아이덴티티를 관리할 수 있는 심층적인 통합모델을 새롭게 개발, 브랜드 컨설팅 영역과 PR영역의 전략과 전술을 융합한 Branding PR 모델을 새롭게 구축해 나가고 있습니다.","대리~과장 (경력 4~6년)
• 디지털 PR/광고, 웹에이전시 경력 4~6년 이내 경력자
• 디지털 PR 시장에 대한 이해도가 높은 자

차장~부장 (경력 10년 이상)
디지털 마케팅 10년 이상 경력자
디지털 캠페인 총괄 기획 운영 경험이 있는 자
디지털 영상 등의 제작물 운영 경험이 있는 자","- 마감일 : ~ 채용 시 마감
- 전형 절차: 서류전형 > 1차 면접 > 2차 면접 > 최종 합격
* 면접전형의 세부절차 및 진행방식은 상황에 따라 변동될 수 있습니다.
* 자세한 내용은 합격 시 개별 안내 예정입니다.
- 본 채용은 수시 모집으로 적합한 분이 있으실 경우 조기 마감될 수 있습니다.","1. 업무에 몰입할 수 있는 최고의 환경
고객에게 가치를 전달할 수 있는 더 나은 서비스를 제공하기 위해, 노력합니다.
- 노트북, 마우스 등 일체 개인 장비 지원
- 27인치 모니터 1대(디자이너의 경우 장비 일체)
- 여유로운 책상, 만족도 높은 의자
- 편하게 휴식을 취할 수 있는 휴게 공간

2. 구성원의 시간을 존중하는 문화
구성원들의 시간 또한 회사의 소중한 자산입니다.
개인 시간을 존중하고 배려하며, 업무시간에 집중할 수 있는 회의를 지향합니다.
- 매일 아침 팀별 업무 스크리닝 회의
- 팀 리더와 상시 고민상담 가능
- 기업문화 이벤트, 랜덤런치 등 조직문화 이벤트 시행
- 휴식과 구성원끼리 대화를 지향하는 워크샵

3. 적극적인 성장 지원
교육비, 도서비, 세미나, 스터디 참석비 등을 적극적으로 지원합니다.
- 스터디, 세미나를 위한 회의실 지원
- 외부인과 진행하는 스터디 용도로 사용 가능

4. 기타 복지 혜택
함께 일하기 좋은 회사가 되기 위해, 끊임없이 고민합니다.
- 오전, 오후 반차, 반반차
- 매월 2번째 주 금요일 패밀리데이 실시
- 휴가 사용에 사유 필요 없음
- 출산/육아 휴직","서울 서대문구 충정로 70, 19층"
(주)피알원,"피알원은 통합 마케팅 커뮤니케이션(IMC) 서비스를 바탕으로 퍼블리시티, 프로모션, 디지털PR, 마케팅 컨설팅, 위기관리 등 다양한 PR기능들을 원스톱으로 제공하고 있습니다. 현재 120여 개의 클라이언트, 150여 명의 PR전문인력과 자회사 피알원 크리에이티브앤랩을 보유하고 있습니다. Holmes Report가 발표한 ‘The Global 250 Agency Ranking’에서 2020년도 부터는 100위권 안에 드는 글로벌 대행사로 선정한 유망한 기업 중 하나입니다. 최근, 피알원은 PR을 통해 브랜드의 위기 및 아이덴티티를 관리할 수 있는 심층적인 통합모델을 새롭게 개발, 브랜드 컨설팅 영역과 PR영역의 전략과 전술을 융합한 Branding PR 모델을 새롭게 구축해 나가고 있습니다.","대리 (경력 2~5년)
• 언론 홍보 2년 이상 경력

과장 (경력 5~8년)
• 메인으로 고객사 컨택 및 기자 미팅 컨트롤 경험이 있는 자
• 고객사 플래닝 작업 경험이 있는 자
• 논리적인 사고 로직트리 구조자","- 마감일 : ~ 채용 시 마감
- 전형 절차: 서류전형 > 1차 면접 > 2차 면접 > 최종 합격
* 면접전형의 세부절차 및 진행방식은 상황에 따라 변동될 수 있습니다.
* 자세한 내용은 합격 시 개별 안내 예정입니다.
- 본 채용은 수시 모집으로 적합한 분이 있으실 경우 조기 마감될 수 있습니다.","1. 업무에 몰입할 수 있는 최고의 환경
고객에게 가치를 전달할 수 있는 더 나은 서비스를 제공하기 위해, 노력합니다.
- 노트북, 마우스 등 일체 개인 장비 지원
- 27인치 모니터 1대(디자이너의 경우 장비 일체)
- 여유로운 책상, 만족도 높은 의자
- 편하게 휴식을 취할 수 있는 휴게 공간

2. 구성원의 시간을 존중하는 문화
구성원들의 시간 또한 회사의 소중한 자산입니다.
개인 시간을 존중하고 배려하며, 업무시간에 집중할 수 있는 회의를 지향합니다.
- 매일 아침 팀별 업무 스크리닝 회의
- 팀 리더와 상시 고민상담 가능
- 기업문화 이벤트, 랜덤런치 등 조직문화 이벤트 시행
- 휴식과 구성원끼리 대화를 지향하는 워크샵

3. 적극적인 성장 지원
교육비, 도서비, 세미나, 스터디 참석비 등을 적극적으로 지원합니다.
- 스터디, 세미나를 위한 회의실 지원
- 외부인과 진행하는 스터디 용도로 사용 가능

4. 기타 복지 혜택
함께 일하기 좋은 회사가 되기 위해, 끊임없이 고민합니다.
- 오전, 오후 반차, 반반차
- 매월 2번째 주 금요일 패밀리데이 실시
- 휴가 사용에 사유 필요 없음
- 출산/육아 휴직","서울 서대문구 충정로 70, 19층"
잡플래닛,"더 나은 선택은 없을까?
 지금 이 순간에도 잡플래닛을 방문하는 월 300만명의 회원들은 이것이 최선인지 고민합니다. 그래서 잡플래닛은 취업과 이직이라는, 인생의 갈림길에서 뒤돌아오지 않아도 되는 결정을 하는데 무엇이 필요한지 어떻게 해야 할지 고민합니다. 동시에, 안주하지 않고 쉼 없이 성장해 온 기업이 가치에 걸맞는 인정을 받을 수 있는 사회를 그립니다. 모두가 '잡플래닛 덕분에 더 편해! 더 좋아졌어!'라고 말하는 세상을 꿈꾸며, 구직자, 기업, 공공기관 등 모두가 더 나은 선택을 하는데 필요한 플랫폼을 만들어 갑니다.
 
 구성원들의 커리어가 좋아지려면 어떻게 해야 할까?
 잡플래닛은 유저 뿐만 아니라, 우리 팀의 커리어도 고민합니다. 지금보다 더 매력적인 커리어가 되려면 무엇이 필요할까요?
 우리의 답은 2가지 입니다. 첫째, 더 나은 포트폴리오를 위해 개인의 권한과 프로듀싱 속도를 높이는 것, 어디가도 성장 경험을 갖추었다고 납득할 만한 수치적 성장을 확보하는 것. 이를 위해 조직을 애자일하게 움직이며 work scope보다 R&R을 중시합니다. 인위적이고 획일적인 문화보다는 '사람 스트레스' 없는 환경을 지향하며, 경험이 주는 편견보다 데이터가 보여주는 의외의 논리를 신뢰합니다. 우리 팀은 서로를 위해 회사의 성장을 고민합니다. 그래서 서로에 대한 배려와 비전에 대한 공감대를 바탕으로, 범국민적인 플랫폼을 만들어갑니다. 우리는 팀 '잡플래닛' 입니다.
 
 잡플래닛의 비전에 공감하는 분들의 많은 지원 부탁 드립니다.
 
 잡플래닛에 대해 더욱 자세히 알아보기 https://www.notion.so/12051b10bdbb4e77913ce9b645ab0579","[자격 요건]
• 7년 이상의 해당 분야 경력을 보유하신 분
• 현재 PR 트렌드를 파악하고, 전체적인 기사의 맥락을 빠르게 짚어줄 수 있는 분
• 기획력과 스토리텔링이 탁월하신 분
• 커뮤니케이션의 방식,방법,타이밍을 전략적으로 판단 할 수 있는 분","[전형 프로세스]
• 서류전형 -> 1차 실무 인터뷰 -> 2차 경영진 인터뷰 -> 처우 협의 -> 최종 합격
* 진행 과정에서 필요 시, 전형단계 감소 또는 추가 될 수 있습니다.


 [제출서류]
• 이력서, 포트폴리오"," - 분 단위 시차 출퇴근제 (오전 7시~ 오전 10시 사이 자율 출퇴근)
 - 야근하지 마세요😢 그래도 하게 된다면 교통비 및 식대 지원합니다.
 - 직원이 건강해야 회사도 건강하다💪 건강검진 지원
 - 오늘보다 내일 더 ! 올해보다 내년에 더! 자기 개발비 지원
 - 각종 세미나, 포럼, 교육 참석 지원합니다.
 - 잡플래닛 맴버 대소사 걱정을 덜어드리는 경조사비 지원
 - 매 월 마지막 금요일 Refresh할 수 있는 하프데이🎈
 - 기본 연차 외 별도의 여름휴가! 눈치보지 않는 휴가 사용
 - 의료비 더이상 걱정말아요! 연 최대 200만원 의료비 지원👩‍⚕️
 - 즐거운 생일 회사에서만 보낼 수 없죠 ! 생일날은 나만의 하프데이💃
 - 업무 관련 도서구매 무.제.한 ... 두둥! 📚📚📚
 - 커피, 음료 등 간식 무제한 제공 ! 🍫☕🥤 
 - 내부 직원 추천 제도 : 실력 있는 인재 추천에 대한 보상💰
 - 추천직원 6개월 근속 시 보상금 100만 원 지급
 - 1년 이상 재직자 '스톡옵션' 지급","서울특별시 강남구 테헤란로 509 엔씨타워 I, 10층"
(주)스카이벤처스,"(주)스카이벤처스는 2016년에 설립된 회사로 2022년 매출액 130억원, 사원 수 41명 규모의 중소기업 입니다.

스벤은 이런 분들을 기다려요!
- 빨리 보고싶어요! : 빠른 출근 가능자
- 난 뭐든지 할 수 있다! : 자신감과 열정으로 무장하신 분
- 대화도 기술적으로 할 수 있는 소통가 : 소통과 협업 고수
- 약속을 했다면 효율적으로 수행한다! : 효율 / 책임형 인재","- 학력 : 4년제 대졸이상
- 학과 : 무관","전형절차 : 서류전형 > 임원면접 > 대표면접 > 최종합격
제출서류 : 이력서, 경력기술서 및 포트폴리오","- 기본모니터 3대 지원 : 좋은 환경에서 일해요!
- 각종 경조사 지원 : 좋은 지원으로 보답할게요!
- 저녁식사 지원 : 저녁식사 고민 덜어드릴게요!
- 야간 교통비 지원 : 안전한 퇴근길!
- 편한 자유복장 : 대세는 자유복장!
- 개인당 매달 5만원 팀비 지원! : 사이좋게 행복한 스벤 생활!
- 2년 근무 시 안식 휴가 및 근속 수당 지원 : 리프레시 휴가!
- 3년 근무 시 신차 차량지원 : 행복 가득 신차 차량 지원!
- 노력에 따른 보너스 지급! : 스벤 보너스 지급!
- 성과에 따른 인센티브 지급! : 스벤 인센티브 지급!
- 즐거운 해외 워크샵! : 열심히 일하고 보상받는 재충전의 시간!
- 명절연휴, 12월 마지막 근무일 단축근무! : 빠른 퇴근 놓칠 수 없지!
- 사내 프리미엄 정원 보유 : 일하면서 힐링도 함께!
- 7년차 안정적 법인회사 : 안정적인 회사 생활!",서울특별시 성동구 성수동2가 성수이로7길 7 숲 한라시그마밸리Ⅱ 801호
신성통상(주),,"• 학력 : 학사이상
• 경력 : 4년 이상 10년 이하
• 직급 : 대리 - 과장급
• 동종업계 직무 경력자 우대
• 광고홍보 관련 학과 졸업자 우대
• 운동에 관심이 많고 스포츠 마케팅에 이해도가 높은자","서류전형 > 인적성 검사 > 1-2차 면접 > 채용 확정

- 서류 합격여부에 상관없이 전형결과는 개별 연락 드릴 예정입니다.
- 인적성 검사는 서류 합격자에 한해 시행 예정입니다.
- 인적성 검사는 마이크/카메라 세팅이 필요없이 30분 내외로 소요됩니다.","1. 아침/음료는 신성에서!
2. 신성통상 자율주차
3. 다양한 교육기회 부여/사내 도서관
4. 자사브랜드 할인
5. 신성 한우데이!
6. 정시퇴근보장! 셧다운제",서울 강동구 풍성로63길 84
(주)디딤커뮤니케이션,"2007년 디딤커뮤니케이션으로 시작하여, 2014년 법인으로 전환하여 한 계단식 올라서는 ㈜디딤커뮤니이션은 사명에서 알수 있듯이 작게는 임직원부터 크게는 사회의 디딤돌아 되고자 운영 중인 곳입니다. 앞으로도 현재의 자리에서 최선을 다해서, 미래의 디딤돌이 되고자 합니다.

공공분야 브랜딩 전문회사 디딤커뮤니케이션은 “우리와 연결된 사람들의 꿈”에 디딤돌을 만들어서, “사람들이 행복한 세상”을 만드는데 목적을 두고 있는 공공분야 전문 커뮤니케이션 회사입니다.

ICT, START UP, CONTENTS, LOCAL 4개의 전문분야을 기조로 공공기관 브랜딩 전문 기업으로 큰 성장을 이룩하여 한국을 대표하는 공공기관 브랜딩 특화기업을 만들것입니다.

변화와 혁신의 시대를 이끌어 가고, 본인의 변화와 혁신을 이루고자 한다면 당신의 DREAM을 디딤커뮤니케이션에서 만들어 보아요!","- 홍보 제안서 기획 및 제안서 작성 가능하신 분
- 카피라이팅 및 스토리텔링에 역량을 갖추신 분
- 유튜브, 틱톡 등 영상 콘텐츠 기획 및 제작 경험과 역량을 지니신 분
- 홍보 기획 및 제안서 작성 가능하신 분
- 언론홍보 경험이 있으신 분 

- 홍보 마케팅 기획자 경력 2년~ 10년 이신 분
- 기획과 실행이 이루어진 포트폴리오 제출",,"- 장기근속자 포상 및 리프레시 휴가 _ 3년 이상 근속 시 포상 및 15일의 유급휴가 지급
- 생일 선물  _ 생일을 맞은 직원에게 상품권 지급
- 경조사 지원 _ 슬픔은 반으로 기쁨은 두 배로! 경조사비와 경조 휴가 지원
- 교육∙도서 지원금 _ 업무 관련 도서와 교육비용 지원 
- 휴가제도  _ 휴일 근로 시 대체 휴가와 식대 제공, 대체 휴무일 보장, 유급 여름휴가
- 간식 제공 _ 음료와 간식 무한 제공
- 업무 활동비 _ 외근 시 교통비/유류비 지원, 야근 시 택시비/식비 지원, 출장 시 교통비/식비 지원
- 자유로운 분위기 _ 업무에 무리 없는 자율복장에 수평적인 조직 문화
- 자유로운 연차 사용 _ 눈치란 없어요
- 상여금, 성과급, 연차수당 _ 함께 해요
- 당연한거지만 _ 4대보험","서울 구로구 디지털로 271, 7층 705호 (구로동, 벽산디지털밸리lll)"
이오스커뮤니케이션스(주),"BUSINESS DIVISION 
""Union of PR Enthusiasts-Trusted Partner of Global Leaders” 
이오스커뮤니케이션스는 오토, IT, 뷰티, 소비재 등 국내 및 글로벌 리더들의 PR 파트너로 활약하고 있는 PR 컨설팅 회사입니다. 디지털 트랜스포메이션 시대에 필요한 IMC전략, PR 컨설팅, 위기관리, 소셜 및 디지털 마케팅, 캠페인 등 커뮤니케이션 분야에 있어 최고의 경험과 노하우를 기반으로 커뮤니케이션 컨설팅 서비스를 제공하고 있습니다. 

CLEINTS
“클라이언트를 보면, 에이전시의 경쟁력이 보입니다” 
이오스커뮤니케이션스는 폭스바겐, 벤틀리, 람보르기니, 미쉐린타이어, 볼보건설기계, 만트럭, 엔카닷컴 등 주요 자동차 관련 브랜드들의 국내 PR을 담당하고 있으며, 캐논, 와콤, , 슈퍼셀, 가민, 에이수스, 스틸케이스, 로얄캐닌 등 글로벌 1위 기업들의 전략적 파트너로 활동하고 있습니다. 또한 크록스, 미쉐린가이드, 샥즈, ,닥터포헤어, 빔모빌리티, 모다모다 등 다양한 분야의 소비재 브랜드들과 함께 일하고 있습니다.

WORK 
""Work & life balance를 중시하는 젊은 회사”
이오스커뮤니케이션스는 중견 홍보 대행사에서 스핀오프를 하면서 규모가 크지 않지만, 기업 안정성과 워라밸, 개개인의 성과에 대한 보상 등이 확실한 회사입니다. 젊은 구성원 모두가 work & life balance를 존중하는 사내 문화로 동종업계 대비 현저히 낮은 퇴사율을 자랑하며, 국내 로펌 등에서 활용되는 ‘파트너 시스템’를 통해 직원 개인이 회사의 수익을 배분 받는 성과보상제도를 실시하고 있습니다. 
","- 언론홍보 경력 최소 2년 이상
- 제안서 및 성과분석, 컨설팅 가능자",서류 전형 - 1차 면접 - 2차 면접 (필요시) - 최종합격,"• 매월 문화생활비 현금 10만원 지급 (급여 외 비과세 적용)
• 주2회 재택근무
• 신규 클라이언트 영입 시 포상금 및 연말 인센티브 별도 지급
• 회식 강요 문화 X. (팀별 인당 월 5만원 회식비 지급, 자체 식사 및 티타임, 문화생활)
• 3년 근속 시 2주간 유급휴가 (분할 사용 가능)
• 장기 근속자 개별 포상 (5년 단위)
• 업무 관련 교육비 지급
• 생일당사자 10만원 상품권 제공
• 생일 당일 및 월 1회 패밀리데이 조기 퇴근제도
• 기타 경조금 및 경조 휴가 제공 등
","서울 강남구 테헤란로87길 39, 3층"
(주)프레인글로벌,"국내 1위 PR 기업 프레인글로벌은 해외 PR AWARDS에서 대상을 수상한 국내 유일의 PR 전문 기업으로 미국 PROVOKE MEDIA에서 발표한 GLOBAL TOP 250 PR AGENCY RANKING 2023에서 국내 1위, 아시아 7위, 세계 57위에 선정되었습니다.

프레인글로벌은 미디어PR, 디지털 마케팅, IMC, 스포츠 마케팅 광고, 해외 홍보 분야의 전문성을 바탕으로 새로운 도전과 혁신을 통해 PR 산업의 영역을 확장하는 노력을 지속하고 있습니다.",ㆍ관련 경력 3년이상,,"• Happy Friday (매주 금요일 2시간 조기퇴근)
• 코로나 하이브리드 근무 (주 1회 재택근무)
• 시차출퇴근제
• 사내대출 (주택자금, 학자금, 치료비)
• 자녀학자금 (대학교전액)
• 생일축하 (생일선물, 생일반차)
• 휴가지원사업 (휴가 경비 지원, 휴양지 숙소 제공)
• 경조사 지원 (본인 결혼 200만원 外)
• 명절선물
• 육아보조금 (3년간 매월 지원)
• 단체보험 (실손보험 가입)
• 건강검진 (기본격년, 만 40세 이상 매년, 비용지원, 공가부여)
• 독감백신접종
• 직무교육비 지원
• 미디어구독
• PCG Awards (팀/개인 연말포상)
• 해외 Awards 포상
• 복지포인트 (현금지원)
• Refresh 휴가 (3/5/10년 근속 시)
• 동호회 지원
• 근속포상
• 청년내일채움 공제","서울 중구 칠패로 37, 12층, 14층"
(주)프레인글로벌,"국내 1위 PR 기업 프레인글로벌은 해외 PR AWARDS에서 대상을 수상한 국내 유일의 PR 전문 기업으로 미국 PROVOKE MEDIA에서 발표한 GLOBAL TOP 250 PR AGENCY RANKING 2023에서 국내 1위, 아시아 7위, 세계 57위에 선정되었습니다.

프레인글로벌은 미디어PR, 디지털 마케팅, IMC, 스포츠 마케팅 광고, 해외 홍보 분야의 전문성을 바탕으로 새로운 도전과 혁신을 통해 PR 산업의 영역을 확장하는 노력을 지속하고 있습니다.",• 자동차 언론홍보 경력 3년 이상,,"• Happy Friday (매주 금요일 2시간 조기퇴근)
• 코로나 하이브리드 근무 (주 1회 재택근무)
• 시차출퇴근제
• 사내대출 (주택자금, 학자금, 치료비)
• 자녀학자금 (대학교전액)
• 생일축하 (생일선물, 생일반차)
• 휴가지원사업 (휴가 경비 지원, 휴양지 숙소 제공)
• 경조사 지원 (본인 결혼 200만원 外)
• 명절선물
• 육아보조금 (3년간 매월 지원)
• 단체보험 (실손보험 가입)
• 건강검진 (기본격년, 만 40세 이상 매년, 비용지원, 공가부여)
• 독감백신접종
• 직무교육비 지원
• 미디어구독
• PCG Awards (팀/개인 연말포상)
• 해외 Awards 포상
• 복지포인트 (현금지원)
• Refresh 휴가 (3/5/10년 근속 시)
• 동호회 지원
• 근속포상
• 청년내일채움 공제","서울 중구 칠패로 37, 12층, 14층"
봄센(주),"봄센은 빠르게 변화하는 광고 산업 속에서 적응하고, 변화하며, 학습하고, 새로운 시도와 실험들을 과감하게 진행하는 'Difital Transformation Marketing Company'를 추구합니다.

봄센은 광고의 변하지 않는 가치인 개개인의 생각과 아이디어, 개성의 힘을 기반으로 최근 사람들의 정서와 사회적 트렌드에 맞는 콘텐츠, SNS와 DIGITAL과 같은 미디어의 변화, 광고의 효과 제고와 효율성을 위한 데이터의 활용을 통해 클라이언트의 마케팅과 커뮤니케이션을 위한 효과 좋은 동반자가 될 것 입니다.

봄센은 구성원들의 '행복 공동체'를 지향합니다.

봄센은 함께하는 구성원들을 위한 가장 좋은 문화를 가진 회사가 되길 원합니다. 이를 위해 적정한 일과 휴식, 개인의 성장과 발전을 위한 교육, 건강과 삶의 즐거움을 누릴 권리를 보장합니다.",- 경력 2년~3년차,"1차 서류면접 - 이력서, 경력서, 자소서, 포트폴리오 확인
2차 대면면접 - 대표 및 부서장 면접
최종 결과 발표","
- 리프레시 휴가
- 생일 및 명절선물 지원
","서울 성동구 광나루로 176, 11층"
올리브유니온(주),"[우리는 “무슨” 일을 “왜” 하는가?]
-기술과 디자인으로 사회 문제를 혁신적으로 해결하는 일. 
-우리의 재능으로 사용자의 삶을 보다 행복하게 만드는 일.
-우리는 다르기 때문에. 우리에게 ‘의미’와 ‘가치’는 소중하기 때문에.

[올리브 유니온]
-올리브 유니온은 스마트 보청기로 출발한 “디지털 헬스케어” 스타트업입니다.
-올리브 유니온은 한-미-일에서 활발히 성장 중인 “글로벌” 스타트업입니다.
-올리브 유니온은 “호모 헌드레드 시대의 고객생애가치(LTV)”를 중요하게 생각하는 스타트업입니다.
 
올리브 유니온은 혁신적인 스마트 디바이스를 통해, 사용자의 데이터를 머신러닝 처리하여 알고리즘을 고도화 하는 시스템을 갖추었으며, 기술력과 글로벌 시장에서의 혁신가능성을 인정받아 200억 규모의 임팩트 투자를 유치하였습니다. 한-미-일 3개국에서 독자적인 고객층을 형성 중이며, 멋지게 성장하고 있습니다. 올리브 유니온만의 차별화된 전략과 혁신적인 도전은 멈추지 않을 것입니다.
 
올리브 유니온의 비전과 미션, 그리고 앞으로의 미래를 함께 하실 유능한 인재를 모시고자 합니다.

[히스토리]
2023.07 시리즈 C 투자 유치(마에자와 유사쿠 등)
2022.12 인디고고 크라우드펀딩 누적 선주문 435만 달러 달성(한화 약 55억원 규모)
2022.08 업계 D2C 부분 기업가치 ""세계 1위"" 달성
2021.09 올리브 스마트 이어 플러스 출, 패스트 컴퍼니 ‘세계를 바꾸는 아이디어’ 수상
2021.04 시리즈 B 투자 유치
2021.03 인디고고 크라우드펀딩 선주문 220만 달러 달성
2020.01 CES 2020 혁신상 수상
2019.05 시리즈 A 투자 유치, 한-핀 대통령 순방 행사 참석, OECD 포럼 연설(송명근 대표)
2018.10 올리브 스마트 보청기 출시, 인디고고 크라우드펀딩 선주문 90만 달러 달성
2017.11 미국 FDA 및 식약처 의료기기 및 GMP 인증
2016.07 올리브유니온 설립","• 관련 경력 5년 이상
• 영어 컨퍼런스콜 및 커뮤니케이션 가능자
• PR Agency 경력자 (우대사항)
• 헬스케어/의료기기 산업군 홍보 경험자","[전형절차]
서류전형 - 부서면접 - 최종면접","• 월간 올리브 데이 - 가족의 날 (열심히 일하고, 다같이 즐기자!)
• 따뜻한 팀 문화(열정 넘치고, 따뜻한 팀 컬쳐)
• 출퇴근 용이 (2호선 서초역 도보 3분)
• 아침 출근길이 자유로운 시차출퇴근제 출근 (여유가 느껴지는 출근길)
• 각 직무 특성에 맞는 고사양 장비(PC 등) 지원 (가끔은 실력도 장비빨!?)
• 점심스터디를 도시락과 함께! (친목+배움+식사를 동시에)
• 직원건강 든든하게, 종합검진비 30만원 지원!!
• 분기별 회식은 무조건이죠!? (팀 식사, 회식비 지원)","서울 서초구  반포대로28길 24 호원빌딩 5층, 6층"
콘센트릭스서비스코리아(유),"콘센트릭스 Catalyst는 미국 나스닥에 상장된 매출 13조, 직원수 44만명, 전 세계 70여개 국가에서 사업을 영위하는 글로벌 기업 콘센트릭스의 한국 법인으로 디지털 마케팅 및 이커머스 컨설팅 전문 기업입니다.

콘센트릭스 Catalyst는 디지털 마케팅 전 영역(전략컨설팅, UXUI, 웹컨텐츠, 구축/운영, 분석)에  대한 END TO END 서비스 제공 및 E-Commerce 플랫폼의 기획,구축,운영을 수행하며 글로벌 Top-tier 대기업들과의 전략적 파트너로서 입지를 공고히 다져오고 있습니다.

뷰티/코스메틱/전자/자동차 등 글로벌 기업들과의 협업을 통해 다양한 업무 경험을 쌓고 역량을 강화하며 콘센트릭스 Catalyst와 함께 수평적이고 수직적인 성장을 원하신다면 적극적인 지원을 부탁드립니다."," - 직급 : 과장 ~ 부장
  - B2B 기업 홍보/마케팅 경력 7년 이상 필수
  - 영어 능력 필수 (reading & writing)
  - 언론 및 대외기관과의 커뮤니케이션 능력
  - 보도자료 작성 능력
  - 창의적인 아이디어와 기획력","- 서류전형->1차면접->2차면접->최종합격
* 단계별 합격자에 한해 개별 연락 드리고 있습니다.
* 1차/2차 면접 후 인성검사를 실시할 수 있습니다.
* 화상 인터뷰와 대면 인터뷰를 함께 실시하고 있습니다.
- 입사지원서 내용에 허위사실이 발견될 경우, 채용이 취소될 수 있습니다.
","콘센트릭스는 아래와 같은 혜택을 구성원들과 함께 나눈답니다 !

1. For your personal life
• 단체보험 : 질병/재해 사망, 실손보험 제공
• 건강검진 및 독감접종비 지원
• 명절 상품권 지급
• 고등 자녀 교육비 지원
• 주택대출이자 지원
• 호텔 연계할인 프로그램
• EAP(Employee Assistance Program) 전문 심리 상담 자문 서비스
 

2. For your work life
• 야근 식대 및 택시비 지원
• 출퇴근용 주차비 지원
• 직원추천프로그램: 추천직원 채용시 보너스 지급
• 장애를 가진 직원을 위한 수당지급
 

3. For your development
• 신규입사자 OT 및 NEO 프로그램
• 신규입사자 100일 온보딩 프로그램
• 영어 교육비 지원
• 연간 무제한 온라인 학습 사이트
• Hobby club 지원
 
4. For your special moment
• 신규입사자 웰컴키트 제공
• 입사 1주년 축하 선물 제공
• 승진 축하선물 제공
• 각종 경조사 경조금, 근조화환, 휴가 제공
• 장기근속자 포상금 및 특별휴가 제공
• Family Day :설(구정)과 추석 명절 연휴전, 연말 마지막 근무일 조기퇴근
• Refresh Day: 매월 마지막주 금요일 조기퇴근
• Special Day: 생일자 당월 특별 휴가 제공","서울특별시 강남구 테헤란로 509, 5층(삼성동, 엔씨타워1)"
(주)제니엘,"제니엘의 홍보 담당자를 채용하고자 합니다.
•홍보업무 팀원

[Zeniel 최선을 다하는 사람들]
제니엘은 '일하고 싶은 사람이 마음껏 일할 수있는 행복한 사회구현'이라는 미션 아래 인재를 통한 가치경영을 하는 회사입니다.
고객감동의 실현 + 혁신경영의 추구 + 인간존중의 실현을 합친 인재를 통한 가치경영이라는 경영이념 아래에 1996년 창립이래로 총 10개의 계열사와 1개의 비영리단체로 구성되어 있으며 의료, 아웃소싱, 유통/물류/판매, 생산/제조, 시설/보안 등의 다양한 사업을 운영합니다.","• 홍보 직무 경력 2년 이상인 자
• 긍정적인 마인드 보유자",,"• 스마트워크 (신사옥)
• 매월 수요일 조기퇴근
• 자유로운 연차/ 반차 활용
• 신입OJT교육, 직무능력향상교육 진행
• 경조휴가, 경조금
• 생일축하선물 지급
• 교육지원, 도서구매비 지원
• 명절 상여 및 선물 지원
• 콘도/ 리조트 등 휴양시설 지원
• 본인 및 가족 건강검진 지원
• 직원대출제도 마련
• 장기근속자  포상",서울 서초구 효령로 402 제니엘빌딩
케이웨더(주),"케이웨더는 지난 1966년 사단법인 한국기상협회로 시작하여 1997년 민간예보사업제도의 도입과 함께 국내 최초의 민간 기상업체로 출발하였습니다. 케이웨더는 국내의 국공기관과 언론 방송기관을 포함한 약 4000여 업체에 기상정보를 포함하여 다양한 고품질의 컨텐츠를 고객의 다양한 요구에 맞게 가공, 생산하여 지원하고 있는 종합 컨텐츠 제공업체입니다. 케이웨더는 컨텐츠 제공뿐만 아니라 모든 정보통신 기술지원 및 전자상거래 사이트 구축, ERP의 정보관리시스템 구축, 홈페이지 구축 등의 SI지원을 통해 인터넷 상의 Total Solution을 제공하는 업체입니다.
2022년에는 가족친화 기업, 청년친화 강소기업 인증을 받으면서 Work & Life Balance 우수 기업임을 입증 했습니다.","• 학력 : 대졸이상
• 경력 : 3년 이상",,"• 패밀리 데이
• 자유료운 반차, 연차 사용 
• 각종 경조사 지원
• 최신사양의 업무장비 s/w 지원
• 휴게실 및 탕비실(최고급 커피머신 구비 및 커피, 차 제공)
• 청년내일채움공제 지원
• 야근, 주말 근무 시 식대 지원
• 명절 선물 지급
• 자율 복장 근무
• 생일 축하금 지원
• 남성 출산휴가
• 자사 제품 구매시 할인 적용
• 백신유급휴가","서울 구로구 디지털로26길 5 (구로동,에이스하이엔드타워1차)"
(주)피알원,"피알원은 2006년 설립 이래로 광고 및 홍보 종합대행, 캠페인, 디지털PR을 주요사업으로 하고 있으며, 200여명 규모의 기업입니다.

사세확장에 따라 언론홍보를 담당할 인재를 채용중에 있사오니 많은 관심과 지원 부탁드립니다.","• 언론홍보AE 유 경험자
• 이슈 및 위기관리 컨설팅 가능
• 영어 작문 및 라이팅 가능자",,"• 안식월, 장기근속자 및 우수사원 포상, 인센티브, 퇴직연금, 직무교육프로그램 운영
• 내일채움공제, 근로자휴가지원사업 등","서울 서대문구 충정로 70, 19층"
