﻿날짜,직무,고용 현황,별점,요약,장점,단점,경영진에게 바라는 점
2023. 09,서비스/고객지원,전직원,3.0,"""워라밸 보장과 구성원들을 위한 복지를 위해 노력하는 회사""","
1. 복리후생 차별없이 모두 적용. 자유롭게 사용 가능- 연차/반차/반반차 자유롭게 사용 가능- 칼퇴 가능- 유연근무제- 자유로운 휴식 시간- 도서비지원/헬스지원/주차비지원/점심 제공 (이모님 밥 맛있음)/ 간식 제공2. 모난 구석없이 착하고 좋은 동료들3. 인사팀/상급자/대표에 구분없이 면담(미팅)에 대한 수용적 태도
","
- 시니어의 부재 및 업무 관련 스킬업 어려움- 능동적 태도보다는 수동적 태도의 업무 성향을 띔- 부서 특성상 무분별한 당일 연차 반반차 반차 사용으로 인한 대무자의 업무 증가 있을 수 있음
","
이미 퇴사해서 바라는 건 없습니다. 번창하시길 바랍니다. 화이팅!!!!!
"
2023. 09,법률/법무,전직원,1.0,"""팀원들과의 끈끈함으로 이루어진 기업 그 이상도 이하도 아님.""","
연차 눈치없이 사용가능 구내식당있고 휴식룸이 있어 좋았다유연적근무시간도 좋았다
","
복지제도가 많지만 그렇다할 복지제도는 아니여서 겉만 번지르한걸 느낄수있음. 경영이 그렇게 잘 되진 않는거같음일하는 사람만 일하고 요구하는건 많고 윗사람들?은 일을 벌려 놓고 처리하지 않아 힘듬 ㅠㅠ
","
뭐든 해보는건 좋으나 이성적이였으면 좋겠음아직 체계가 잡히지않은 느낌이 너무 많이 들었음ㅋ
"
2023. 07,미디어/홍보,전직원,5.0,"""같이 성장하고 꿈꿀수 있는 기업 가까웠다면 오래 다녔을 회사""","
자유로운 사내 분위기 속 파이팅 넘치는 업무환경구내식당이 있고 안마의자도 있음
","
굳이 단점으로 꼽자면 업무가 다소 단조로울 수 있음이거 외에는 딱히 느껴지는게 없음
","
앞으로도 하는 사업 더 번창하시길 바라겠습니다재밌게 일 하다가 갑니다
"
2023. 07,마케팅/시장조사,현직원,4.0,"""스타트업의 장점을 느낄 수 있음다른회사보다는 재미있음 열정있고 능력있는 사람을 원하지만그정도 능력있는 회사인지는 아직 의문임""","
연차자유수평적인지는 잘 모르겠지만 그렇다고함복지도 우수한 편직원들 편의를 잘 봐주는 편점심식사제공간식 많음
","
열정과 능력주의팀리더 중 같이 일하기 싫은 사람이 있음언행이 문제인데 본인도 알면서 안고치는듯 인사담당자가 인사업무를 제대로 하지않음경영지원부서로 지원업무만하는게 맞을듯스타트업이라 그런것도 있겠으나 인사담당자가 신입이고 주도적이지않은게 문제인듯본인도 잘몰라서 배우면서함직원들한테 힘이 안됨
","
투자를 좀 받을 필요가 있어보임하고싶은거 말하면 돈에서 막힘
"
2023. 06,마케팅/시장조사,전직원,3.0,"""소통보단 통보, 평등보다는 그들만의 연대. 그들만의 종교가 형성된 느낌. 스타트업 가스라이팅을 경험하고 싶으면 추천.""","
연차 자유, 중식 제공, 스낵바 무료, 자율 출근 음 그 외에 뭐 깨끗한 사무실. 사람들은 다 좋음(윗선 제외) 분위기는 자유로움.
","
소통을 중요시 하지만 통보에 가까움. 수습기간 평가 기준이 뭔지는 모르지만 열정을 보여주기를 원하며 그런게 없을시 수습기간 연장 요구 또는 연봉 삭감 통보. 근데 문제는 모든 수습들이 겪었던 그들만의 열정 테스트.대부분 팀의 윗선들이 지인. 처음 들어가면 물에 떠다니는 기름인듯한 분위기를 느낄 수 있다. 대부분 나이대가 어리지만 젊꼰 분위기 형성(윗선들)
","
열정을 바라기보단 먼저 보여주세요. 소통을 중요시한다면 통보가 아닌 소통을 하시기 바랍니다.
"
2023. 06,유통/무역,전직원,2.0,"""기업 생명력이 다 한 것 같은 느낌? 그냥저냥 다닐만 함.""","
연차는 알아서 쓸 수 있음. 업무 강도 그리 쎄지 않음. 분위기 조용 함.
","
그들만의 라인이 있음. 대표의 주관이 많이 개입 됨. 인센의 형평성 없이 대표 마음. 미래 성장 비전 없음.남성 위주 진급.
","
성과에 대한 객관적인 평가? 약속된 복지 이행 부탁해요.경지부만 편애하지 말아주세요.
"
2022. 10,기획/경영,현직원,4.0,"""지속적으로 성장하고 있는 스타트업으로 학력, 경력이 아닌 오로지 본인의 역량 기반으로 인정받고 주도적으로 업무를 할 수 있는 회사""","
수평적인 회사 분위기점심 식사 제공자유로운 연차 사용불필요한 야근 없음도서구입비 지원회사 내 브랜드 직원 할인매 월 간식 구매
","
2030으로 구성되어 있어 시니어의 부재로 확실한 체계는 없다고 느낌
","
신규 사업 추진에 적극적인 투자 의지를 보여 줬으면 합니다!!
"
2022. 10,마케팅/시장조사,현직원,5.0,"""하고싶은 일을 찾아주고할 수 있게 해주는 곳""","
연차 사용이 매우 자유롭다정말 수평적인 구조를 지향하는 곳도서비 무제한 지원이 매우 매력적생일에는 선물도 챙겨줌주차비 지원이 되고 주차장이 크고 좋음간식을 내가 먹고 싶은걸 넣을 수 있어서 넘 좋음점심식사가 정말 정말 맛있음야근은 일체 없음
","
내가 할 일은 무조건 내가 찾아야함수동적인 사람은 힘들 수 있음
","
지금은 바라는 점은 없음원하는건 언제든 이야기할 수 있어서 좋음
"
2022. 10,디자인,전직원,5.0,"""대표 마인드 부터가 다른 곳. 유일하게 직원들을 위한 회사 환경이 좋아야 회사가 성장할 수 있다고 생각해서 많은 지원을 해주는 곳""","
수평적인 척 하는 회사들이 많은데 여기는 정말 수평적인 회사.닉네임제를 사용하여 직급이 나누어져있지 않고 편하게 다가갈 수 있음.주방이모님을 회사 내로 상주시켜 매일 점심식사 제공.휴게실에 원하는 간식들 상시 구매.운동기구를 다루는 회사이다 보니 점심시간에 원하면 운동 가능.회사가 굉장히 깨끗함
","
인천에 살지 않으면 멀다는 단점이 있음 (자차가 없다는 기준하에)매일매일 컨텐츠를 만들어내야 한다는 부담감초반에는 기존 있는 사람들 사이에 잘 못낄수 있음
","
제가 있었을때랑 지금이랑 대표님이 바뀐걸로 알고있는데 그분도 같이 일을 하셨던 분이니 잘 하실거라 생각합니다! 365위더스 화이팅
"
2022. 02,마케팅/시장조사,전직원,4.0,"""열정적으로 다양한 일들을 경험할수있습니다. 경험의 깊이는 사람에 따라 다를겁니다.""","
마케터의 역할의 범위가 크기때문에 노력하는 만큼 인정받고 새로운 도전을 할수있습니다. 대표님이 인플루언서다보니 다양한 사람을 만날 기회들이 있습니다.
","
마케터가 전체를 리드하다보니 마케터 외의 분들은 기회가 적을 수 있습니다.
","
모든 직원들을 믿고, 맡기는 문화는 사람마다 받아드리는게 다를겁니다. 좋은 인재 합류해서 더 큰 목표 이뤄냈으면 합니다.
"
2022. 02,마케팅/시장조사,전직원,4.0,"""다양한 운동 크리에이터들과 소통하며 자유로운 분위기에서 일 할 수 있다!특히 인천에서 이런 분위기의 젊은 회사는 찾기 힘들 것 같은데 비교적 깔끔한 동네인 청라에서 출퇴근을 할 수 있다는 것도 좋음~""","
수평적인 사내 문화이모님께서 직접 해주시는 매일 다른 메뉴의 점심 식사좋은 팀원들
","
회사 위치가 청라인데 신도시라서 차가 없다면 교통이 살짝 불편할 수 있음조용해야 집중이 잘 되는 사람들에는 시끄러울 수 있음
","
지금처럼 같은 위치에서 대화해주시고 이해해주시는 것은 좋으나1대1 인터뷰 시 말투를 좀더 온화하게 해서 진정한 대화를 나누었으면 ㅠ
"
2021. 03,마케팅/시장조사,현직원,5.0,"""자신의 의지만 있다면 원하는만큼 발전할 수 있는 공간.""","
연차 눈치 없이 맘껏 사용가능,칼퇴 가능, 수평적 구조 지향함. 원하는 자료들에 대한 완벽한 팀원들의 서폿집 밥 제공함
","
빠른 사업확장으로 바쁘고 정신없을 때가 많음위의 시기때는 야근이 존재함 스텝바이스텝원함
","
스텝바이스텝으로 사업확장을 진행하면 좋을듯합니다.최소한 한 사업군이 자리잡고나서 진행했으면함
"
