﻿회사명,주요 업무,자격 요건,채용 절차,복리후생,회사위치
세무법인늘벗 강남점,"세무법인늘벗은 2017년 설립 이래로 구로점, 세종점, 강남점, 센트럴점을 두고 매년 비약적으로 성장하고 있는 있는 세무 전문가들 입니다.
세무회계 기장 업무부터 재산세제, 세무조사까지 다양한 영역에서 고객분들의 니즈를 충족시켜 드리고 있습니다. ",세무회계 기본 지식과 소양을 쌓고 관련 세무회계 자격증을 소지한 성실하고 긍정적인 마인드를 갖춘 인재,"1차 서류전형,   2차 면접전형","사대보험, 상여금, 퇴직금, 리프레쉬 휴가

명절선물, 생일선물, 출산선물

휴게공간, 간식 커피 상비","서울특별시 강남구 테헤란로4길 36, 9층 901호"
