﻿날짜,직무,고용 현황,별점,요약,장점,단점,경영진에게 바라는 점
2023. 09,연구개발,전직원,4.0,"""좋은 사람들과 즐겁게 일했던 좋은 기업""","
전반적으로 사람들이 좋음즐겁고 밝은 분위기책임감 있게 열심히 일하는 사람들 많음복지 좋음(다과, 각종 지원, 탄력 근무제 등등)점심, 저녁 식대도 넉넉함법인차 운용개인적으로 커피 좋았음, 하루 한잔 이상 필수(맛은...)
","
체계는 잡혀가고 있음팀 마다 목표로 하는 미래가 다른거 같음
","
묵묵히 자기 일 열심히 한 사람들에게 충분한 보상과 열렬한 지지를 동반해 줬으면 함.
"
2023. 08,개발,전직원,2.0,"""사람들과 친해지면 좋은 회사... 지만 과연?""","
직급이 따로 존재하지 않고 서로가 존댓말을 씀점심비 지원됨야근하면 저녁도 사주기는 함월세나 차비 지원을 선택해서 받을 수 있음
","
포괄임금제임업무에 성취감이 없고 본인 명함에 적힌 담당 업무 외의 일을 많이 하게 됨정치가 상당히 심함팀마다 대우가 틀림
","
이미 퇴사했기 때문에 바라는 점은 없습니다.
"
2023. 01,전문직,현직원,5.0,"""개발 가능성이 무궁무진하고. 국내외 증강현실 분야에서 한 영역을 확보하고 있음""","
자유로운 의사소통, 급여, 복지(점심 값, 복리후생비, 주거지원 등), 성장해나가는 기업
","
아직 성장하는 중이라 체계가 확고하게 잡혀있진 않음위치가 서울에서 벗어나 있음인력이 충원될 필요가 있음
","
신규 사업 추진에 적극적인 투자상장하기 위한 체계적인 준비
"
2022. 12,개발,현직원,5.0,"""너무 좋아요!!!! 완전 좋아요!!!!!""","
연차를 윗사람 눈치 안보고 쓸수 있음, 중식 제공, 다과 및 음료 제공,자율출근제 기타 등등
","
회의 시간이 많다, 부서간의 협업이 잘 안되는거 같다, 아이디어 기업이다 보니내부 부서간에서도 정보공유가 잘 안된다
","
그닥 불만사항은 없습니다. 지금처럼 같이 열심히 커 나갔으면 좋겠습니다
"
2022. 10,연구개발,전직원,2.0,"""개발자에게 대우해주는 기업이고 동료들이 괜찮은 편임.""","
복지가 좋은 편이고 경력직 연봉도 괜찮은 편직원들도 대체로 좋은 성품을 지녔음업무가 타이트하지 않은게 장점이자 단점일듯
","
사람마다 다르겠지만 업무적 성취감을 느끼기 어려웠음 인사평가에 대한 평가기준이 다소 억지스럽다고 느꼈음일부 윗사람 중 막말에 분위기 흐리는 사람이 있었고 나대는 젊은 꼰대들도 있었음
","
짧게 다녀서 할말은 없음 ....사람관리는 해야겠음 ....
"
2022. 07,생산/제조,전직원,4.0,"""깔끔하게 일하기 좋은 환경을 가진 곳""","
근무할 때 편안하게 일 할 수 있는 분위기를 가진 곳,  최고의 기술력을 가진 곳
","
출퇴근 시간이 조금 오래걸리는 편, 연봉이 생각보다 실수령할 때 크지 않다 ..
","
연봉 실수령액을 올려줬으면 좋겠습니다 .. 워라밸 지켜주세요
"
2022. 05,연구개발,전직원,4.0,"""그냥 저냥 다니기엔 나쁘지 않음, 내 지인이 들어온다면 추천임.""","
직원 복지는 중소기업 안에서는 탑이라고 생각함, 채용공고에 올라온 내용이 사실이고 직원이 뭐 요청하면 잘 들어주긴 함.
","
사내 문화가 모두를 존중해주긴 하는데 반대효과로 이상하게 구는 사람도 존중해준다는거임그게 좀 별로임 잘하는 사람만 바보되는 느낌이랄까
","
잘못된 건 잘못됐다고 얘기를 좀 해줘야 할 것 같음
"
2022. 05,생산/제조,전직원,5.0,"""미래 유망함. 대표가 캐리하는 듯한 회사느낌. 연구원들이랑 경력직들은 대우를 많이 해주는 회사""","
'님'자 호칭하면서 서로 존대하는 것은 좋음. 나이 상관없이 할 말은 하는 분위기라서 나쁘지 않음. 복지 불만 많다고 하는 분들 계시긴 하는데  말만 하고 퇴사자 없는거 보면 복지는 중소기업 치고 좋은 편에 속한다고 생각함. 급여수준과 스톡옵션도 경력직은 업계 상위 수준이라고 생각함.
","
어느 회사나 비슷하지만 신입들 우대받는 느낌은 없음. 급여 수준이나 스톡옵션 계약에서는 신입들은 민망한 수준인 경우도 있다고 봄. 팀마다 분위기가 너무 다른데 어떤 팀은 신의 직장 느낌이고, 어떤 팀은 너무 보수적인 느낌도 있음. 열심히 하는 사람과 열심히 안하는 사람간의 갭이 크다고 느껴서 상대적인 박탈감도 느낄 수 있다고 생각함
","
불만만 많은 사람에게 잘해주기보다는 조용히 착실하게 하는 사람을 알아서 잘 챙겨주는 이상적인 모습이 있으면 좋겠음.
"
2021. 11,연구개발,전직원,1.0,"""충분한 기술과 능력이 있는 인재들을 보유한 회사. 단 CTO만 문제""","
대기업못지않은 복지 시스템괜찮은 동료들이 많이 있음점심 저녁 제공
","
본인이 가장 대단하다고 믿는 CTO책임지기보다는 탓할 직원을 찾는 CTOCTO외에는 딱히 단점은 없다
","
직원을 존중하고 믿어주세요자율성을 강화하고 그에따른 책임과 성과를 온전히 직원이 질수 있도록 해주세요밑에 5점짜리 리뷰도 문제네요
"
2021. 11,연구개발,현직원,5.0,"""미래 VR AR 사업을 이끌 수 있는 희망찬 기업이며, 경영진들의 소통과 협력을 위해 노력하는 모습이 좋고, 젊고 깨끗한 기업입니다. 존중과 신뢰의 문화가 좋습니다.""","
자율과 소통문화, 선도적인 기술, 책임감 있는 경영진, 실수를 용서하고 기회를 부여하는 문화, 솔직한 경영활동 공유
","
사업모델 구체화가 필요하며, 비전이 있으나 현실적인 어려움을 해결 할 수 있는 능력이 아직 부족합니다. 경험이 다른 사람들과의 소통 시 어려움이 있으나, 좋아지고 있어요
","
젊은 리더로써 바른 경영진의 모습을 계속 유지하여 주세요.
"
2021. 10,영업/제휴,전직원,3.0,"""스타트업으로 기술에 대해 시장에서 상당히 주목받는 회사이고 성장가능성이 높다고 생각함""","
복지가 아주 좋고 연봉도 업계에서 꽤 높은편에 속한다 위치도 접근성이 좋은편이라고 생각한다
","
스타트업이다보니 아직은 체계가 확실히 잡혀있지 않다고 생각함 차차 나아질것
","
대외활동이 더 필요하다고 생각함 아직 블루오션인 사업인만큼 초기 포지션이 중요하다고 생각함
"
2021. 08,개발,전직원,2.0,"""CTO 아이디어로 투자 받은 회사그 CTO는 그 아이디어만 있었다""","
우유부단하고 사소하게 자주 싸우는 임원진 덕분에 쉬면서 월급 받음
","
큰 장점이 없지만 CTO의 역량과 행동을 제외하면 큰 단점도 없다.
","
가치가 높을때 매각 추천두분은 서로 다른 사업 하는걸 추천
"
2021. 07,연구개발,현직원,3.0,"""한국보다 세계에서 더 주목받는 기업으로 미래 성장 가능성이 큰 기업""","
연차 눈치안보고 쓸 수 있음, 자기계발비 10만원 지원, 유연출퇴근
","
프로젝트를 진행하다가 조금 흥미가 떨어지면 흐지부지 되는 경우가 많음, 이것 저것 벌여놓고 제대로 마무리하지 않고 대충 넘어가는 일이 많고, 업무 범위나 회사 규범등이 있긴 하지만오너 기분따라 정해지는 경우가 많음
","
신규 사업 확장보다 이미 진행하고 있는 일부터 잘 마무리했으면
"
2021. 05,생산/제조,전직원,3.0,"""개발자가 대우받으며 보람차게 일할 수 있는 곳, 사내 문화가 진취적이어서 잠재력을 마음껏 발휘할 수 있는 곳""","
자기계발 지원, 식대 넉넉히 지원, 유연 근무제 적용 등 선진 기업문화
","
설립연차가 적은 기업이다보니 경영 노하우 부족, 효율적 인적 관리 미흡
","
소통에 더욱 적극적인 모습을 보여주었으면 한다. 상호간의 원활한 소통 희망
"
2021. 01,연구개발,전직원,3.0,"""스타트업으로 노력과 능력있는 직원이 대접받는 곳 입니다.""","
연차를 윗사람 눈치 안보고 씀자기개발비 있음통비, 교통비 지원
","
생각보다 의소사통이 안됨.무엇을 어떻게 만들어야 하는지 잘 모르는거 같음
","
좀 더 면밀하게 현안을 파악하고 문제 해결에 같이 노력하는 모습이 필요
"
2023. 08,연구개발,전직원,2.0,"""라이다를 개발하는 회사입니다.현대차에서 분사한 임원들 주축으로 설립되었어요!투자도받아서 성장하는 기업^^""","
미래유망아이템을 개발함으로 커리어를 쌓을수있음.아직은 우리나라에서 몇안되는 차량라이다를 개발하는 회사임.다시말해서 미래를보고 다니기 좋다고생각해요!음 또, 직원들이 거의 모나지않아서 좋고 잘지냄. 술도 자주 직원들끼린 하고.과자랑 라면제공.새의자 편안함. 구웃~
","
경영진끼리 의견이 자주 맞지않으니 직원들이 고생.가끔 저렇게 서로 안맞는데 어떻게 같이 창업했나가 직원들의 의문일정도로 서로 사이가 안좋음. 그걸 직원들은 모른다고 생각하시는지 :)딴데서 좀합의보고 지시만 줘도 좋은데 그게안되니깐 실무자는 고생하고 시간낭비하는것이 제일 힘들었어요. 팀장님 두분 앞에서 몸빵해주느라 그건 감사했슴.그래도 결국은 경영진 측만 대변해서 서운했어요. 분위기는!  스타트업같지 않은 보수적 문화 ㅋㅋㅋ출퇴근시간 매일관리하고. 숨막혔음. 46시간이상 강요 ㅠ_ㅠ특허도 많이 내라고하고 정작 윗분들은 안냄ㅋ 잔소리만ㅎ또... 회사 인근에 뭐가 없어요.
","
비전도좋고 직원들도 좋은데 경영진들이 좀 잘하셔서 쭉 발전하면 좋겠습니다. 응원할게요.회사는젊은데 경영은 보수적..그니까 꼰대마인드론 힘들어보여요.그리고 현대차출신이라 그런지 묘하게 깔보는 듯한 대화법.뭔가직원들을 하청업체 다루듯? 직원들 맵찟..나만 느낀거 아님.암튼 화이팅하세요 ^o^
"
2023. 07,개발,전직원,2.0,"""오토모티브라는 진입장벽 높은 곳에서 몇 안되는 라이다 기업""","
자유로운 연차사용, 스낵바, 좋아지는 환경과 분위기, 열정적인 사람들
","
현차 출신 임원들로 중소 중견의 제조시스템 경험이 없어 제품 개발에 많은 문제점이 있음. 제품 양산 여부가 불투명. 다른 스타트업 문제점들 다 가지고 있음.46시간(포괄임금제)
","
좋은 인력 충원과 중소중견 제조업 시스템에 대한 공부가 필요한 시점.
"
2023. 03,생산/제조,현직원,4.0,"""미래가 밝은 회사.스타트업의 장점으로 회사 분위기가 좋고, 업무가 딱딱하지 않아서 좋아요.""","
연차 눈치 안보고 사용.팀장님들이 좋음.회사 사람들이 좋음.
","
단점을 뽑으라고 하면,스타트업이라 완벽하지 않은 업무분장??
","
판매 많이 해주셔서 뽀찌 마니 주세요.지금처럼 분위기 좋은 회사 유지해주세요~
"
2023. 02,연구개발,현직원,4.0,"""차량용 라이다 개발 스타트업으로 연구직으로 괜찮은 젊은 회사""","
자율출퇴근제, 스낵바 운영, 젊은 실무진, 직원들이 열정이 있음, 딱딱하지 않은 문화
","
판교지만 주변 인프라가 좋지 않아 식사가 번거롭고 대중교통 이용이 어려움
","
입사초기보다 점점 분위기 및 문화가 개선되고 있는점이 느껴집니다.
"
2023. 02,개발,현직원,1.0,"""개발자가 열정을 가지고 일을하나 업무 외적으로 아쉬운 점이 있는 회사""","
연차를 눈치 안보고 씀.판교 스타트업 좁은 사무실에서 작년에 지식산업센터로 이전 하여 예전 보다는 넓어진 사무실. 탕비실에 컵라면 및 커피 제공.개발 아이템이 비전 있다.
","
1.예전 근무지 보다는 넓으나 이전한 사무실도 좁다.2.기존 인원들은 주차가 되지만 최근에 입사한 사람들은 주차지원이 안되어 불만들이 있어보임.3.밥값이 연봉 포함. 4.대표의 주 46시간 강요. 작년에 이슈되어 해결되나 했으나다시 46시간 강요 중.5.스타트업 임에도 불구하고 쓸데없이 과한 업무보고서 작성 강요. 팀장들도 힘들 듯.6.무리한 일정 강요.
","
간판없는 스타트업에 아이템 하나 보고 순수한 열정으로 일합니다. 그런데 주차로 신구 갈등 만들고, 시대 뒤떨어진 주 46시간이상 근무 강요에 수많은 업무외 간섭에 직원들은 지칩니다.직원들이 얼마나 더 버틸지 모르겠네요.투자 받은 돈으로 다시 뽑으면 그뿐일까요?초창기 개발 자원들이 곧 인사입니다.아직은 볼거없는 회사서 직원들이 라이다 하나보고 개발하고 있습니다. 직원들 목소리도 좀 들어주세요.사모님 입사하시고 좀 나아질까 기대했는데 많이 아쉽습니다.
"
2022. 08,연구개발,현직원,4.0,"""스타트업으로서 자율주행 관련 아이템을 개발하는 회사""","
하계휴가 있음, 판교라는 지리점 이점, 젊은 사람들이 주축인 회사라이다 센서 관련 다양한 개발을 경험할수 있음
","
판교이지만, 제2 밸리에 위치하여 교통 낙후 / 주변에 인프라가 좋지 않음임원들이 자동차 출신들이라 보수적인 경향이 있음
","
직원들의 처우에 대해 많은 고민을 해줬으면 합니다.스타트업이 성공하기 위해서는 직원들의 목소리에 귀를 많이 기울여야 합니다.
"
