﻿회사명,주요 업무,자격 요건,채용 절차,복리후생,회사위치
(주)레티널,"레티널은 2016년 9월 설립된 기술벤처 기업으로, 증강현실 스마트 글래스의 디스플레이 부에 들어가는 광학계를 독자적으로 개발해온 기업입니다.

회사설립 1년 만에 네이버 및 플래티넘기술투자로부터 8억원 투자를 이끌었으며, 다시 2018년에 네이버, 카카오벤처스, KB인베스트먼트, DSC인베스트먼트, 코리아에셋 및 플래티넘기술투자의 60억원의 추가 투자를 유치하는 데 성공하였습니다.

레티널 기술력의 핵심은, 구글, 마이크로소프트, 애플 등 글로벌 기업들도 풀지 못한 스마트글래스 광학계의 기술적 한계를 전혀 새로운 방식으로 극복하고 있는 독자적인 기술력입니다. 이미 미국 최고 광학회인 SPIE의 PRISM AWARDS 수상 경력과 CES 혁신상 수상을 통해 그 사실을 인정 받았습니다.

레티널의 '핀 미러' 기술은 스마트글래스에 적용하면, 경쟁기술 대비 월등한 심도, 시야각, 색 표현을 제공하면서도, 안경형 플랫폼을 만들 수 있을 정도로 경량화시킬 수 있는 기술로 평가받고 있습니다.","1. 지원 자격 분야의 2년이상 경력자 
  - 석박사 졸업자 지원 가능 (석박사 학위자 : 신입 가능) 
2. 광학 디자인/모델링 방법 및 결상/조명계를 위한 Tool 사용 가능자 
    (LightTools, CodeV, Zemax, FRED 등)
3. 물리, 전기, 전자, 기계, 광학, 디스플레이 또는 유사 분야의 학사학위
4. 물리, 광학, 전자회로 시스템 관련 실험 경험
5. 업무 도구(MS Office – Excel, PowerPoint)에 대한 숙련도
6. 대학 기초 수학(기하학, 선형대수학, 수치해석)에 대한 이해","STEP1. 서류전형
STEP2. 1차 실무 면접
STEP3. 2차 경영진 면접
STEP4. 최종 합격","■ 일에 대한 보람과 의미를 발견할 수 있는 직원 복지
- 스톡옵션 : 입사 시 전 직원에게 스톡옵션 제공  
- 식비/간식비 : 중식 제공, 음료&간식 무한 제공 
- 휴가제도 : 자율휴가제, 생일휴가, 리프레쉬 휴가(3년, 5년 장기 근속자)
- 패밀리데이 : 매월 첫째 주 금요일 오후 3시 퇴근
- 교통비 : 자차 주유비, 주차비 or 대중교통비용 지원 
- 통신비 (개인 핸드폰 통신비 지원)
- 주거 지원비 (월세, 전세금 지원) : 회사 반경 5km 이내 거주 시 
- 명절선물 (명절 전 직원 명절 선물 지급)
- 종합건강검진 : 연 1회 지원 (배우자 및 직계가족 양도 가능)

■ 몰입과 즐거움을 위한 근무환경
- 유연근무제 (오전 8시~10시 30분 사이 출근, 일 8시간 근무)
- 재택근무제 (부서장과 협의하여 1일 단위로 신청 가능)
- 개인장비 : 최신사양 PC or 노트북 지급, 듀얼 모니터, 기타 필요 물품 지원 
- 업무 집중 공간 (포커스룸) 제공 
- 120평 라운지 휴게 공간 (탁구대, 리클라이너, 오락기, 전자다트, 발 안마기, 소파, 음료& 다과 제공)

■ 서로를 인정하고 함께 성장하는 조직 문화
- 자기계발비 (어학, 운동, 도서 구입, 영화, 전시회, OTT 플랫폼)
- 해외출장 : 해외 학회 참가비 지원
- 직급 없는 수평적 소통 문화 ('님'자 호칭) 
- 올해의 레티너리언 선정 (반기별 2명, 상금 및 승급 포인트 지급)","경기도 안양시 동안구 부림로 170번길 41-10 3,4층 "
오토엘(주),"오토엘(AutoL) - [100억↑투자] 광학 시스템 설계
오토엘(AutoL) - [100억↑투자] 광학 시스템 설계
[100억↑투자] 광학 시스템 설계
오토엘(AutoL)
경기.한국
#인원급성장#50명이하#설립3년이하#유연근무#음료#커피#수면실#휴게실#제조
안녕하세요.
자율주행 라이다를 개발하는 오토엘에서 라이다 광학 시스템 설계/개발 엔지니어분을 찾습니다.

오토엘은 자동차 자율주행용 및 물류로봇용 라이다를 개발하는 회사입니다.
현대자동차 중앙연구소 및 사내벤처팀에서 자체 개발을 진행하고, `21년5월 스핀오프하여, 올해 현대/기아자동차에서 15%의 지분 출자로  6월에 창업한 회사입니다.

창업자들은 현대자동차 선행 개발 및 설계팀에서의 짧게는 10년에서 길게는 30년간의 개발 경험을 기반으로 자동차 부품 및 환경에 대한 이해도가 높으며, 이를 기반으로 자동차의 자율주행을 위한 라이다의 필요 조건에 대해 수년간 많은 고민을 해왔습니다. 
이에 현재는 자동차에 적용되는 라이다의 양산을 위해 성능은 우수하면서 사이즈는 컴팩트하고, 가격 경쟁력과 자동차에서 요구하는 높은 내구 신뢰성을 만족하는 라이다 제품을 개발하고 평가 진행하고 있습니다.
당사는 현재 2개의 자율주행용 라이다 라인업을 보유하고 있으며, 현재 B 단계 샘플 개발이 완료된 상태입니다. 샘플 판매와 병행해서 `24년말에는 자동차사에 공급하는 계획을 목표로 개발 진행 중입니다.

물류로봇용 라이다는 자동차 산업과 별도로 폭증하는 물류로봇 자동화 시장에 대응하기 위해 현재 개발 진행중입니다.
현재 CV 제품에 대한 개발을 시작으로 내년 프로토 제품을 개발하고, `23년부터 양산을 목표로 개발 진행 중입니다.

회사의 주요 개발 파트는 회로 설계 / FPGA 로직 설계 / 소프트웨어 설계 / 광학 설계 / 기구 설계 / 평가 분야로 구분됩니다.

`21년12월 기준 구성원 12명 중 대표를 제외한 11명이 모두 연구개발인력이며, 위 분야에 대한 전문 역량을 보유하신 분들과 함께 근무하고자 합니다.

입사 시, 자율주행 차량용 라이다와 물류 로봇용 라이다의 광학 개발 및 검증 업무를 주로 담당하게 됩니다.","• 학사 이상의 학위 소지자(석박사 우대)
• 해외 여행에 결격 사유가 없으신 분
• 남성은 병역필 또는 면제되신 분

• 원활한 커뮤니케이션 능력
• 광학/물리/광전자/광학시스템 등 관련 공학계열
• 레이저 광학, 포토닉스, 광전자학 경력",,"• 점심식사비 제공, 음료제공(차, 커피)
• 휴게실, 수면실, 회의실, 카페테리아, 사무용품 지급
• 유연 근무제 (10시~3시 코어 근무 타임) 및 여름휴가 제도","경기 성남시 수정구 금토로80번길 11, 305호, 611호"
