﻿회사명,주요 업무,자격 요건,채용 절차,복리후생,회사위치
(주)제노스,,"ㆍ신입/경력 가능
ㆍ약사 면허 소지자",서류전형-인성검사-실무면접-최종합격,"ㆍ건강검진, 경조사 지원
ㆍ장기근속포상, 명절선물 및 상여,   월인센티브, 반기/연말성과급 지급
ㆍ新사옥, 주차장, 구내식당 및   카페테리아, 피트니스센터, 탁구장,
   풋살장, 사내도서관, 근무복 지급
ㆍ경조휴가, 배우자출산휴가,   연차 외 유급 하계휴가
ㆍ영업직 식대지원 및 차량 유류대   법인카드 지급
",경기도 수원시 영통구 창룡대로 256번길76(이의동)  덴티움 지식산업센터 12층(16229) 
