﻿날짜,직무,고용 현황,별점,요약,장점,단점,경영진에게 바라는 점
서울,,기획/경영,3.0,"""다우키움 계열사로 모기업이 탄탄하다. 사람들이 친절한 편임.""","
동호회가 다양하고 임직원 복지에 신경을 많이 쓰는것 같다.
","
업무 체계 수준이 기업 가치대비 많이 낮으나 앞으로 점점 개선되지 않을까?
","
회사는 더 성장할것이고 인력의 수준도 성장할것이라 믿습니다. 힘내세요!
"
서울,,금융/재무,3.0,"""기업의 빠른 성장으로 혼란스런 부분이 있지만 직원들을 위한 복지는 최고입니다""","
연차를 눈치 안보고 사용할수 있으며 레진 인수로 인하면 복지가 최고
","
야근수당 없으며 상장사라 내부통제절차가 심함 업무량이 생각보다 많음
","
경영진은 전반적으로 만족합니다 꼰대문화도 없으면 직원들을 이해하려고 노력함
"
서울,,전문직,4.0,"""개인의 자율성을 인정해주는 곳. 복지 괜찮고 다닐만 함.""","
수평적인 편. 자기개발비, 야근식대 등 지원. 복지 괜찮은 편임.
","
2년차고 아직까진 잘 모르겠음. 콘텐츠 제작이 업이다 보니 팀바팀 있는 편.
","
딱히 없음. 그저 이대로 잘 다니고 싶은 마음.
"
경기,,미디어/홍보,5.0,"""대우가 좋음.업계에서 꽤 큰 기업임.""","
사람들이 친절하다.할 일만 하면 문제될 게 아무것도 없다.
","
아직 잘 모르겠다.단점이라…위치가 서울인점…….?출퇴근이 힘들 듯
","
아직은 없다.플랫폼이 더 성장할 수 있도록힘을 내줬으면.
"
서울,,미디어/홍보,4.0,"""자유로운듯 자유롭지 못한 분위기 속에서 여러 사람과 어울리며 일할 수 있습니다.""","
복지 및 파티 등 직원들을 위해 신경써주는 게 느껴집니다.컨텐츠를 다루는 회사다보니, 고루해지지 않도록 신경을 많이 쓰는 느낌입니다.
","
신경을 많이 쓰는듯 해도, 부서 바이 부서, 팀 바이 팀으로 생각보다 경직된 분위기가 있습니다.
","
포부가 큰 점은 좋으나, 기존에 있는 것에도 더 기반을 다질 수 있도록 신경 써주셨으면 좋겠습니다.
"
2023. 10,기획/경영,현직원,4.0,"""신입이 다닐 수 있는 회사는 아닙니다.(한줄평인데 왜 30자죠..)""","
- 웹툰 업계 3인자- 대기업 계열사라 돈걱정은 없음- 신사업에 공격적임- 사람들이 순함- 식대지원/ 사내카페 / 간식 줌 - 역에서 가까움- MZ 느낌남- 커리어 쌓기 좋음
","
- 주니어 의견에 공격적인 반응- 수직적임- 대기업 마인드임 (장단점은 분명함)
","
딱히 바라는 점은 없으나인센이 없거나 적고, 신사업하기 전에 신중했으면 좋겠음
"
2023. 10,미디어/홍보,현직원,3.0,"""무난하게 다니기 좋으나 성장 가능은 미지수""","
코어 시간대를 적용한 자율출퇴근제, 사내 복지가 괜찮음(식대, 사내 동호회, 운동 및 안마 프로그램 등등...), 서로를 존중하는 문화, 자유로운 분위기, 웹툰 분야에서 독자적인 플랫폼을 가지고 있음, 창작 포지션에 있다면 다양한 시도를 해볼 수 있음
","
기획하는 콘텐츠마다 애매함, 최근 매출 관련 기사도 그렇고 사옥 이전은 무리수가 아니었을까 생각, 야근수당 없는 포괄임금. 콘텐츠 파트에 있다면 어쩔수없이 주말, 휴일 근무가 발생하는데(야근은 당연함) 이에 대한 보상은 없음. 각 부서마다 사용하는 메신저 등 소프트웨어가 통일이 안되어있음...
","
비용절감... 좋지만 내근직을 줄이는 것보다 애먼 돈이 새는걸 막는게 먼저 아닐지.
"
2023. 09,미디어/홍보,전직원,4.0,"""복지 등 업계에서 좋은 편 하지만 업무 강도는 부바부이며, 상사에 따라 생활이 달라진다""","
연차를 편하게 쓸 수 있고, 자본이 든든하여 잘릴 걱정이 없습니다.복지가 정말 좋은 편이고 회사사용 프로그램이 좋은 편입니다.
","
퇴근시간이 늦어지는 평입니다.상사 대부분이 일을 떠넘기기 바쁘며, 직원 관리 보다는 본인 일에만 관심이 있습니다.
","
새로운 사업을 하는 것 보다 기존 사업에 더 힘을 쏟아 주시면 좋을 것 같습니다
"
2023. 08,기획/경영,전직원,3.0,"""웹툰, 영화 등을 기획 및 공급하는 그런 기업으로 이해하였음""","
복지카드, 추가로 제공되는 공짜연차, 무제한에 준하는 음료수 제공 등자잘자잘한 복지가 센스있게 잘 구성됨물론 어는정도 감을 아는 중견 이상급 기업들은 대부분 기본이지만...
","
직원의 입퇴사가 빈번한지업무의 히스토리가 이어지질 않음작성 된 매뉴얼(난해한)을 토대로 담당하게될 사람은 지금껏 쌓아온 업무경험을 최대한 발휘하여 반쯤은 추측에 근거하여 일처리를 진행해야 함
","
너무 짧게 다니고 나온 회사라 함부로 판단은 못하겠음 단지.. 중소 다니다가 중견 복지뽕맛은 잠시 느껴볼순 있었음그러다가 뽕 기간이 다하기도 전에 예상 못할 부분에서 퇴사할까?를 가장 빨리 경험해버렸음...
"
2023. 08,유통/무역,전직원,3.0,"""일하는 사람만 일하고 아닌사람들은 꿀빠는 회사대부분의 사람들이 월루를 많이 하는 회사외부 사람들의 시선이 제일 중요한 회사내부 사람들은 병들어가고 사건 사고가 계속 발생""","
복지가 좋으며 일하면서 웹툰을 볼수있다(웹툰 관련 직종)조식을 준다
","
내부에서 돈을 아끼려고 하며 경영진들이 업계를 잘 모르는거 같고 애사심을 가진 사람이 거의 없는거 같다
","
계약직 파견직 보단 정규직을 많이 뽑아 회사를 안정시켜야 될거 같다 고인물들은 언젠가 썩기 마련이여서 퍼내야되는데 그것도 모르고 그냥 고이게 둔다
"
2023. 08,데이터,현직원,3.0,"""웹툰 회사라는 네임벨류로 이직할 때 많은 도움이 될 회사""","
대기업 같은 복지-복지포인트(꽤나 많이 줌)-무료 사내 카페(두 개나 있음)-추가 5일 휴가-안마-보드게임-농구게임-등등등등
","
회사가 주먹구구식으로 어찌어찌 돌아가고 있는 느낌매우 많은 보고개선은 글쎄
","
직원들 불만을 들어줬으면 하는 아쉬움왜 퇴사율이 높은지에 대해 알고 있는지도 궁금
"
2023. 07,디자인,전직원,3.0,"""회사가 제공하는 복지는 좋으나 사바사 부바부가 심하다.""","
대기업다운 다양한 복지복지포인트연차밥,간식 신축 사옥이 예쁨
","
상관이 무지할 경우소속 직원들이 고생함야근 = 열일하는 직원이라고 스스로 자위하는 사람들이 있음
","
부서 총괄 책임자들에게 직원 업무 이해도를 높이는 교육을 해야 한다.
"
2023. 07,금융/재무,전직원,4.0,"""직원간에 문화가 수평적이고 발전적인 회사. 복지가 잘 구축되어있음.""","
회사복지가 잘 구축되어 있는 편에 속하고, 연차가 자유로웠음.
","
임원이 많아 승짐이 어렵다는 문제가 있었음. 단순 보고 형태가 많았음.
","
합리적인 보고 절차와 효율적인 문화가 확산되었으면 함.
"
2023. 07,미디어/홍보,전직원,1.0,"""모회사가 없으면 사라질회사기업평가 안좋게 하면 이 글도 사라지겠지""","
식대지원 12000원, 연차 자유롭게, 복지포인트 지급
","
깡통경력을 가진 팀장과 윗사람들 아래에서 신입만 갈려나가고 1년채우면 내보낸다. 열심히 할 필요가 있을까? 연차는 자유롭게 업무는 상시대기, 휴가 가볼테면 가봐
","
경영진에게 바랄게 없습니다. 안 바뀔테니까. ^^ㅔ
"
2023. 07,마케팅/시장조사,전직원,1.0,"""회사 사옥만 좋으면 뭐하나요? 윗사람들은 가만히 앉아서 쇼핑이나 하고 있고.. 무능력한 사람들의 집단같은 느낌""","
식비 12000원, 사옥이 좋다 (헬스장, 사내카페 등)
","
회사 사옥 빼고 다 단점이라고 자부할 수 있음. 개인평가 열심히 적어서 내도 동결시킴
","
웹툰 엔터 사업으로 때돈 버는거 기대마시길. 코로나 이후로 불가
"
2023. 06,디자인,현직원,3.0,"""경험 쌓기 좋은 회사.. 복지가 좋음 큰 회사라 그런지 체계가 잡힌 느낌""","
복지가 좋음 2층에 헬스장,게임존,안마의자 있고 식대 만이천원 지원됨. 자기 일 열심히하면 터치 안하는 분위기인듯 생각보다 프리함. 유연근무제. 야근식대, 택시지원, 사내카페 간식 음료 무료
","
여초 특유의 정치질이 있음 월급이 짜다… 일 많을땐 많고 없을땐 없음 야근수당 x
","
일 시키는만큼 월급 올려줬으면..요즘 퇴사 많이하는 분위기
"
2023. 05,기획/경영,전직원,3.0,"""적은 투자로 최대한의 이익을 보려고 하는 전형적인 중소기업 스타일""","
몸집이 커지기 시작하면서 이전보다 복지 형태가 다양해짐비슷한 연차의 직원들 사이에서는 큰 문제가 없음 사람들은 괜찮음
","
적은 인원으로 최대한 많은 일을 굴리려고 하는 게 보임그래서 다양한 복지를 제공해도 다 쓰지 못하는 게 현실다들 말은 안 하지만 여기저기서 내적 비명을 지르는 게 느껴짐
","
회사의 규모가 점점 커지는 만큼 배포와 아량도 함께 커져야 합니다
"
2023. 05,서비스/고객지원,전직원,3.0,"""유연한 회사 분위기. 팀바팀 부바부지만 사람들이 기본적으로 괜찮음. 복지 또한 우수""","
시차 출근제, 자유로운 연차 사용, 사내 카페, 복지카드 등 우수한 복지
","
계약직/정규직 미묘한 차이를 둠. 팀장 바이 팀장이지만 너무 별로인 팀장. 업무 분담이 제대로 되지 않아 몇몇에게 가중되는 업무. 사람마다 야근 편차가 너무 심함.
","
싸바싸바하는 사람들이 보통 팀장인 경우가 있눈 것 같은데 제발 제대로 좀 보고 팀장 기용했으면,, 팀 전체가 흔들리는 경우가 있음,,
"
2023. 04,미디어/홍보,전직원,3.0,"""꿈을 키우기 좋은 회사이나 전체적으로 근속기간이 짧음""","
모기업이 탄탄하고 성장하는 회사며 복지도 좋아지고 급여도 잘 나오고..음료수도 무료고..
","
딱히 단점은 없으나 지금도 그러는지 모르지만 인사쪽애 일부 융통성이 너무 없는점이 아쉽지 않나라는 생각을 모든 사람들이 하는듯..
","
어느정도 회사가 성장하면 오래 다닐 수 있는 환경을 만들고 직원 귀한줄 알았으면..
"
2023. 04,미디어/홍보,전직원,2.0,"""이직하고 싶다면 키다리, 첫 회사라면 다른 곳을 알아보세요. 계약직이라면 정직원 전환 절대 안됩니다.""","
연차 맘대로 사용가능, 야근택시, 야근식대, 점심식대, 헬스장, 안마실, 안마기구, 게임기구, 복지포인트, 회사와 역이 매우 가까워요.
","
단순 업무 보고가 많으나 실제로 이 보고를 어디다 쓰는지 잘 모르겠습니다. 팀장이 제 주간보고를 배껴 자신의 주간보고에 쓰는데, 그걸 부장님이 보시면서 터치를 안하십니다.팀장이 연차가 1~2년도 안됐는데, 이직+정치 잘한다는 이유로 팀장을 달았으며, 그 팀장과 함께하는 팀원들도 일을 안합니다.신규 입사자들만 엄청 갈리는 시스템?이며 주마다 쓸데없이 하는 보고 마저도 신규 입사자는 간단 명료하게 필요한 내용만 썼는데도 기본 3000자가 넘습니다만,1년 정규직 평사원은 메일 하나 보냈다는 업무 조차도 00000에 0000하여 000했으므로 00해 00한 메일 안내드림 이라고 같은 회사가 여럿이면 그것을 또 복사 붙여넣기하여 글자 채우기에 들어갑니다. <00000회사> -000건 안내, 0000건 안내하면 본인이 놀았던 것들이 혹시라도 티가 날까 하여 목, 금요일만 되면 발등에 불떨어져 마감하는 사람들을 볼 수 있습니다.
","
경영짐 분들이 업계 동향 모르는 것 이해합니다. 관심 없을 수 있다고도 생각합니다.하지만 판매자라면 판매하는 상품을 가장 잘 알고 소개할 수 있어야하는 것이 가장 마케팅의 가장 중요한 부분이라고 알고 있었습니다. 그리고 경영에서도요. 제가 배운 1차~4차 사업에서 항상 가장 중요한 점은 본질의 이해라고 들었는데, 아니였었나 봐요.무지한 제가 경영진분들 발 끝에도 못 미치는 것은 알지만 적어도 여기 계신 분들이 만화를 안보신다는 것은 알 것 같습니다.
"
2023. 04,개발,현직원,4.0,"""일이많이 없는편이고 복지가졸은 회사.         워라밸 보장""","
복지가 대기업슈준이다 젊은 직원 이많다 . 직원 보상이 좋다 등
","
단순보고를 위한 업무가 많다. 윗사람이 정치가 심한 회사
","
제대로된 수익을 내 주는 비지니스모델 구출필요합니다
"
2023. 03,기획/경영,현직원,4.0,"""복지와 신사옥이 정말 좋습니다. 사람들도 자유로운 분위기가 있고 서로 배려하는 게 보입니다. 다만 워라벨을 지킨다고는 하지만 막상 업무가 많아 벅찰 때가 많습니다. 사람이 정말 한 사람만 더 있으면 좋겠는데 라는 생각이..""","
연차를 쓸 때 눈치 안보입니다. 야근하면 퇴근하라고 챙겨줍니다. (근데 퇴근 안하고 싶어서 안하는게 아닙니다..) 조식이랑 사내 카페가 있어 생활이 편하다는 느낌. 그리고 복지와 혜택이 정말 많고 회사에서도 여러가지 하려고 하는 거 같았습니다.
","
부바부지만 솔직히 업무량이 벅차는 거에 비해 시간안에 지켜야하는 것이 많습니다. 속도 싸움.. 그러다보니 다들 지친 기색이 조금 보이고 현타 오는거 같아요. 지금 가장 바라는 건은 인력충원인 거 같습니다.
","
인력 충원이요. 제발 딱 한 분만 더 있으면 너무 좋을 거 같습니다. 업무 속도를 높인다고 저의 팔과 손목이 망가지는 느낌이 계속 들어요. 이 정도면 버티는 것도 대단하다는 느낌..
"
2023. 03,미디어/홍보,현직원,2.0,"""네이버, 카카오. 그 다음은 레진! 은 아닐 것 같다.""","
복지.이 업계에서 이 정도 급의 회사가 이 정도의 복지를 챙겨준다는 것은 보지도 듣지도 못했었다.하지만, 그것도 옛 이야기...
","
거짓뿐인 리더들.이곳에서 미래를 꿈꾼다면 포기해라.당신이 믿고 따를 멘토가 존재할 가능성은 거의 제로에 수렴할 것이다.그것이 이 회사에 큰 단점이다.
","
무언가 할 계획이라면 그것에 맞는 사람이 위에 앉아있길 바란다.나도 그런 사람과 같이 일하고 싶다.
"
2023. 02,마케팅/시장조사,현직원,4.0,"""무난하게 다닐 수 있는 곳 복지는 괜찮음""","
1.식대 지원, 카페테리아 등 복지는 괜찮음2.사옥은 지하철역이랑 가까움.3.야근 강요하지 않음.
","
1.보고를 위한 보고서가 많음. 연차 때도 시간내서 보고서를 작성해야 함.2.업무로드는 생각보다 강함.
","
보고서 좀 줄였으면 좋겠음.필요할 인력은 뽑아줬으면 좋겠음.
"
2023. 02,전문직,전직원,3.0,"""초기에 경험 쌓기 나쁘지 않음. 위로 올라가고 싶다면 이직을 추천""","
모기업이 돈이 많아 자본이 있음. 컨텐츠 회사 답게 자유로운 편임.
","
연봉이 많이 아쉬움. 헤드들이 자리 잡고 있어서 승진 가능성 낮음
","
구조를 세로로만 쌓지 말고 가로로 생각 해 봐야 할 듯
"
2023. 01,미디어/홍보,현직원,3.0,"""업계 경력직이 다니기에 나쁘지 않음. 전망이 있는 회사이기 때문에 장기적으로 다니기엔 무난. 하지만 사내 정치가 심해서 피곤함""","
점심, 야근 식대 지원. 또한 아침과 카페, 간식을 제공해줘서 좋음. 또한 신사옥이라 깔끔하고 역과 가까움
","
사내 정치 심함 부서 단위로 견제하는게 아니라 부서 내부에서 사내정치해서 피곤함
","
사업에 대한 적극적인 투자를 해줬으면 함
"
2022. 12,미디어/홍보,현직원,4.0,"""같이 일하는 사람이 좋은 곳, 그러나 정작 사람한테 돈을 제일 아끼는 곳""","
자유로운 분위기, 일하는 사람들이 젊다, 법인카드로 식대 지원, 30자 채우기 힘들어요....
","
갑작스런 사옥 이전으로 많은 직원들이 힘들어짐, 사내카페 맛없고 위생 안 좋음, 직원들한테 돈을 많이 안 쓰려하고 아끼는 느낌, 연봉 잘 안 오름, 임원들이 직원 힘들게 함
","
같이 일하는 사원들을 좀 생각해주세요.. 20자 채우기 힘들어요
"
2022. 11,기획/경영,현직원,4.0,"""자유롭고 수평적인 분위기지만 체계가 없어 직원들의 근속연수가 짧은 편. 웹툰을 좋아한다면 만족하며 다닐 듯.""","
식대, 카페비 지원이 장점이었으나.. 사옥 이전하면서 식대가 줄어 아쉽다. 비교적 자유롭고 수평적인 문화.
","
회사 규모에 비해 체계가 부족하다. 다우키움 계열사인데도 불구하고.. 체계없는 스타트업처럼 굴러가는 느낌.
","
회사 규모가 점점 커지는 만큼 체계도 갖춰주세요… 적응 못하고 퇴사하는 인원이 너무 많은 듯.
"
2022. 11,마케팅/시장조사,전직원,4.0,"""다양한 환경을 경험할 수 있는 곳입니다 이것저것 좋아요""","
연차 자유 사용이 가능하며 보다 서로간의 유기적인 호흡이 많은 곳입니다
","
연봉이 낮고 연봉 상승률이 높지 않으므로 직원 복지 및 혜택이 부족
","
연봉을 올려주면 좋겠고 다양한 보상체계가 있으면 좋겠습니다. 나머진 좋습니다
"
2022. 11,전문직,현직원,4.0,"""복지는 현재는 좋다. 사람들이 대부분 착한편. 시스템은 자리잡히는 중이라 좀 정신없음. 성수동가면 복지 혜택이 줄어들것같아서 걱정중.""","
연차 눈치안보고 사용. 다들 젊은편이라 회사분위기 자유롭고 좋음. 조식 점심 카페비 지원 및 복지포인트 제도 아주 좋다.
","
시스템 구축 진행중이라 뭔가 자꾸 바뀌는데 적응하기가 어려움.
","
성수사옥 바로앞이 카페거리인데 굳이 사내카페를 만들어야했을까요? 그것보다 밥해결이 더 급할듯… 카페비랑 밥값수 그대로 유지하는게 나았을지도…
"
2022. 10,기획/경영,현직원,1.0,"""이 바닥이 다 그렇지만 역시 최악. 불지옥은 아니지만 지옥은 맞다.""","
점심 및 저녁 식대 지원. 조식 지원 및 음료 지원으로 식비를 최대한으로 아낄 수 있음. 휴가 많이 줌. 월급 안 밀림. 기업이 망할 것 같지는 않음. 계속 성장함.
","
그 성장을 연차가 별로 쌓이지 않은 주니어를 갈아서 만들어냄. 앞에선 수평을 지향하나 실제론 귄위적이고 앞뒤 꽉꽉 막힌 젊은 시니어들이 넘쳐나는 곳. 주먹구구식 일처리. 뒷담이 넘쳐나 사내 평판 관리를 잘해야 함. 전헝적인 상명하복의 구조이나... 본인들은 위트있고 수평적인줄 알고 있음. 최악의 사내 문화를 가지고 있어 사회 생활 능력이 좋은 사람이 와야함. 연차가 적은 사원들에게 불이익이 많이 떨어짐. (업무 떠넘기기 등)
","
직원들의 불만이라도 들어주길. 겉으론 수평을 지향하지만 파보면 젊은 꼰대들이 넘쳐나는 이 수직적이고 권위적인 구조의 문제점을 파악하길 바람.
"
2022. 10,마케팅/시장조사,현직원,4.0,"""월라베 가능하고 조직문화, 복지가 좋아지고 있는 회사. 다만 꼰대 리더가 은근히 많음.""","
1. 시차출퇴근, 연차 쓸 때 눈치 볼 필요가 없고 워라베 가능.2. 사업이 계속 확장하고 있는 회사.3. 사내카페 무제한 사용, 점심식대, 사내대출, 복지포인트, 명절선물 및 수단, 소속 년차에 따라 유급휴가 5+줌, 키움히어로즈 야구표 무료로 받을 수 있음 등등. 복지가 나쁘지 않은 편.
","
1. 팀바팀 분위기 차이가 있음. 리더쉽 부족한 (예의 조차도 없는) 리더가 은근히 많음.2. 부서간 소통이 부족. 현재 사옥 4개로 나눠져있는게도 영향이 있지만 하 반기에 성수 통합시옥으로 이전한 후에 개선 할 수 있으면 좋겠음.
","
팀장급 갑자기 많이 뽑아주면서 리더가 되면 절대 안되는 사람도 막 팀장으로 뽑아서 팀원들 힘듦. 팀장을 선정하기 전에 심중한 평가를 걸친 후 하시기 바람. 또한 리더 교육도 더 잘 하시기 바람. 직장복행을 하고 있는데 걸 인식하지 못한 리더도 있음 (팀장/부장 포함).
"
2022. 09,전문직,현직원,4.0,"""레진 인수를 할 수 있을 정도로 재력의 튼튼함을 보유하고 있는 회사. 모회사의 존재 가치가 이 회사의 든든함을 더욱 보강시켜주고 있다""","
모든 면에서 자유로움이 있고 본인의 적극도에 따라 인정 받기 쉬운 환경. 그리고 회사의 재력과 판단이 직감적이라서 빠른 템포로 다음 단계로 나아갈 수 있기에, 회사원으로서의 능력을 시험 해보기 매우 좋음
","
전반적으로 안정적인 환경 덕분에 처지는 경향은 적지 않아 있고, 묻어가는 케이스도 많음. 누군가가 움직여줘야 편하게 흘러갈텐데 그 누군가가 아무도 되기 싫어하는 분위기.
","
내부적으로 능력이 있는 사람들이 평가를 받지 못하고 있는 것을 잘 캐취해서, 그들이 느슨해지지 않게 관심을 가져주는 것이 회사에도 그들에게도 좋을 거라 생각함
"
2022. 09,미디어/홍보,전직원,4.0,"""성장 중인 회사. 부바부 있지만 대체로 워라밸 지켜짐. 다니기에 나쁘지 않음.""","
식대와 커피값 제공. 연차 눈치 안 보고 쓸 수 있음. 매출 압박 별로 없음.
","
월급 루팡이 생각보다 많음. 일 하는 사람만 하고 안 하는 사람은 더럽게 안 함.
","
영상 쪽도 많이 신경 써야 업계에서 살아남을 수 있을 듯.
"
2022. 09,기획/경영,현직원,3.0,"""복지가 좋고 연봉 상승률이 다른 회사에서 높은편입니다.""","
사옥이 곧 생긴다는데 가장 큰 장점이고, 복지가 좋습니다
","
합병을 했지만 다른 회사 다니는 느낌. 출퇴근 기록하는게 없어서 양아치처럼 일찍 가는 분들도 있다
","
퇴사하는 분들이 점점 늘어나요. 회사를 합병했으면 조율을 잘해주셨으면 좋겠습니다.
"
2022. 08,인사/총무,전직원,4.0,"""복지가 나쁘지 않다. 사내 분위기도 괜찮은 편. 다만 너무 윗선들이 많다""","
눈치 별로 안 봐도 되고 칼퇴 가능한 사내 분위기가 장점이다
","
면접 볼 때도 느낀 거지만 본부장 이상 간부들이 그리 존경할 만하지 않다
","
회사의 비전을 더 말해줬으면 한다. 애사심 떨어지게 하는 요소가아니라 높여주는 요소가 됐으면
"
2022. 08,미디어/홍보,전직원,4.0,"""복지와 연봉이 업계에 비해서 좋은 곳, 하지만 스스로의 성장은 잘 모르겠다.""","
연차를 눈치 안 보고 쓸 수 있습니다.복지와 연봉이 업계에서 좋은 편에 속합니다.회사 자체가 네임밸류가 있기에 어디로 이직하든 다들 압니다.
","
소통이 잘 안됩니다.부바부로 상사가 어떤 타입이냐에 따라 분위기가 많이 다릅니다.직급이 없어 좋은 점도 있지만 개인적으로 잘해야지 생각은 안 듭니다.
","
새로운 사업을 하기보다 기존에 있던 사업을 잘 하셨으면 좋겠습니다.
"
2022. 08,기획/경영,전직원,3.0,"""큰 고민 없이 다니면 나쁘지 않을 법한 회사지만 편안한 마음으로는 다니기 힘든...""","
탄탄한 자본, 커져가는 회사 규모.식대 및 카페 지원.
","
수직적 분위기 만연.신입교육 및 업무체계가 정돈되어있지 않아 적응 어려움.
","
잦은 조직개편과 공감하기 어려운 회사 방향성 수립이 당황스러움. 실무자들의 의견을 더 귀담아 듣는 게 좋지 않을지...
"
2022. 07,마케팅/시장조사,현직원,3.0,"""업계 3위 사업자…..?인데 느낌은 스타트업이다.방향은 확실한데, 꿈만휘 주니어들만 많아서 어떻게 될지 두고봐야할듯""","
복지/업무환경/동료들 좋고, 경력자 채용 우선시해서 그런지 다들 경력이,,,,, 업계 3위 사업자고, 글로벌 플랫폼 진출에 공격적이다다우키움이라는 돈줄이 있어서 돈 잘쓴다
","
극한의 가성비를 추구하는 기업주니어들을 마케팅 부서로 몰아놓고 실적 운운…? 공격적인 시니어 직급 채용과 리텐션 절박
","
앞뒤 안보고 돈 펑펑쓰지말고 지금 있는 인력 대우와 전문성을 갖춰야하지 않을까싶슴다
"
2022. 06,기획/경영,현직원,2.0,"""90년대 문화 아직 남아 있는 회사 입니다.""","
장점 식대  지원 , 복지포인트 지원. 최근에 복지가 좋아졌음
","
요즘 세상에 강요하면 안되는 일들이 아직 강요하고 있는 90년대 회사임.
","
군대문화, 90년대 문화 좀 개선했으면 좋겠어요.
"
2022. 05,영업/제휴,현직원,3.0,"""워라벨 보장되고 복지가 나아진 점이 큰 장점. 성인 콘텐츠를 주로 다루지만 괜찮다면 추천합니다.""","
내 일만 잘 마무리하면 워라벨 가능. 워라벨 좋은 점이 최고 장점인듯. 연차 눈치 없이 쓸 수 있음. 팀바팀이지만 젊은 분위기. 식대 지원 등 복지가 점점 나아졌음
","
비전에 의구심이 생김. 회사 합병후 1년이 지났지만 아직도 상이한 사내문화. 사내문화, 프로세스 정리되는 데 시간이 더 필요할 듯.
","
신사업도 좋지만 현실적인 선에서 진행 되면 좋겠습니다.
"
2022. 05,마케팅/시장조사,현직원,2.0,"""비엘 좋아하면 그냥저냥 괜찮은 회사이지만, 비엘 외에는 강점이 없다는게 또 큰 단점으로 느껴진다.""","
레진을 먹을만큼 자본력은 강하기에 최근에는 공격적으로 운영 하고 있다. 생각보다 돈걱정으로 머뭇거릴일은 딱히 없다는게 장점으로 느껴진다.
","
비엘시장은 늘 후발주자이다보니 아쉬움이 있는데 순위를 역전시키기에는 다소 무리일듯하다. 3위 시장을 유지하는것이 가장큰 장점이자 단점
","
개발이 도와주지 않는 서비스는 정말 어렵습니다. 특히 웹소설은... 키우시려는건지 죽이시려는건지 도저히 모르겠습니다.
"
2022. 05,마케팅/시장조사,현직원,4.0,"""체계가 없는 느낌이지만 그래도 페이가 나쁘지 않은 편이라 다니기 좋아요""","
식대 12000원, 야근하면 택시비 지원 등등 직원들을 위한 복지가 쏠쏠하다.무엇보다 곧 신사옥으로 이사감
","
레진, 키다리 합병은 했지만, 사람들의 소통은 0.. 서로 까기 바쁘다
","
좀 더 발전을 했으면 좋겠습니다.. 점점 비전이 엉망되는 느낌이에요
"
2022. 04,기획/경영,전직원,3.0,"""웹툰 업계 치고 복지도 연봉도 괜찮은 편임 정치싸움이 심함 특히 외부라인이냐 다우기술 라인으로 나눠짐""","
연차는 팀장 눈치껏 자유롭게 사용가능함 팀마다 살짝 다른데 당일 아침에 써도 괜찮은 상사가 있는 반면에 엄청 눈치주는 상사도 있음 점심 개인카드가 나와서 맛난 밥을 밖에서 사먹을 수 있음
","
팀장 잘 못만나면 개불쌍함 그래도 대부분 괜찮음 동료들이 착함 동료때문에 다니는 사람들도 많음
","
어차피 단독 사장님만 잘 보일려는 여러 이사들급 때문에 힘들다 사장님은 너무 좋지만 좋은 이사는 없는게 함정임
"
2022. 04,데이터,현직원,3.0,"""적당한 복지에 적당한 워라벨로 나쁘진 않지만, 좋지도 않음.""","
- 점심식대지원, 사내카페- 좋은 동료들- 자유 출근제, 괜찮은 워라벨
","
- 수직적 분위기. 위에서 시키면 시키는대로 해야됨- 여러 신규 사업은 추진하지만, 미래 방향성은 글쎄- 윗선의 업계 이해도 낮음. 믿음직하지 못함- 소통 잘 안되는 편
","
소통과 단합을 위해 강제 참석활동을 강행하는 것 보다, 그냥 놔두는게 더 도움될듯합니다. 그리고 합리적인 보상 체계를 마련했으면 좋겠어요.
"
2022. 03,미디어/홍보,현직원,4.0,"""해당 업계 중에는 조건이 좋은, 그러나 경영진이 업계를 잘 모르는 곳""","
모기업이 있어 안정적인 편, 연차 사용 및 칼퇴가 자유로움, 최근 복지가 많이 좋아짐(식비 제공, 리프레시 휴가&보너스, 복지 포인트 등), 근무 환경이 좋음
","
경영진이 업계를 잘 몰라 허황된 목표를 제시하는 경우가 많음, 팀장급은 매번 보고나 계획 수립 등에 갈려나감, 사업 방향성이 자주 바뀜, 부서 통폐합 등 변동이 잦음, 회사 자체는 안정적이나 업계에서의 미래성은 다소 불투명한 느낌
","
실무진들의 의견을 잘 들어 목표 등에 반영해 주면 좋겠고, 업계를 잘 파악해서 보다 현실 가능성 있는 방향성을 제시해 주면 좋겠음
"
2022. 03,영업/제휴,현직원,4.0,"""최근 성장세가 좋은 글로벌 웹툰 회사.""","
유연근무, 연차 5일 추가, 복지포인트 증액 등 2022년에 복지가 좋아짐. 회사가 꾸준히 성장중.
","
각종 보고가 많은편이고 레진과의 합병으로 좀 어수선함이 있음. 그래도 작년보단 많이 나아진편..
","
커뮤니케이션 시스템 통일을 빠르게 했으면.
"
2022. 02,디자인,전직원,3.0,"""회사 복지 우수, 포괄적으로는 경력을 쌓는데 좋은 환경.""","
자유로운 연차사용 / 무제한 카페테리아 이용 가능 / 조식, 중식 제공 우수한 퀄리티 / 레진과 합병하면서 복지가 좋아짐 /
","
스튜디오 마다 다르지만 작가들도 피디도 오랜 경력자가 없어서 작업 방식이 주먹구구인 상태, 그러다 보니 업무량이 몰리는 경향이 있어 잦은 퇴사, 입사 발생.중심을 잡을 만한 경력자를 키울 시간이 필요하다
","
직원들의 숙련도가 높아지려면 시간이 필요함. 가이드라인을 잡아줄 필요가 있음.
"
2022. 01,데이터,현직원,2.0,"""합병이후에 외형적인 성장은 가속화될 듯. 내부는?""","
기업은 성장한다. 복지도 기존 레진 덕분에 좋아진다. 공무원 분위기 - 퇴근시간 지나면 사람이 없다.
","
경영진은 변화가 없다. 제조업 출신도 아닌데 제조업 냄새가 물씬공무원 분위기 - 벌써?
","
경영진에게 바라는게 없다. 바랄 수가 없다. 그게 슬프다
"
2022. 01,마케팅/시장조사,전직원,2.0,"""안정적인듯 보이나 불안정하게 느껴지는 회사조직문화가 힘든 회사""","
변화가 없어 안정적으로 느껴질수 있다.목표가 없다면 편안한 마음으로 다닐수 있다.
","
변화가 없어 발전을 기대하기 어렵다.개인의 발전도 기대하기 어렵다.
","
수평적인 조직문화와 구성원끼리 자유로운 소통이 가장 중요하지 않을까요.
"
2022. 01,법률/법무,현직원,1.0,"""시스템부재로 야근이 너무너무많고 쓸데없는 일이 많고 체계가 너무 없다""","
식대를 많이지원해줌 복지포인트좋음  이상한사람 별로없음
","
특정사람한테만 일이 몰린다 체계가 없어도 너무 없다 아무도 나서지않는다
","
전산 개선 시스템 계선 등등 사업만 늘리려고하지말고 체계를 좀 잡아주세요
"
2021. 12,마케팅/시장조사,현직원,3.0,"""야근강요 하지 않지만 업무강도는 쎈편""","
1. 야근 강요 안함2. 최근에 레진 합병해서 매일 점심비 12000지원3. 8~11시 자유 출퇴근제
","
1. 코로나 심각한데 재택 잘 안 해줌. (4단계  때만 일부 재택해줌.)2. 실질적으로 느낄 수 있는 복지 솔직히 많이 없음.3. 회사 규모에 비해 일손이 너무 부족.
","
코로나가 이렇게 심각한데 4단계로 올릴 때만 잠깐 재택해주지말고, 모든 임직원의 건강을 생각해서 쿨하게 재택해주세요.
"
2021. 12,기획/경영,전직원,3.0,"""식대는 잘 챙겨주는 곳. 적당히 수직적이고 적당히 자유로우면서 빡세다.""","
복지 포인트 사용이 유용하고 회사 내에 카페가 있어서 이용하기 좋다.
","
인력이 많이 필요하다 하지만 사람을 쓸만큼만 쓰고 버리는 느낌.
","
회사가 커지는 만큼 인력 확보가 적극적으로 이루어지면 좋겠습니다.
"
2021. 11,마케팅/시장조사,전직원,1.0,"""65세 이상의 대표가 실무처럼 전두지휘하며 맘에 안들면 응징하는 회사(짤려나가는 인재 수두룩, 남아있는 사람들 대부분은 예스맨이거나 루팡)""","
팀장들은 대부분 유하거나 회사에 관심이 없기 때문에 워라벨 가능합니다. 미래는 없지만 루팡들에게는 지내기 최적의 환경입니다.
","
대표 및 인사담당, 경영지원실 등 체계가 이상함. 근데 지내다보면 대표의 영향인것을 알수 있습니다.
","
주먹구구식으로 일하는 인사팀은 최악입니다. 대표눈치를 살피는 팀이 아니라 직원을 바라보는 선한 눈부터 가지시길 바랍니다
"
2021. 11,개발,전직원,3.0,"""레진 합류로 콘텐츠 플랫폼쪽에서 규모를 키우고 있음""","
연차 자율, 레진따라서 복지도 점점 좋아지는 중.점심값도 주고, 위치가 좋다. 1층에 스타벅스 있고, 지하에 식당도 많음. 근처 맛집 많음.산책할 곳있다.
","
회의가 많고, 같이 일하는 사람들이 좀 힘들다. 그리고 뭐랄까 사람을 소모품처럼 생각한다?연봉 오를사람만 오르는데 기준을 모르겠다.
","
콘텐츠는 사람이 보잖아요. 그럼 같이 일하는 사람도 좀 챙겨주세요. 그래야 좀더 일할맛 나지않을까요?
"
2021. 10,개발,전직원,2.0,"""회사 주가는 상승할지 몰라도, 내 주가는 하락장으로 만들어주는 회사""","
레진이랑 합쳐지고, 그 문화가 도입되면서 많이 좋아짐. 자율출퇴근, 식대 및 카페비 지원. 연차도 자유로운 편. 야근 많지 않음.
","
인력 배치가 엉망진창임. 처음부터 니즈가 그렇게 크지 않은 업무를 하는 사람을 뽑아놓고는 잘라버림. 정작 진짜로 일 안하고 회사 분위기 엉망진창으로 만드는 사람은 남아있음. 실무진들 엄청 나가서 애매한 사람들이 갑자기 팀장 됨.
","
사람들이 자꾸 나갈 때는 왜 나가게 되는지 생각을 해봤으면 좋겠음. 그리고 자꾸 같은 업무에 대해 사람을 자르고 다시 뽑고 하는 일이 반복된다면, 그에 대해서도 왜 이런 일이 일어나는지 생각을 해봤으면 좋겠음. 아님 처음부터 계약직을 뽑으시던가.
"
2021. 09,미디어/홍보,전직원,4.0,"""사람들이 좋은 기업? 직원들 인성이 전체적으로 다정하고 착합니다.""","
인관관계 스트레스 낮음, 건물 위치나 시설이 괜찮음, 웹툰 웹소 좋이하면 괜찮은 직장임.점점 성장해가는 기업.
","
낮은 연봉? 기업이 성장해 나가면서  평균 연봉도 올라가지면 좋겠다.
","
웹소설 사업도 시작한 것 같은데 점점 성장해 나갔으면 좋겠다.
"
2021. 09,미디어/홍보,전직원,2.0,"""사람한테 빼고는 돈 잘쓰는 편인 젊은 척하는 꼰대 회사.""","
대기업 계열사라 나름 회사는 탄탄해보임.사업 확장도 꾸준히 해서 겉으론 좀 괜찮아 보임.
","
직원들한테 들어가는 돈은 아까워 함. 젊은 분위기일 것 같아 보이지만 전혀 아님. 윗쪽 분들이 아주 그냥 똘똘 뭉쳐있음.
","
회사를 더 키우고 싶으면 먼저 사람한테 투자하시길...ㅎ
"
2021. 08,미디어/홍보,전직원,2.0,"""업계를 잘 모르는 사람들이 감혹 있음.젊은 감각을 지향함""","
눈치 안보고 연차사용 가능합니다칼퇴근 가능합니다 팀애 분위기는 좋습니다
","
업계를 잘 모르고 무턱대고 일하는 사람이 간혹 보입니다
","
미래를 바라보는 건 좋지만 안정적인 현재도 중요합니다비전 공유가 잘 되지 않습니다
"
2021. 07,마케팅/시장조사,현직원,4.0,"""복지 좋고 분위기 좋음. 일 재미 잏음.""","
연차 눈치 보이즈 않음. 점심 식대 12,000원, 커피비 8,000원 혹은 사옥에따라 사내까페 무제한 사용. 무제한 간식, 라면 등. 유연성 있는 출퇴근 시간.
","
사옥아 3개로 나눠져있으니까 부문별 소통이 부족한 부분이 있어서 조금 아쉽습니다.
","
지리적 문제도 있지만(시옥이 3개 있음) 부문별 소통이 잘 되도록 노력하시기 바랍니다.
"
2021. 06,미디어/홍보,전직원,1.0,"""사업하려는 회사가 아니니까 열심히 할 수록 손해임 알아서 단물만 빼갈 것""","
어차피 회사도 나를 길게 데려갈 생각 없으니 길게 보지 말기 모기업 크고 남 눈 신경쓰는 만큼 빼먹을 요소는 많으니 짧게 경력 쌓고 빼먹을 것만 빼먹기로 마음 먹자 어차피 가르쳐주려고 하지도 않고 가르칠 줄 아는 사람도 없다 내 바로 직전 사수가 제일 많이 알고 열정맨일수있으니 실무는 그 사람들과 으쌰으0쌰 배우면 육탄전에 강해짐 연차 많이 쓰고 복지혜택 많이 알아보고 이용하는 마음으로 접근하면 더할나위없이 좋은 곳
","
아무도 사업할 생각이 없음 그냥 사업하는 척만 하는 중인데 척은 열심히 해야 되니까 아랫사람들만 갈팡질팡 죽어남 말도 안되는 연봉테이블을 코딱지만한 복지와 줄 생각도 없는 미래보장으로 퉁치는 곳 절대 아무도 믿을 사람 없음 조만간 누가 다 들고 날라도 놀랍지 않음 잔류 사원들 연차보면 특정 시기마다 물갈이 되는 걸 알 수 있음 태움문화 있고 전사차원에서 독려함 경영진이 왜 저렇게까지 무능하지? 다들 궁금했을 것. 무능한게 아님. 그냥 그들은 목적대로 잘 가고 있는데 직원들한테는 비밀일 뿐.그러니 콘텐츠 만들수있다고 착각말고 경력없는 구직자들이나 물갈이 때 T.O나면 냉큼 들어가서 경력만 쌓고 딴데 알아보세요
","
직원들 가지고 장난질 그만치고 사업 좀 제대로 하세요 검색하면 다 나오는데 뭘 자꾸 뿌려대는지 그러다 언제 한번 큰일나요
"
2021. 06,미디어/홍보,현직원,2.0,"""헤드는 꿈만 크고 중간 관리자는 체리피커들... 숫자는 중요시 하면서 분석은 왜 안 하는지?""","
모기업이 크고 탄탄한 만큼 겉으로 보이는 만큼 남부럽지 않은 정도로 환경은 조성되어 있음. 복지도 딱 이정도 규모의 기업이라면 평균보다 조금 높은 정도로 지원. 그냥저냥 조용히 일하면 돈 벌고 경력 쌓기 좋은 곳. 조용히 일한다는게 그렇게 쉽지는 않지만... ""중간연차들이 없어서 금방 상급짬이 될 수 있다""
","
왜 중간연차들이 없을까? 조금만 더 버티면 진짜 큰 이득이 눈 앞에 있는데도 사람들이 못 버티고 금방 나간다. 입사 시 큰 열정과 포부를 가진 사람일수록 더 빨리 지침. 헤드가 큰 그림만 계속 그리는 것에 지쳤는지 중간 관리자들은 그냥 정치질과 자리보전 라인 챙기기만 힘 쏟은지 오래인듯. 회사 크기나 기간에 비해 체계나 발전이 없음. 조직 규모 불리기에 바빠보이긴 하는데 매년 목표는 세우지만 구체적인 달성을 위한 분석과 계획, 반성 등이 전혀 없음. 얼렁뚱땅 숫자만 정해두고 내리갈굼으로 숫자를 채우게 한 뒤 어디서든 숫자가 차면 얼레벌레 숟가락 얹는 식으로 굴러감. 인적 자원으로 수익 내는 회사가 인적 자원 귀한 줄 모름. 상급자끼리 문제 생기면 숨기기 바쁘고 숨겨지지 않으면 부하직원에게 덮어 씌우기 위해 최선을 다함. 회사 내부의 주요사항이 공유되는 체계가 전무함. 문제가 예측되어 보고해도 권한이 있는 상급자는 아무도 손대지 않고 방치하다가 터지기 직전이 되어야 수습하는 척만 한 뒤 책임을 묻는 것이 기본 스탠스. 나서서 노력하는 사람일수록 보호받지 못함.
","
언제까지 숫자에서 순수익만 볼 건지? 데이터 분석, 마케팅에 관한 고민을 더 했으면. 다른데는 더 구린 것도 더 잘 팔아요. 비전은 드림이 아님. 가끔 결과와 원인을 혼동하는 것 같음. 그리고 회사 별로 안 커졌습니다. 한 곳에 모아놨으면 좀더 돌아다니면서 자주 들여다보세요. 이 시국에 이상한 체육대회 같은거 하지 마시고..
"
2021. 06,기획/경영,현직원,2.0,"""중구난방한 전략으로 비전과 미래가 보이지 않는 기업""","
워라벨은 철저히 지킬 수 있으며, 연차나 휴가를 자유롭게 사용할 수 있음
","
연봉테이블이 중소기업 수준으로 낮은 편전략과 비전이 중구난방한 임원진수직적 구조, 상명하복, 소통부족
","
열정있는 구성원이 제대로 된 목소리를 낼 때에는 경청해주었으면...
"
2021. 05,전문직,전직원,1.0,"""일을 하지만 성과가 나기어렵고 열심히 해도 윗사람이 별로라고생각되면 그냥짤리는곳""","
연차 밖에 없음장점이없어서 뭘적어야될지 모르겠네요ㅡㅡ
","
사람들이 자기 개성? 성향? 강함 (오타쿠들성지)자기가 편하려고 일감 몰아주기 강함개인주의성향강함회사에 복지는없음월급이전부인횟ㆍ
","
직원들이 하는평가제도가있지만 왜하는지모를 정도로 반영이되질않음
"
2021. 05,미디어/홍보,현직원,2.0,"""회사가 비전이 있는데 그게 우리팀은 아님.""","
업계 평균 대비 복지가 상당히 좋은 편. 모기업이 커서 믿고 뻗댈 수 있다.
","
워라밸이 좋다는데 그게 적어도 우리 팀은 아니다. 상사 대가리가 굳어있음
","
국내 사업부 일좀 시키세요. 오죽 타부서에서 국내사업팀 별명이 전서구겠습니까
"
2021. 05,개발,현직원,5.0,"""개발자를 잘 대우해주십니다. 개발자가 일하기 좋습니다.""","
복지가 좋습니다. 복지포인트도 부여되고 식사와 카페비용도 지원하는 등 복지가 좋은 것 같습니다.
","
단점은 새로운 일을 하기는 힘든 환경입니다. 이미 다 정해져있는 상태에서 일을 해야하기 때문에 새로운 일하기 힘든 환경입니다.
","
더욱 개발자의 연봉같은걸 신경써주시면 좋을 것 같습니다. 그래야 능률도 더 높아질 것 같습니다.
"
2021. 03,개발,전직원,3.0,"""개발자 대우 좋은 사람들도 좋음 다만 ... PHP라는게 아쉬움  나중을 생각한다면 글쎄..""","
평등하고 다좋아요  인센 + 복지카드 이런것들이 잇음 과자들도 많고 아주좋아요
","
조그마한회사에도 라인이 있음 라인타면 일을 적게해도 인정을 받을수잇음
","
신기술이나 JAVA를 알려주는게 어떨가싶습니다 인턴 및 정직원 모두 신기술을 배우고싶어합니다
"
2021. 03,미디어/홍보,전직원,1.0,"""기꺼이 적당한 부품이 된다면 안정적인 직장""","
모기업이 탄탄하여 기본적인 시스템은 잡혀있고 연차나 분위기는 자유로운 편...이지만 정말 자유로울까?
","
시스템만 잡혀있고 사내문화는 수직적이고 뻣뻣함. 거의 모든 팀들이 사이가 안 좋고 서로 정보를 숨기려해서 협동이 불가능함. 사내정치가 심하고 목소리 큰 몇명이 물을 흐림. 애사심을 가지고 싶어도 가질 수 없게 하는 건조한 분위기. 아이디어를 내도 혼자 무조건 다 책임져야함. 상사가 실적을 쉽게 뺏어가고 자기가 상사라는 자각이 없음. 팀원을 방패로 삼는 팀장들도 많음. 입사하고 라인을 못 타면 금방 퇴사함.
","
실무에서의 시스템이 얼마나 감정적으로 굴러가는지 빨리 파악하는 것이 좋음. 신규입사자의 열정과 의욕을 꺾는 상사들이 있음. 사원이 성장하기가 어려움.
"
2021. 02,개발,전직원,3.0,"""부바부가 심하고 직원을 생각하지 않는 기업""","
부서마다 다르지만 직원들끼리는 좋고 워라밸이 좋은 편복지도 꽤 괜찮음연차 개인사유 안써도 됨
","
이것도 부서마다 다르지만 쓸데없는 회의위에서 일벌리고 피해는 직원이 받음
","
직원을 부품처럼 생각하지 말아주세요이리저리 옮기고 결국 필요없어지니 자름
"
2021. 01,기획/경영,현직원,4.0,"""워라벨 하나만 보고 다니기에 좋은 기업. 그 외 특출난 것은 없지만 대체로 평균을 유지하는 기업.""","
대체적으로 칼퇴하는 분위기. 소소한 복지가 있음(자랑할만한 건 아니지만 혼자 즐거워 할 정도).제도나 조직 구조가 점점 성장함을 느낄 수 있음.
","
아직 제대로 체계가 잡히지 않은 느낌.사무공간이 좁아서 조직이 여러 장소에 쪼개져 있음.최소한의 복지만을 제공.
","
체계적인 조직구조 구성.사무공간 확보.공정한 인사 평가.
"
2020. 12,전문직,전직원,3.0,"""아직도뭘하는지잘모르겠는웹콘텐츠회사웹소설도웹툰도잘모르겠다""","
워라벨팀바팀이지만6시5분이면90%퇴근업무로쪼는분위기도아님아직은성장하니까간식?
","
웹소설/웹툰한지꽤되지않았나?아직도뭘원하는지잘모르겠음방향이안정해지니제작하는입장에서는답답
","
제발작품봐주세요경영진중누구도작품을보고있지않는거같아요
"
2020. 12,영업/제휴,현직원,5.0,"""점점성장하는 회사로 가능성이 많이 돋보입니다.""","
성과에 대한 보상이나 기본조건들이 잘 갖춰져 있어 일할 수 있는환경이 좋은 회사입니다.
","
직원들의 교류가 부족하여 인프라조성이 조금 아쉬운 부분이 있습니다.
","
직원들의 의견을 잘 수렴해주고 있지만 작은 의견들도 조금은 들어주면 좋을 것 같습니다.
"
2020. 11,기획/경영,전직원,1.0,"""회사는 코로나를 계기로 성장하려고 하는듯함. 사업 확장으로 인한 채용이 주를 이룸""","
자유로운 복장, 사무실의 위치(앞에 경의선 숲길이 있어 환경면에서는 좋음)
","
OJT면에서 큰 한계를 보입니다. 신입으로 들어갔을 때 업무를 차근차근 배운다기보다는 중구난방식으로 갑자기 제시되는 일을 처리해가며 그 과정에서 배우라는 분위기입니다. 이조차도 사수 개인에게 회사 적응 도움 및 교육 전반이 위임된 상황에서 업무를 배우게 되는데, 사수가 일을 가르쳐주기보다 알아서 일단 해본 뒤 검사를 받으라는 식으로 하고 요청했을 때 가르쳐주는 것도 최소한도로 가르쳐주면 얼굴에 철판을 깔고 계속 눈치를 보며 도움을 요청하든 혼자 애쓰든 방치되는 상황이 자주 생깁니다. 물론 팀원 중 요청했을 때 바쁜 와중에도 친절히 가르쳐주려는 분들이 있고, 이런 사람을 사수로 만난다면 업무에 적응하기 쉽겠지만 사수를 가르쳐줄때마다 핀잔을 주거나 최소한만 가르쳐 준 후 결과물부터 달라고 재촉하는 스타일로 만날 경우 대인관계 스트레스가 큰 편입니다. 그만큼 초기 적응이 운에 달린 시스템입니다. 무엇보다도 경력직을 뽑길 팀원들도 바라고 관리자급도 바라는데 신입을 뽑아놓고 경력직처럼 빠르게 적응하며 한 사람 몫을 어서 해야한다는 압박을 주는 분위기입니다. 신입으로 입사한지 채 2주가 안된 상황에서 네가 일을 제대로 많이 못해서 다른 팀원들이 피해를 보고 있다는 식으로 사수한테 한마디 들었던 만큼 앞선 리뷰에 있는 입사 1년차까지 성과에 큰 압박감을 주지 않는다는 것은 팀별로 다른 것으로 보입니다.
","
직급이 조금 더 세분화 되어 있다면 체계를 갖추는데 도움이 될 것으로 보임.
"
2020. 10,미디어/홍보,전직원,3.0,"""가파르게 성장하고 있는 웹툰&영화 콘텐츠 회사""","
사람들이 좋음, 연차를 눈치 안 보고 쓸 수 있음, 점심 및 저녁 식대 지원, 그 외 기타 복지 중상위급(건강검진, 현금성 복지비 등등)
","
팀과 팀 사이가 좋지 않아 협동 불가, 일하는 사람 노는 사람 나뉘어 있음, 경영진/임원진 판단력 아쉬움
","
콘텐츠 회사가 갖춰야 할 최소한의 센스, 감각이 있었으면..
"
2020. 10,기획/경영,전직원,4.0,"""평화로운 분위기의 회사. 현재는 그러한데 앞으로는 모르겠음""","
안정적인 플랫폼을 운영하고 있어 업계의 다른 회사보다는 괜찮은 경쟁력을 갖추고 있음
","
후발주자 업체들이 우후죽순 생겨나는 중, 경쟁력을 유지할만한 뚜렷한 장점은 없는듯
","
열심히 하는 만큼 좋은 성과가 있으면 좋겠네요
"
2020. 09,기획/경영,현직원,4.0,"""회사가 점점 커지는 것에 보람을 느낄수 있다. 그와 함께 신규 업무 능력 향상도...""","
연차 이유없이 사용가능. 팀바팀이지만 기본적으로 함께 일하는 사람들이 좋음.업무에 필요한 지원 좋음. 회사의 위치가 좋음.
","
복지제도가 많지는 않다.이것또한 팀바팀이지만 팀의 임원이 안맞을 경우 있음.
","
직원들 이야기 잘 들어주세요.커져가는 회사에 도움이 된 사람들에게 좋은 복지와 지원을 부탁드립니다.
"
2020. 07,영업/제휴,전직원,3.0,"""다우키움 계열사, 딱 그만큼의 장단점 보유""","
체계가 있긴 있다. 보고이건 결재이건 업무이건 그다지 많은 문의할 필요없이 정해져있다. 간식 제공되고 야근이 필요시 약간인편. 업무강도는 케바케
","
체계가 있긴 한데 윗선의 개입으로 자주 달라진다. 페이퍼워크에 가까운 의미없는 윗선설득 작업이 자주 요구된다. 가끔 있는 야근이 보통 이걸로 유발됨.
","
개입을 관심으로 생각하면 감사하지만 적정선이 있으면 했었습니다. 근거없는 주장들로 데이터가 있는 주장들이 묵살되는걸 보면 심히 안타까웠습니다.
"
2020. 06,기획/경영,전직원,4.0,"""생각보다 자유롭고 생각보다 좋은 곳입니다. 직원들끼리는 엄청 친하고 좋아요. 직원이 복지라고 할 정도로 좋아료""","
일단 복장이 자유로웠습니다. 일단 출근과 퇴근 체크가 정확하지 않아서 팀장님의 자유에 인하여 움직이는 경우기 많습니다. 살짝쿵 점심 늦게 와두 뭐라구 안해요. 너무 좋은 분위기에서 근무를 할 수 있었습니다.
","
너무 너무 숫자로 인한 숫자가 인격인 숫자가 얼굴잉 회사입니다. 매출이 주를 이루고 있고요. 사실 매출부터가 아니더리구 엄청 열심히 잘하고 있는데 매출부서가 아니면 그다지 대우를 받지 못하는 것 같아서 매우 슬퍼요.
","
숫자가 아닌 부서도 신경 좀 마니마니 써주세요. 저희들은 의외로 이런 부분에 상처랄 받는답니다. 저희두 정말 열심히 하구 있어요 한번만 뒤돌아서 저희도 봐주세요
"
2020. 04,개발,전직원,4.0,"""개발자를 우대하고 의견을 서로 공유하는 팀 분위기""","
휴가 사용 시 전자결재에서 휴가에 대한 사유 없고 자유롭게 사용 가능매점이 있어서 아침마다 먹을 거리 보충
","
실적이 나오는 좋은 팀과 안 좋은 팀의 팀 분위기가 많이 다름
","
특별하게 바라는 점은 없고 회사 행사를 조금은 하지 않았으면 합니다.
"
2020. 04,개발,현직원,5.0,"""주니어개발자들이 배움을 통해서 성장할 수 있는 곳. 윗분들이 친절하게 다 가르쳐주심.""","
연차를 눈치안보고 사용할 수 있으며, 건물이 깨끗함. 대기업 계열사라 다니는데 편안함.
","
식비가 따로 지급안되고 연봉에 포함되는 것이 단점인 것 같음. 이 문제만 해결된다면 좋을 것 같다고 생각함.
","
신입들을 위한 복지를 더 많이 만들어주세요. 그럼 더 편안하게 다닐 수 있을 것 같습니다.
"
2020. 04,미디어/홍보,전직원,5.0,"""급속히 성장하고 있는 회사. 전반적으로 복지도 좋은편이나 점점 좋아지는 추세. 사람들은 부서마다 다르겠지만 무난하다고 생각됨""","
루틴하지 않고 역동적이라 배울것이 많고 자기 만족도 역시 비교적 높을거라 생각됨. 야근 강요 없고 자율적인 업무 스타일임
","
급속히 성장세에 있다 보니 남들 다하는 코로나 재택근무를 거의 하지 않았던거 같음
","
직원들의 고충을 좀 더 듣고 소통이 있었으면 좋을듯. 고충 보고 후 짬이 되버리는 케이스가 많은듯..
"
2020. 04,미디어/홍보,전직원,3.0,"""개도국 시기 지나서 시스템 좀 갖춰져있고 월급은 잘 나옴""","
연차 쓰는 거 뭐라고 안 하는 편?이지만 위에서 껄그럽게 보긴 함어쨌든 신입사원으로 들어가면 1년은 일 못해도 봐줌월급 안 밀림
","
라인 타기하는 문화라인 타는 새로운 팀장/부장들.. 라인 타느라 일 안 하고 실무한테 다 던짐
","
문제가 있는 사람은 좀 자르시길 바랍니다자기 해야할 일조차 못하는 사람이 있음
"
2020. 02,개발,현직원,4.0,"""웹툰, 소설, 영화 등의 종합 컨텐츠 회사""","
그룹사 소속이기에 안정적인 재무 상태자유로운 업무 분위기,야근은 언제 했었는지 기억도 안 남사유가 필요없는 연차 사용휴가 기간은 개인 일정에 문제 없는 한에서 언제든지 사용 가능매일매일 채워지는 휴게실의 음식과 음료수들
","
대기업답지 않은 조금은 평범하다 싶은 연봉 테이블은 앞으로 조정이 필요할 것으로 생각됨
","
조금 더 적극적인 사원 복지를 해줬으면 좋겠네요.
"
2020. 02,개발,현직원,5.0,"""워라벨이 좋고, 자유로운 분위기에서 개발하며 다양한 경험, 컨텐츠 서비스관련 경험을 쌓기 좋은 곳""","
수평적인 사내 분위기 - 직급 호칭이 없기 때문에 수평적인 분위기임지리적 장점 - 사무실이 공덕이고 호선이 다양한 공덕역에서 가깝기 때문에 서울에서 출퇴근 하기 편함
","
사무실이 12층인데 건물내 엘레베이터가 2대라 출퇴근, 점심시간 같이 이용량이 많은 시간에 많이 기다려야 될 수도 있음
","
신규 사업 추진을 할 때 조금 더 공격적이고 과감하게 진행했으면 합니다.
"
2020. 02,전문직,현직원,4.0,"""소기업에서 일했던 내게 중소기업, 대기업의 시스템으 이렇구나 알려주는 회사""","
일하는 데 불편함이 없고 복지 혜택이 좋다. 그리고 사원들의 기타제반 사항을 적극 관리해준다.
","
숫자에 치밀한 감이 있어 숫자에 약하면 힘들 수 있다. 처음 들어왔을 때 숫자를 보고 힘들었었다.
","
지금처럼 일하기 좋은 환경 만들어 주셧으면.
"
2019. 12,미디어/홍보,전직원,4.0,"""사람이 좋은 회사. 같이 일하는 사람들이 너무 좋다.복지도 나날이 진화하고있음. 하지만 하나의 단점이 장점을 씹어먹는 엄청난 회사..""","
연차가 정말 자유로움. 복지도 점점 더 발전해 나가고있음같이일하는 사람들이 너무 좋아서 분위기가 정말 좋음 특정인을 빼고...
","
윗선에서 이랬다 저랬다함. 뭐하나 해볼라고하면 엎고.. 또엎고...중간계급이 정말 없음. 거의 대부분이 다 평사원들
","
새로운것에 도전을 한다고 치면 기간을 길게두고 지켜봐주세요.매번 조금 보다가 엎어버리고 그러시지말고여유가 없을 수도 있겠는데 직원들은 무슨죄에요
"
2019. 11,전문직,현직원,4.0,"""숫자에 민감하지만 다양한 콘텐츠 제작과 OSMU를 이끌어내려는 의욕이 있는 회사.기본 자금이 확실해서 자신이 희망하는 콘텐츠를 만들어가기 좋은 회사.""","
대체로 자유로운 분위기와 자기 업무에 집중하면서 만들어갈 수 있는 편. 자신이 생각하는 방향에 맞추어 다양한 콘텐츠를 생산해 볼 수 있는 PD 관련 직군에게는 매력적인 회사.
","
콘텐츠 업체지만, 숫자에 많이 민감해서 숫자 중심으로 이야기를 요구하는 게 많은 편. 근데 그게 가끔 많이 답답하고, 숫자로 설명하기 어려운 것들에 관해서 이해관계를 만드는 게 힘든 편이다.
","
숫자로 모든 걸 다 정리할 수 있으면 콘텐츠 장사를 왜 합니까. 회사가 숫자가 중요한 건 맞지만 숫자만 보다가 섬세한 부분에서 놓칠 수 있는 것들이 있다는 걸 인지하고 계실지.
"
2019. 10,영업/제휴,전직원,3.0,"""콘텐츠 회사지만 어딘가에서 제조업 느낌이 나는 복잡미묘한 회사""","
팀별로 다르지만, 주체적으로 무언가를 할수있다는 장점. 다만 본인이 하고싶은것이 명확하지 않다면 좀 헤멜수있음.
","
경력이 짧은 사람이 많고 생각보다 사람에게 돈을 쓰는것을 효율적으로 하지못하는 경향이있다.
","
새로운 신입을 뽑아 가르치는 시간을 생각하면 경력직을 조금만 더 케어해주는게 장기적인 이득일수있다.
"
2019. 07,기획/경영,현직원,1.0,"""별 하나는 무조건 줘야하나요? 별 하나 주기도 아까운 회사. 직원 가지고 장난질하는 회사. 번지르르한 겉과 달리 알맹이는 아무것도 없음. 보니까 평이 너무 최악이라 최근에 전체적으로 손 좀 본듯하네요 ㅋㅋㅋㅋㅋ""","
연차/반차 사용 자유로움, 지하철로 출퇴근 하기 쉬움, 쾌적한 사무실, 팀 마다 다르지만 인간관계 스트레스 없음, 간식 제공
","
여기저기 열심히 굴리다가 사람 버리는게 취미, 중간관리자급의 부재로 인해 발전 기회 없음, 능력없는 책임자 다수 존재, 뭐 하나로 제대로 밀고나가는게 없음
","
직원들의 불만을 듣지만 말고 현실적으로 해결해줬으면, 능력없는 책임자를 내치지 않는 한 매번 제자리일듯, 무슨 장난감 가게도 아니고 사람가지고 장난질 그만하세요 책임자는 그대로인데 뭐가 달라집니까
"
2019. 06,미디어/홍보,전직원,1.0,"""다우인큐브에서 사명 변경. 키다리 이엔티 이미지에 얹혀 가고 어떻게 그럴싸하게 뭉쳐 놓았으나 속빈 강정...정체성 모호... 키다리 스튜디오라고 해 놓으니 있어 보임. 어떻게 확장해 보려고 하나...근본적으로 콘텐츠 회사인데, 작품 따오기 너무 힘듬. 돈으로 여차저차 해결하려고 하는데 직원에게나 돈을 더 썼으면""","
간식을 주는 게 복지라고 말해야 한다니 슬플 뿐. /웹소설 콘텐츠 확장하려고 하나 과연....
","
정치질.../ 보람없는 업무 노동 과다 아직 정체성이 뚜렷하지 않음.
","
직원들 복지에 신경 좀 써 주시고 무분별하게 타 콘텐츠 회사들이 하려는 거 다 따라해 보려 하지말고(그럼 사람을 더 뽑든가) 좀 이 회사만의 로드맵이 있어야 한다고 생각
"
2018. 10,영업/제휴,전직원,3.0,"""국내 최초의 전자책 기업!! 다우그룹에 인수합병 후 방황하는 중!!""","
직장생활 무엇인지 대차게 경험할 수 있음!!- 성과가 확실하면 그에 따른 복지 지대로 누림- 실적 관리 제대로 안하면 권고 사직이 무엇인지 지대로 알려 줌- 드라마 '미생'의 '장그래'를 체험할 수 있음- '험난한 인생 정신 바짝 차려야 한다'라는 속담 지대로 알려 줌- '일은 열심히 하는 것이 아닌 잘하는 것이 중요하다' 격언 지대로 알려 줌- 상시 긴장하고 일하고 성과내면 드라마 속 능력남 실제 될 수 있음을 경험 가능할 듯
","
다우그룹에 인수합병 후 사업 방향성에 대해서 카오스로 표류 중!!- 기업을 이끌어가는 일등항해사가 없음- 무언가 개인적 성과를 내기 어려움- 까딱하는 순간 좀비 직장인 될 수 있음 주의!!
","
장기적인 플랜을 더 늦지 않게 정립하기- 어떠한 콘텐츠 회사가 될 것인가 현실성 있게 정하기 > 최소 5~7년차 수준 계획 수립. 초기 / 인수합병을 통한 비지니스 진입. 중기 / 인수합병 기업 안정화 및 콘텐츠 생산. 후기 / 유통+생산+OSMU+IP비지니스 완성 장기적인 플랜을 세분화하며 목표 미션 세우기 - 초기 / 투자 단계. 바로북, 봄툰 인수. 연계되는 비지니스 모델로 설정. 잘하는 것, 모호한 것, 못하는 것 정의 및 정리. 잘하는 것은 강화, 모호한 것에는 할 것을 정의 후 나머지 버리기. 인수합병 회사의 방향성 정립의 단계 - 중기 /투자 및 매출 증대 단계. 초기에 정리한 것을 강화하여 매출 증대. 현실적인 목표 / 인수합병 시 매출의 150% 증대 목표. 콘텐츠 생산을 위한 인력 확보 및 육성과 투자. 인수합병 회사의 통합 진행. 콘텐츠 생산성 강화 박차 및 경쟁력 육성 - 후기 / 이익 발생 및 신사업 투자 단계. 자체 서비스 매출 증대 강화. 자체 콘텐츠 OSMU 투자 및 진행 / 소설>웹툰 / 일부 영상화 진행. 국, 내외 IP사업 진행 / 유통과 투자 유치
"
2018. 07,미디어/홍보,전직원,2.0,"""사람에게 돈쓰기 아까워하는 경향이 있음""","
연차 사용이 자유롭고 사무실이 좋음.시원하고 간식도 챙겨줌
","
대표님이 사람에게 돈쓰기 아까워하는 경향이 있음... 싸게싸게 큰 효율을 바라시는 ....
","
사람에게 조금 더 투자해줬으면... 인풋보다 더 크나큰 아웃풋만을 원하시지 말것 ....
"
2018. 05,기획/경영,전직원,1.0,"""다우인큐브라는 회사 이미지가 너무 안좋아서, 이름을 키다리스튜디오로 바꿈. 인큐브 정치판에서 꾸역꾸역 살아남은 자들이 옹기종기 모여 다시 청치하는 곳...""","
스튜디오라는 어감이 왠지 뭔가 하는 회사 같음.공덕역에 사무실이 있어 접근성 좋음.
","
제대로 된 서비스가 없음...워라벨이 너무 높음...몇몇 관리직들은 너무 쉽게 월급 타 먹음...사명까지 바꿨지만 달라진게 없음...
","
모두를 위한 회사를 만들어주세요.직원들도 행복할 권리가 있어요.
"
2018. 05,미디어/홍보,전직원,3.0,"""보통의 대우와 보통의 급여를 받는게 장점이자 단점이다.""","
스토리를 자유롭게 이어갈 수 있고, 깐깐하지 않은편이다.
","
업무 메일이 늦게 오는편. 정보 공유가 너무 느리다. 사업을 벌리고 나서야 알게된다.
","
직원을 늘려줬으면 좋겠습니다. 직원 한명 한명이 하드캐리 하는 느낌.
"
