﻿날짜,직무,고용 현황,별점,요약,장점,단점,경영진에게 바라는 점
2023. 01,교육,현직원,5.0,"""조직 분위기가 열려있고 빠르게 성장하는 진정성 있는 코칭 기업입니다.""","
코칭 교육, 치어링데이, HRD 데이 등 다양한 혜택을 제공해 주는 것. 직원들 간 사이가 좋고 성장의 기회를 계속 제공해 주는 것.
","
변화대응을 지속적으로 해야하는 것.  업무 강도가 높지만 다같이 함께하는 문화가 있는 것은 좋습니다.
","
코칭 리더십의 모범이 되는 경영진이라고 생각합니다. 변함없이 한결같은 모습 기대합니다.
"
2022. 08,기획/경영,전직원,4.0,"""좋은 분들과 함께 배우고 일할 수 있다. 분위기가 남다르다.""","
사무실 분위기가 좋고 사람들이 좋다. 많이 웃으면서 일 할 수 있다.
","
업무의 구분이 없어 좀 어렵지만 금방 적응하면 괜찮다고 생각한다.
","
좀 더 실질적인 직원들의 복지를 만들어주면 좋을 것 같다.
"
2022. 04,기획/경영,현직원,5.0,"""좋은 사람들과 좋은 관계를 통해 협업과 성장을 이룰 수 있는 곳""","
수평적인 분위기. 조정 가능한 출퇴근 시간. 자유로운 휴가 사용으로 워킹맘들이 일하기에도 안정적인 기업.
","
사용툴, 프로그램이 많아 익숙해지는데 시간이 걸림. 프로그램 사용에 원활한 분이라면 굿.
","
조직 성장에 따라 직원들 케어 및 복지도 다양해지면 좋겠음.
"
2022. 04,금융/재무,현직원,5.0,"""직원의 다양한 경험을 응원하고 소통을 존중하는 기업, 자유로운 분위기의 기업, 각 직원과 가족과의 행복을 추구하고 응원하는 기업.""","
수평적이고 자유로운 사무실 분위기, 직원의 복지를 항상 생각해주며 다양한 사내행사(등산이나 체육대회같은 행사 아님, 다같이 클래스 활동하기 등)와 복리후생에 아낌없이 지원한다. 여성의 출산, 육아등을 이해, 응원, 배려하는곳, 가족의 행복을 중요시 여기는 기업, 유연근무제 시행으로 아침 출근시간이 여유롭다.
","
평일 복장은 비지니스 캐주얼을 선호하고, 청바지는 입지 않습니다. 대신 금요일에 캐주얼데이로 자유로운 복장으로 출근합니다.
","
신규 직원도 많이지고, 신규 프로젝트도 많이지는 요즘 직원들에게 동기부여가 될 수 있는 응원을 해주시길 바랍니다.
"
2022. 01,기획/경영,현직원,4.0,"""코칭을 통해 행복하고 건강한 조직을 만들도록 지원하는 비즈니스 코칭 전문기업. 코칭의 힘을 믿고 사람이 변할 수 있다고 생각하며. 긍정적이고 유연하고, 일에 열정이 높은 인재들이 모인 곳.""","
중식 및 간식 지원, 생일 휴가, 매월 1회 유급반차, 분기별 GWP 행사, 팀 회식비 및 도서&교육비 지원
","
급성장세로 많은 변화의 흐름을 가지고 있음. 안정화된 업무 프로세스를 필요로 함.
","
직원 수가 늘어남에 따라 직원 육성과 케어를 지속적으로 힘써주시길.
"
2022. 01,교육,현직원,5.0,"""빠르게 성장하고 있는 코칭기업. 변화에 유연하게 대응하며 좋은 코치들이 많아 조직문화 향상에 기여하고 있는 곳""","
월 1회 유급반차를 제공하는 것이 정말 좋음. 직원들이 대부분 똑똑하고 매우 착하고 열심이라 일하는 분위기가 즐겁고 재미있음. 성장에 따라 다양한 혜택도 늘어나고 있음.
","
성장에 따른 갑작스러운 일이 생기고 업무 강도가 높은 편임. 다양한 이해관계자들과 소통해야 하는데 적성에 맞는 사람은 괜찮지만 소통이 편치 않은 사람은 힘들 수 있음.
","
지금도 잘 하고 있지만 적극적으로 성장을 위해 노력하며 산업을 리딩하는데 투자 했으면 함. 건강 잘 챙기며 장기적으로 기업을 잘 운영하길 희망함.
"
2021. 09,교육,전직원,3.0,"""다양한 경험을 쌓을 수 있고,  커리어의 첫 단계로 거쳐가기 좋은 곳, 사람들이 따뜻하고 좋은 곳, 리더십 회사 치고 리더십이 아쉬운 곳""","
- 식대 제공 - 사람들이 따뜻함, 책임감이 높음- 다양한 사람들을 만나고 일할 수 있는 기회가 좋았음- 다양한 일을 해볼 수 있음 - 다양한 복지 제도가 있음- 중소기업치고 체계가 있는 편- 실수를 인정하고 개선하려는 태도가 있음- 직원들에게 성장의 기회를 제공하려고 함- 직원들을 나름의 방식대로 케어하려고 함- 회사가 잘 될 때 보너스를 아끼지 않음 (안될 때 영업 직원이 아닌 사람들까지 영업 압박)
","
- 연봉이 적음- 복지가 좋지만 눈치가 보임- 다양한 일을 할 수 있어서 좋지만 장기적으로 전문성을 쌓기는 어려움- 세대간 소통 이슈가 있음 - - 몇몇 사람이 '야근하는 사람 = 일을 잘하는 사람'이라는 태도를 보임- 성장의 기회를 주는 게 좋지만 가끔은 강요가 될 수 있고, 팀장직급 보다는 신입, 중간 관리자에게 바라는 게 더 많은 것 같음(개인적인 경험과 생각임)
","
세대간 소통 역량과 전체적인 리더십 역량을 강화하면 앞으로 더욱 더 성장할 것 같습니다.
"
2021. 02,기획/경영,현직원,2.0,"""기업 HR과 코치를 연결하는 교육 유통업.겉과 속이 다른 조직.""","
치어링 데이(유급 반차), 유연근무제, GWP.(경영진에 의해 하루아침에 모두 사라질 수 있음)
","
오너패밀리.직원들이 조직문화 개선을 위해 고민하고 의견 개진을 하지만 변화에 어려움이 있음가족같은 분위기가 강요됨. 겉으로 보여지는 것에 굉장히 예민.
","
겉과 속이 같은 기업이 되었으면 합니다. 낭중지추. 언젠가는 드러나게 되어 있습니다.
"
2020. 06,교육,현직원,5.0,"""교육서비스업에서 가장 오랜 기간 존경받으며 지속하는 이상적인 기업""","
코칭회사 No.1기업으로 자부심을 느끼고 성장하는 것이 즐거운 곳임. 직원들 분위기가 엄청 좋아 많이 웃을 수 있는 곳임. 최근 복지 혜택이 많아지고 있음.
","
산업 특성상 업무가 몰리는 기간에는 개인적으로 시간관리 & 건강관리를 잘 할 필요 있음. 케어해주는 사람이 많아 다행임.
","
지금과 같이 OKR 성과관리가 제대로 지속되길 희망함. R&D의 기회를 주고 유급반차인 치어링 데이 혜택이 가장 좋음.
"
2020. 02,기획/경영,전직원,3.0,"""여성기업으로 회식부담 연차부담 없어서 좋았급니다.0""","
회식부담없고 연차 부담없고 출장 및 야근 시 담날 늦게출근 오케이
","
인원이 적어서 일당백느낌 이것저것 누구나 뭐든지 해야하는 느낌
","
보다 효율적인 시스템 운영했음 좋겟습니다
"
2019. 09,기획/경영,전직원,3.0,"""대한민국 코칭의 선두 주자였음, 교육컨설팅과 특히 비즈니스 코칭에 관심 있다면 추천""","
가족 같은 분위기, 서로 배려하는 문화, 코칭 분야의 업무를 경험해 볼 수 있는 기회
","
정말 가족 같이 생각하여 직원 이상의 역할을 요구하는 것 같기도 함, 경력 개발의 어려움
","
소규모 회사였기에 대표님 직원들 전임코치(강사) 간에 원만히 코웍할 수 있었고, 서로를 각별히 챙겨주는 문화에서 만족하며 다닐 수 있었습니다만 직원 성장과 경력 개발 면에서는 한계를 느낄 수 밖에 없었습니다.
"
2019. 04,교육,현직원,5.0,"""글로벌 리딩 코칭 기업을 목표로 긍정적 조직의 변화에 크게 기여하는 기업. 따뜻하고 진실된 사람들이 함께 하는 곳""","
하이서울브드, 가족친화기업, 이노비즈기업, 기업부설연구소 등 체계적으로 교육기업의 기본에 충실하고 장직함. 무엇보다 코칭으로 긍정적 변화를 이끌고 발전하려고 노력해 개인에게도 성장의 기회가 상당히 많음. 코칭자격 제공, 점심 제공, 월 1회 반차, 생일 휴가, GWP 행사, 유연근무제 등 직원복지가 중소기업에 비해 다양히 준비되어 있고 매우 화기애애함. 좋은 코치진들과 구성원들이 가장 큰 장점임.
","
중소기업이고 고객사가 많다 보니 업무가 시즌별로 많이 몰리기도 해 업무가 많아질 때고 종종 있음.
","
코칭철학을 기반으로 운영하기 위해 노력하는 것이 느껴지는 경영진이 있어 가장 믿을수 있는 코칭회사가 될 수 있다고 생각됨.
"
2019. 03,교육,전직원,4.0,"""비즈니스 코칭계의 시초라 국내, 외국계 다양한 대기업에서 이미 인지도가 높고 고객사의 코칭교육 만족도가 높음. 코칭에 대해서, 교육기획,개발에 대해서 관심이 있다면 커리어를 쌓으며 성장할 가능성이 많음.""","
음악과 함께 하는 자유로운 근무 분위기위계질서 없는 수평적 조직문화직원들 의견에 대한 경영진의 높은 수용성자유로운 연차사용도서구입비, 코칭교육비 지원, 식대지원 등 내일채움공제 등 혜택이 가능한 제도에 대해 적극 지원
","
팀과 개인에 대한 업무분장이 명확하지 않다고 느껴질 때가 있음.
","
실제 업무시에 적용하기 어려운 코칭을 평소에, 실무에 더 많이 적용해 주신다면 더 편하고 좋은 조직이 될듯
"
2018. 11,교육,전직원,3.0,"""비즈니스 코칭회사라 쓰고 교육 유통업이라 읽음""","
식대 제공, 야근 조절 가능, 자유로운 분위기 등이 장점이라 말할 수 있음
","
교육 회사여서 여러 복지 시행 시도는 하지만, 인원이 부족하여 역할 체계가 불분명함
","
문제가 생긴다면 문제의 핵심을 파악하려 노력해야할 것 같다
"
2018. 06,교육,전직원,4.0,"""리더십 코칭 교육을 진행하는 회사로서 수평적이고 직원의 성장을 지원하며 조직내에 코칭리더십을 발휘하여 업무를 이끄는 기업임""","
경영진의 직원성장에 대한 지원과 배려가 많고 코칭리더십으로 커뮤니케이션함으로 현장에서의 리더십을 배울 수 있음. 수평적이고 자율적인 업무 환경 및 기업문화임
","
단순업무가 많고 시스템적으로 복지제도나 성과 및 연봉혜택등에 대해서 명확하지 않아서 개선이 필요하다고 생각하며 개인적으로는 단점보다는 장점이 많은 회사라고 생각함
","
신규비즈니스나 더 다양한 교육 컨텐츠에 오픈되어 시도해보면 좋을 거 같음
"
2018. 03,교육,현직원,5.0,"""진정한 코칭회사로서 진실됨이 탑재되어 있는 곳. 내부에서나 외부에서나 코칭적 가치가 느껴지는 기업.""","
개인이 적극적일 경우 다양한 기회를 시도하며 성장할 수 있음. 중식, 도서 및 자기계발비 지원. 근무환경 및 분위기는 매우 밝고 즐거움. 코칭과 리더십에 대한 업의 중요성을 인식하는 사람들에게 매우 좋은 일터임.
","
여러가지 시스템을 갖추기 위해 변화가 많음. 스타트업과 같은 느낌이 도전적인 사람에게는 좋은 부분이 될 수도 있고 변화를 싫어하는 사람에게는 단점이 될 수도 있음.
","
개인의 책임과 보상 부분이 더욱 명확하게 소통되길 희망함.
"
2018. 03,교육,현직원,5.0,"""성장을 위해 코칭리더십을 적용하고 타기업에 전파시키는데 진정성이 높은 기업임""","
수평적이고 자유로운 조직문화. 유쾌한 직원들, 배우고자 하는 좋은 고객, 따뜻하고 실력 높은 코치진과 함께 하는 일. 성장을 지원하고 나도 성장하는 곳.
","
스타트업 같이 변화도 많고 스스로 해야 할 일도 많아 책임감도 높음
","
성장을 더 적극적으로 지원해 주길 희망함
"
2018. 01,교육,전직원,3.0,"""소규모 회사로서의 장단점이 뚜렷함. 본인 관심에 따라 충분히 성장할 수 있음""","
정말 가족 같은 분위기, 업무강도가 높은 편은 아님, 사회초년생으로 교육컨설팅이나 코칭 등에 대해서 배우고 성장할 수 있는 기회 충분히 가질 수 있음
","
대표의 가족과 함께 근무함으로 인해 발생할 수 밖에 없는 생활적/업무적 불편함
","
성장가능성이 높은 직원에 대한 세심한 관심과 처우 보상 필요
"
2015. 03,,인사/총무,1.0,"""회사 위치도 좋고 배우면서 공부할수 있지만 가족 경영진 구도 자체가 가장 큰 단점으로 작용하는듯. 업무 R&R이 명확하지 않고 콜드콜 업무가 많을수도....""","
일하면서 배울수있는곳. 개인적으로도 성장할수있어서 좋음. 코칭을 전문적으로 배울수있음
","
가족 경영진. 모든 회사들이 그러하겠지민 특히 10명도 안되는 직원들 사이에 대표의 가족이 함께 일한다는 것은 굉장히 불편함
","
연봉이 더 높았으면 좋겠음 ..
"
2015. 02,교육,현직원,5.0,"""가족같고 즐거운 일터, 나의 성장이 회사의 성장이 될 수 있다면 이곳이 당신이 찾는 곳 입니다.""","
교육 기회 제공, 코치로서 성장할 수 있도록 육성해 줌. 나의 생각을 자유롭게 표현할 수 있고 내가 프로젝트를 시작할 수 있음. 대신 책임감 또한 큼.
","
끊임없이 공부해야 하고 발전해야 함. 매주 도서리뷰 등 자기계발을 계속 해야 하는데 좋아하는 사람에게는 큰 도움을 주겠지만 부지런하지 않는 사람은 어려워 할 수 있음.
","
비즈니스 모델 개발을 더 잘 해서 많은 사람들이 코칭을 경험할 수 있도록 하면 좋겠음.
"
2015. 02,기획/경영,전직원,3.0,"""코치가 되는 것에 관심이 있다면 KAC 자격증 취득을 지원하고 고가의 교육을 받을 수 있도록 지원한다. 코칭 업계 및 코칭에 대한 전문성을 쌓으르 수 있다. 적극적인 직원에게는 적극적인 지원을 해준다.""","
코칭업계에서 높은 인지도. 경복궁역과 가까운 지리적 위치. 가족적인 조직문화, 적극적인 교육 지원. 아름다운 주변환경. 근무 환경이 좋음.
","
너무 낮은 급여. 경영상의 어려움, 가족경영 형태로 경영이 이루어지고 있어 성과 및 업무에 대한 객관적인 평가를 받기 힘듦.
","
경영 환경 개선 시급. 급여 수준 개선,
"
