﻿날짜,직무,고용 현황,별점,요약,장점,단점,경영진에게 바라는 점
2023. 11,기획/경영,전직원,1.0,"""경력 중 가장 최악의 업무 환경을 경험한 곳""","
회사가 급해서인지 연봉을 후하게 쳐줌이것저것 해보려고 노력은 함
","
문서가 없고, 오너의 기분에 따라 업무 롤이 바뀌며. 잘못되면 모두 남탓.휴먼에러 투성인데 자동화는 하지않고 휴먼이 갈리는 시스템
","
차라리 다 엎고 리셋해보세요 그게 답인것 같습니다. 신규사업도 유치 성공하면 그때 직원들에게 당근으로 쓰세요.
"
2023. 10,마케팅/시장조사,전직원,3.0,"""신입이 다니기엔 그럭저럭 괜찮고 자잘한 복지가 있는 회사""","
복지를 잘 챙겨주는 편이고 다양한 경험을 할 수 있습니다
","
야근이 많고 새벽업무가 있어서 집에 못갈때가 많습니다.
","
직원들의 건강과 성장을 위해 조금 더 고민하고 이야기를 들어주세요.
"
2023. 10,개발,전직원,3.0,"""오래 다닐수있는 탄탄한 회사는 아닌거같아요""","
수평적 조직 구조와 꽤나 자유로운 편. 직원들끼리 교류 좋음
","
일이 진행되는 프로세스가 안좋고 직원이 자주바껴 제대로 아는 사람이 없음
","
내부사정을 잘 파악하고 직원들의 말에 귀기울여야할것같음
"
2023. 10,개발,전직원,2.0,"""스타와 롤의 전략을 구별 못하는 운영 위주회사.장점은 모르겠다""","
대용량 트래픽을 경험해 볼수 있다.사람 귀한줄 모른다. 인력물량이 많으면 모든게 해결되는줄 안다
","
대표의 기분에 좌지우지 되는 프로젝트 길. 기존 인력이 많이 나갔다
","
신규인력 충원보다. 나가는 인력에대해 신경써줬으면 좋겠습니다.
"
2022. 08,마케팅/시장조사,전직원,3.0,"""체계는 없지만 다니긴 편한 회사이며 딱히 배울 사수는없지만 능력만 있다면 역량을 보여줄 기회가 많은 곳""","
회사 구성원들이 인간적으로 좋으며 수평적인 문화 / 출퇴근 자유로우며 연차 사용 자유
","
체계가 없어 비효율적인 업무가 많으며 팀장급 이상에서 책임지려는 모습을 보기 힘듦
","
동종업계 대비 직원들에게 많이 베푸시려는 모습에 감사하지만 회사의 비전을 명확하게 공유해줬으면
"
2021. 03,개발,전직원,4.0,"""능력만큼 인정받을 수 있는 곳.다만 업무 능력을 쌓는 곳이 아닌, 쌓인 것으로 해결해야 함.""","
출퇴근 자유로움, 적당한 리프레쉬, 업무 문제 없을 시 큰 터치 없음.적당한 수준의 연봉인상좋은 직원들
","
아직은 불확실한 복지 , 업무 특성의 따른 휴일 업무.능동적인 형태보다는 수동적으로 이루어지는 업무 환경.불규칙한 업무 일정
","
현재 상황에서 회사를 위한 부분도 중요하지만 직원들의 더 나은 업무 환경을 위해 해줄수 있는 것이 무엇인가를 한번 더 생각해 보았으면 좋겠습니다.
"
