﻿날짜,직무,고용 현황,별점,요약,장점,단점,경영진에게 바라는 점
2023. 07,미디어/홍보,전직원,4.0,"""성장세가 뚜렷하고 안정적으로 관련업계 일을 배울 수 있는 곳. 다만 개인의 성장이나 비전을 중시한다면 오래 다니긴 힘들 것 같음""","
부서 별로 다르지만 기본적으로는 전부 재택근무함. 신입 입사나 부서별 모이는 날 정도만 출근함.
","
임원 제외 직원들이 보람차게 할 수 있는 것이 사실상 별로 없음. 시키는 노가다성 일만 죽어라 해도 벅찬데 위에서는 일을 벌려서 자꾸 판을 키움. 벌어지고 있는 일을 수습도 다 하기 전에 새로운 일감이 떨어지니 영원히 바쁘게 살 수 있음.
","
우선 최고의 복지는 연봉과 승진이라는 점 알아주시고, 실무진의 의견을 존중해주는 척만 마시고 왜 그런 의견들이 나오는지 진지하게 고민 해주시면 정말 좋겠습니다. 인력이 줄어들면 충원해도 원래 하던 플로우대로 겨우 복귀하는데 시간이 꽤 걸리는데... 누군가의 부재 이후 인력이 충당되거나 안정화 되기도 전에 한정된 인원으로 기존의 업무에 더해 다른 숙제를 계속해서 던져주시면.. 남은 사람들마저 결국은 퇴사를 진지하게 고민하게 되는 이유가 된다는 점도 알아주십시오. 이러한 점들이 차차 개선된다면 충분히 전 직원들이 오래 다닐 수 있는 기업이 될것입니다.
"
2023. 02,영업/제휴,전직원,3.0,"""재택이 장점이자 단점으로 작용하는 회사.장점과 단점이 명확""","
한달에 한번 출근으로 체력적, 시간적으로 여유가 생긴다.
","
동료들과 소통 없음, 수직적인 인사평가, 절대적인 인원 부족
","
동료들과 소통 없음, 수직적인 인사평가, 절대적인 인원 부족을 해결해주세요.
"
2022. 10,전문직,전직원,2.0,"""같이 일하는 사람들이 좋음. 급여는 다른 기업들에 비해 많이 짠편""","
한줄평에 썼듯이 협업했던 사람들이 성격좋고 괜찮은 사람들이었음.
","
한줄평에 썼듯이 다른 기업에 비해서도 그렇고 일의 강도에 비해서도 그렇고 급여가 짬… 좀 많이…
","
지금은 맡은 일 다 마치고 다른 회사 찾아보는중이라 딱히 바라는건 없음
"
2022. 02,미디어/홍보,현직원,4.0,"""같이 일하는 사람들이 너무 좋음하지만 파트별로 고충이 크게 있는 것 같은데, 윗분들은 일을 크게 벌리고 실현 불가능한 추산치로 직원들을 푸시하는 경향이 있는 듯함""","
재택근무 기조로 진행중. 코로나 사태 종식되면 어떨지는 몰라도 앞으로도 재택근무 한다는것 같음. 연차 사용시 큰 눈치 보이지 않음. 성과금은 없음
","
작업플로우를 전부 문서화 해서 보고를 위한 작업을 별도로 수행하는 경우가 많음. 실무만해도 시간 모자라고 벅찬데 종종 쓸데없는 작업을 두번 세번 더 해야해서 골아픈 경우가 많음.
","
기업이 차차 성장하고 있는데, 그에 따른 인력 충원이 제대로 이루어졌으면 좋겠습니다.
"
2021. 01,기획/경영,현직원,4.0,"""보수와 자유 그 사이에 있는 웹툰 플랫폼! 성장통을 겪고있지만 그만큼 성장가능성 높음~ 새로운 CTO가 오고나서 드디어 시스템이 제대로 생기는중ㅋㅋㅋ""","
1.자유로운 분위기, 직원들이 다 좋다2.식대 제공, 커피머신, 간식 구비ㅎㅎ3.IT 기업답게 코로나 재택근무 잘 시행중
","
1.살짝 보수적인 업무라인, 결재라인이 좀 복잡함2.설립연도 대비 사이트 운영 및 UI,  웹툰 플랫폼 매출을 좌지우지하는 대박 작품수 부족?
","
아직 체계가 잡혀있지 않아 성장통을 겪고 있는중이지만, 모두가 한발만 더 내밀어도 급성장할 회사라 믿고 있습니다ㅎㅎ
"
2020. 11,개발,전직원,3.0,"""보수적이고 보수적이며 보수적임. 수직적인 구조에서 오는 답답함이 있음.""","
연차를 눈치 안 보고 쓸 수 있음. 식대가 만원으로 꽤 높은 편. 모기업이 큰 회사라서 성장 가능성 높음. 출퇴근 시간에 대한 스트레스 별로 안 줌.
","
보수적이고 수직적임. 경력을 쌓기에 그닥 좋지 않음. 연차가 올라가면 더 중요한 일을 시켜야 하는데 그러지 않음. 중요한 일들은 모기업에서 다 하고 피너툰에선 허드렛일만 하는 경향이 있음.
","
직원 성장 가능성이 높지 않다는 게 아쉬움. 임원급과 사원들간에 커뮤니케이션 문제가 해결되면 좋겠음
"
2020. 07,개발,전직원,1.0,"""컨텐츠의 컨자도 모르는 윗선과 일해야하는 곳""","
연차 자유롭게 사용 가능. 일하는 사람들이 좋음. 점심식대 지원.
","
복지의 부재. 윗선과 의사소통이 힘들며 실무자를 배려해주지않음. 최소한 실무가 뭔지는 알아야 운영이 가능할텐데 잘 모르는 사람들이 사업하겠다고 앉아있으니 실무자들만 박터지는 상황.
","
제발 본인들이 하고 있는 사업이 무엇인지부터 인지하고 알아나가야 하지 않을지.
"
2020. 05,개발,전직원,3.0,"""어느정도 개인시간 보장멘토와 실무능력 향상을 기대한다면 비추천""","
연차 눈치 없음, 사무실 분위기 조용한 편, 팀 내 분위기는 다 다르나 수평적인 편시간적 여유 있는편, 야근식대, 야근수당 지원, 복지적인 면에서 나름 노력하려는 경향이 있음
","
발전은 개인공부를 통해 습득해야함실무로 얻을거 별로없음따로 멘토는 기대하지않는게 좋음분위기가 굉장히 루즈해서 매너리즘에 빠지기 쉬움전문성도 없음업무 프로세스가 존재하나 안 지켜짐 그냥 주먹구구식R&D 당연히 없음
","
기획자가 더 필요해보입니다개발자가 더 필요해보입니다회사가 원하는게 뭔지 모르겠습니다
"
2020. 04,개발,현직원,3.0,"""회사가 돈도 많고, 복지도 좋음. 꼰대 1~2명 있음. 실력이 좋으면 좋은 만큼 연봉도 받음. 스타트업 답지 않은 처지는 기업문화 (직원들이 열정이 없음)""","
한줄평에서 얘기했듯이 복지가 정말 좋음. 점식 식대 만원 지원. 야근은 할 일이 거의 없고 , 하게된다 하더라도 야근수당 줌(시간 당 기본 시급의 1.5배). 꼰대 눈치같은 문화 없음. 젊은 꼰대가 있긴 하나 무시하면 됨 (영향력 따위 없음). 기업문화가 현 상황에 안주하려는 문화여서 별로였는데 이번년도 1월부터 COO가 회사에 들어오고 어느정도 진취적으로 바뀜. 회사가 돈이 많기 때문에 마케팅만 잘하면 성장을 못할 수가 없음. 이번년도 부터 실력에 대한 평가가 도입 되어서 실력만 좋다면 좋은 연봉으로 다닐 수 있음.
","
본인이 실력좋은 신입이라면 실력없고 연봉도 낮은 대리급 꼰대가 열등감을 부릴 가능성이 있음.(1~2명 있음) 그냥 무시하면 됨. 회사 임원진이 일본인으로 바뀌고 체계를 잡아가면서 꼰대적인 체계가 생김.(ex 연봉 상관 없이 직급별 차별 보너스 지급, 연봉 통보 등). 본인이 개발직군이라면 스스로 할 일을 찾아야 함. 안그러면 그냥 꿀만 빨다가 실력이 썪을수도 있음. 기업 문화 자체가 안주하려는 문화가 크다보니 진취적인 성격도 환경에 동화되기 쉬움(현재 조금 씩 개선 중). 개발팀은 기술스택이 좋은 선임개발자가 없음. 본인이 환경에 녹지 않고 스스로 정말 잘 해야 함. 본인 성장 생각안하는 사람이라면 생각 없이 다니기엔 나쁘지 않음.
","
회사가 성장하려면 아무리 기업이 적자라도 실력 있는 인재에게 미래의 불분명한 약속이 아닌 현재 만족할 수 있는 대우를 해야한다고 생각 (그만한 보상을 해줄수 없을 정도로 돈이 없는 상황이라면 어쩔 수 없지만, 이 회사는 현재 적자이긴 하지만 투자 받은 돈이 많기 때문에 충분히 보상이 가능). 현재에 안주하려는 문화가 너무 크게 자리 잡고 있어서 기업이 성장하기 위해서 실력없고 묻어가려는 사람들을 물갈이 할 필요가 있음. (그게 어렵다면 멱살 잡고 끌고 가야 하는데 이게 더 어려움.)
"
2019. 08,개발,전직원,1.0,"""개발자로써의 직업적 특성을 고려하지 않고 회사의 전체적인 노동이 필요할 때 마다 불려가서 노동을 함""","
연차를 윗사람 눈치보지않고 사용할 수 있으며 도서 구입에 대해 제재가 적은 편이다.
","
연차를 윗사람 눈치보지않고 쓸 수는 있지만 대면보고를 하게 될 경우 자세한 내용을 말해야 하며, 도서 구입에 대해서도 지원해주는 금액이 너무 한정적이며 사내에서 전체적인 팀의 분위기가 아닌 스터디 그룹의 형태로 분위기가 형성되어 있음
","
직원들의 사기를 꺾지말고 사기를 향상시켜주는 말을 했으면 하고, 사원에 대한 불신은 겉 잡을 수 없이 커지므로 의심의 눈으로 바라보지 말았으면 한다.
"
2019. 07,개발,전직원,2.0,"""같이 일하는 사람은 좋지만, 경영진은 글쎄 ...... 사공이 너무 많으면 배가 산으로 간다는 것을 직접 체험할 수 있을지도 ?""","
연차를 눈치 보지 않고 쓸 수 있음. 수평적인 사무실 분위기. 같이 일하는 사람들은 정말 좋다. 중식 제공. 야근 시 석식 제공.
","
부서에 따라 다르지만 칼퇴는 거의 없다고 봐야 한다. 일본 경영진, 한국 경영진이 함께 다른 방향으로 노를 젓고 있어 회사의 방향성이 산으로 가고 있는 느낌. 실무자들이 혼란 없도록 한 방향을 딱 정해줬으면 좋겠음. 아무리 짠 업계라지만 그 와중에도 너무 짜디 짠 연봉은 통장을 볼 때마다 한숨이 나오게 만듬.
","
직원들을 그저 부품으로 취급하지 않았으면 좋겠다. 의사 결정은 위에서 해줘야하는데, 실무자들에게 떠넘겨놓고 나중에 문제 터지면 그때는 그 실무자가 덤티기를 쓰는 상황이 참 안타깝다. 좀 더 실무자들과 소통하고 해결책을 내주었으면.
"
2023. 08,,현직원,5.0,"""한번 퇴사를 한 뒤, 1년 정도 뒤에 재입사를 제안받고 다니게 된 케이스.이전에는 작가로서의 자유도가 적다고 생각하고, 그것이 퇴사의 큰 이유였는데, 현재는 작가로서의 영역을 존중받는 느낌으로 진짜 내 작품을 함께 쓴다는 생각이 듦.월급을 받으면서 작가로서의 자아실현이 가능한 회사라고 생각함.""","
동료들끼리 서로 존중하고 배려하는 게 깔려있고, 다들 이 업계를 진짜 좋아해서 웹소설이나 창작 방법 외적인 이야기로 스트레스 받을 일이 전혀 없음.경영진이 계속 더 좋은 환경을 위해 이야기를 들어주고 개선하려는 의지가 있고, 퇴사하고 재입사했을 때 그게 강하게 느껴져 진짜 이 회사의 장점이라 생각함.
","
재밌는 글을 만들고 싶은 작가로서의 욕심이나 욕구가 없으면 회사를 다니는 재미를 느끼지 못할 지도 모르겠음.역에서 5분 좀 넘게 걸어야 해서 여름에 좀 힘듦.
","
앞으로도 창작 좋아하고 같이 즐길 수 있는 작가들을 채용해줬으면 좋겠음.가끔 전 직원 다 같이 즐길 수 있는 문화시간 같은 걸 가져보고 싶기도 함.
"
2023. 05,,전직원,4.0,"""다녔을 때엔 초반이라 다소 체계가 없었어요다만 최소한의 것들은 지키고 있었어서 괜찮았어요""","
그때 다니면서 같은 직원들과 대표님과 업무 고민이나 대화를 자유롭게 할 수 있다는 것이 좋았어요. 카페테리아에서 1:1로 커피챗하고..
","
대표님과 의사소통시 반영이 되는 듯하지만 결국 안 되는 느낌... 당시 구조에 커다란 구멍이 하나 있었는데 해결해보려고 많이 노력했지만 반영이 안 되어서 직원들이 힘들어했던 기억이 나요.
","
소통시 반영할 거리와 타협 불가능한 안을 구분해놓고 건의를 받는 게 좋을 듯했어요. 그리고 .. 개인적으로는 운영하는 입장 설명을 좀 더 상세히 해주면 타협안을 찾는 데에 도움이 되지 않을까 싶어요.
"
2022. 10,,전직원,5.0,"""웹소설을 고려하는 신입이 선택해보기 좋은 기업""","
야근 식대나 기본적으로 제공된다고 명시돼 있는 복지에 대해서는 눈치 안 보고 사용 가능. 연봉 면에서도 협상이 열려 있고 추가적인 건의에 자유로운 분위기임. 생각보다 후함. 성과에 대한 압박 없이 할 수 있는 만큼만 해도 눈치주는 것 없음. 열심히만 하면 눈에 안 띄어도 귀신같이 알아서 제대로 평가해 줌. 굳이 추해질 필요 없는 회사.
","
회의라는 절차 자체에 접근하기가 어려운 분위기임. 자기 혼자 알아서 해결할 수 있다고 생각하는 거 같음. 기본적으로 팀플 베이스인데 그 팀플이 제대로 안 될 땐 아예 답이 없음. 혼자 다 이끌 수 있을 만큼 경력 있는 사람은 상관 없을지 몰라도 배울 생각 있는 사람들은 다 혼자 감당해야 함. 고민 얘기 정도는 잘 들어주긴 함. 사내 왕따나 텃세 같은 게 있는 건 아닌데 업무적인 고민은 알아서 해결해야 함. 같이 일하는 사람들한테 무슨 이야기를 하겠음.
","
집단창작하기로 했으면 최소 회의에는 적극적이어야 하는데 애초에 회의 제안하는 게 눈치 보이게 돼있음... 회의 한 번 하자고 하면 다들 한숨 푹푹 쉬는 게 눈에 보임. 오히려 제안하는 사람이 눈치보일 정도. 지금 어떤지는 몰라도 눈치 밥말아먹은 사람만 편한 구조 먼저 어떻게 해결해야 뭘 해보든 말든 할 거 아님?
"
2022. 10,,전직원,3.0,"""자유와 부자유가 공존하는 곳. 크게 나쁘지는 않았습니다.""","
연차 자유롭게 사용 가능, 매일 같은 업무 반복, 자율출퇴근, 야근할 일 별로 없음, 수평적 분위기
","
관리자의 고집이 좋은 창작을 막는다, 복지라고 할 만한 게 별로 없음, 역삼역 물가 비쌈, 공간 협소, 화장실 별로
","
좋은 창작물이 안 나오는 이유에 대해 구성원들의 이야기를 더 들었으면 좋겠습니다
"
