﻿회사명,주요 업무,자격 요건,채용 절차,복리후생,회사위치
(주)컴텔싸인,"LED전광판 전문기업으로서 전국의 교통관련 안내전광판, 공공시설물인 재난재해전광판,
홍보전광판 등 조달우수인증을 받은 기술력으로 다양한 종류의 전광판을 생산하며
도시의 빛을 만들고 있습니다. 관련학과 전공자가 아니거나, 업계경력이 없더라도
함께 성장하며 성과를 이뤄나갈 수 있는 인재를 채용합니다.","ㆍ학력 : 고졸이상
ㆍ경력 : 경력무관","서류전형 > 면접전형 > 최종합격

제출서류
ㆍ이력서
ㆍ자기소개서","ㆍ지원금/보험 : 건강검진, 각종 경조사 지원
ㆍ급여제도 : 퇴직연금, 상여금, 우수사원포상, 퇴직금, 4대 보험
ㆍ선물 : 명절선물/귀향비, 생일선물/파티
ㆍ교육/생활 : 우수사원시상식, 워크샵, 구내식당(사원식당), 점심식사 제공, 간식 제공, 음료제공(차, 커피), 해외 워크샵
ㆍ근무 환경 : 회의실, 사내 정원, 유니폼지급, 사무용품 지급
ㆍ조직문화 : 야근강요 안함, 자유복장
ㆍ리프레시 : 여름휴가, Refresh휴가, 근로자의 날 휴무, 가족여행 지원금",경기 용인시 기흥구 용구대로 2236
(주)델타이에스,,"ㆍ학력사항 : 대학교4년졸업이상
                   (졸업예정자가능)
ㆍ전공 : 공학계열,이과계열
ㆍ경력사항 : 신입/경력
ㆍ전자기장 해석 소프트웨어 사용 유 경험자","서류전형 > 면접전형 > 최종합격
- 1차 서류심사
- 2차 면접 (서류심사 합격자에 한하여 면접 개별통보 함)

[제출서류]
ㆍ자기소개서
ㆍ최종학교 졸업증명서 및 성적증명서 각 1 통","지원금/보험
건강검진, 각종 경조사 지원, 헬스비 지급, 자녀학자금

급여제도
장기근속자 포상, 우수사원포상, 4대 보험","기술연구소- 서울시 금천구 벚꽃로 254, 801호"
(주)델타이에스,,"ㆍ학력사항 : 대학교 4년 졸업 이상
                   (졸업 예정자 가능)
ㆍ경력사항 : 신입/경력","서류전형 > 면접전형 > 최종합격
- 1차 서류심사
- 2차 면접 (서류심사 합격자에 한하여 면접 개별통보 함)

[제출서류]
ㆍ자기소개서
ㆍ최종학교 졸업증명서 및 성적증명서 각 1 통","지원금/보험
건강검진, 각종 경조사 지원, 헬스비 지급, 자녀학자금

급여제도
장기근속자 포상, 우수사원포상, 4대 보험","기술연구소- 서울시 금천구 벚꽃로 254, 801호"
(주)델타이에스,,"[자격요건]
ㆍ학력사항 : 대학(2, 3년)졸업이상
ㆍ경력사항 : 신입/ 경력
ㆍ3D CAD 프로그램사용유경험자
   (NX/SolidWorks/Solid Edge /CATIA등)
ㆍCAE 해석에관심있는분","서류전형 > 면접전형 > 최종합격
- 1차 서류심사
- 2차 면접 (서류심사 합격자에 한하여 면접 개별통보 함)

[제출서류[
ㆍ당사 양식 이력서 https://www.deltaes.co.kr/
ㆍ자기소개서
ㆍ최종학교 졸업증명서 및 성적증명서 각 1 통","지원금/보험
건강검진, 각종 경조사 지원, 헬스비 지급, 자녀학자금

급여제도
장기근속자 포상, 우수사원포상, 4대 보험","기술연구소- 서울시 금천구 벚꽃로 254, 801호"
(주)델타이에스,,"ㆍ학력사항 : 대학교 4년 졸업 이상
   (졸업 예정자 가능)
ㆍ경력사항 : 경력","서류전형 > 면접전형 > 최종합격
- 1차 서류심사
- 2차 면접 (서류심사 합격자에 한하여 면접 개별통보 함)

[ 제출서류]
ㆍ자기소개서
ㆍ최종학교 졸업증명서 및 성적증명서 각 1 통","지원금/보험
건강검진, 각종 경조사 지원, 헬스비 지급, 자녀학자금

급여제도
장기근속자 포상, 우수사원포상, 4대 보험","기술연구소- 서울시 금천구 벚꽃로 254, 801호"
(주)델타이에스,,"ㆍ학력사항 : 대학(2, 3년)졸업이상
ㆍ경력사항 : 경력
ㆍ3D CAD 프로그램사용유경험자
   (NX/SolidWorks/Solid Edge /CATIA등)
ㆍCAE 해석에관심있는분","서류전형 > 면접전형 > 최종합격
- 1차 서류심사
- 2차 면접 (서류심사 합격자에 한하여 면접 개별통보 함)

[제출서류]
ㆍ당사 양식 이력서 https://www.deltaes.co.kr/
ㆍ자기소개서
ㆍ최종학교 졸업증명서 및 성적증명서 각 1 통","지원금/보험
건강검진, 각종 경조사 지원, 헬스비 지급, 자녀학자금

급여제도
장기근속자 포상, 우수사원포상, 4대 보험","기술연구소- 서울시 금천구 벚꽃로 254, 801호"
(주)에바,"● 작은 가능성에도 최선을 다하는 분을 찾습니다

EVAR는 삼성전자 사내벤처 프로그램을 통해 탄생했습니다. 우리의 모토는 ""충전 걱정 없는 전기차 Life” 입니다.
EVAR는 세계 최초로 전기자동차 자율 충전 로봇을 개발했으며, EV충전기 부문 세계 최초로 CES 혁신상 2개 부문에 선정되었고 CES2023에서도 3개 부문에 선정되는 등 당사의 기술력/비전/지속 가능성은 이미 국내외에서 입증되고 있는 상황입니다.
또한 이동식 전기차 충전기, 찾아가는 전기차 충전 서비스와 같이, 공간과 시간의 제약이 없는 환경을 만드는 것을 목표로 합니다.
전기차에 대한 수요가 지속적으로 증가함에 따라 EVAR는 보다 다양하고 편리한 EV 충전 서비스를 선보일 것입니다.
우리와 같은 꿈을 가지고 함께 전기차 충전의 패러다임을 바꿀 분을 찾습니다!



● 우리가 일하는 방식

 수평적으로 소통합니다.
자유로운 분위기 속에서 다양한 아이디어와 힘이 나온다고 믿습니다.
영어 닉네임으로 호칭 부담을 내리고! 자율 복장으로 근무 환경의 편안함을 올리고! 있습니다.

 존중하고 성장합니다.
자신이 맡은 업무를 책임감 있게 실행하며, 나아가 동료와 그의 업무를 존중합니다.
자기개발을 위한 도서 및 온라인 강의를 지원하며, 모든 구성원들이 함께 성장하는 분위기를 만들어 나가고 있습니다.

 멀리 가기 위해, 함께 갑니다. Working Together
""빨리 가려면 혼자 가고, 멀리 가려면 함께 가라.”는 인디언 속담처럼, 우리는 서로 잡아주고 끌며 함께 가고자 합니다.
EVAR의 자산은 바로 당신이라는 모토 아래, 친목도모(소규모 회식비, 동아리 활동비 등)를 적극 지원합니다.","- SolidWorks 3D 툴 사용 가능
- AutoCAD 2D 도면 작성 가능
- 판금 설계 및 전장BKT 설계에 능한 분
- 기본 문서 작성 가능",,"- 주5일 / 자율출퇴근제
- 점심/저녁 식사 제공은 물론, 간식 무제한
- 특별한 당신을 위한 생일 반차!
- 제주도 여행 시 제주도 직원 사택 사용 가능
- 자기개발을 위한 도서 구매 지원
- 체력단련을 위한 헬스비 지원
- 임직원 건강을 위한 종합검진 지원","경기 성남시 수정구 창업로 42, 919호"
(주)한국네트웍스,"당사는 한국앤컴퍼니[구 한국타이어그룹] IT서비스 및 물류엔지니어링 계열사로서, 그룹사 시스템 운영/고객사SCM, MES, 법무특허 솔루션 개발/물류자동화 사업 등을 진행하고 있습니다. 
각종 솔루션에 대한 연구/개발을 통해 물류 및 스마트팩토리 분야에 최적화된 IT솔루션과 경험을 보유하고 있으며, WMS 분야는 Marketshare 1위로서 입지를 가지고 있습니다.

※ 판교 신사옥 영상: https://www.youtube.com/watch?v=Sf1HNnfFaxw",- 로봇 설계/개발 경력 5년 이상,"[전형절차]
서류전형  - 1차면접 - 온라인 인성검사 - 2차면접(채용검진) - 최종합격

[접수방법]
• 접수 기간: 채용시 마감
※ 이력서 접수 순서대로 면접을 진행하며 우수인재 확보 시 마감
• 이력서: 자유양식 (희망연봉 필수기재)","[생활편의] 
• 조식제공, 중식제공, 통근버스, 사내 동호회 운영, 건강검진, 휴양시설 지원
	
[사내시설]
• 사내헬스장, 웰니스센터, 샤워실, 사내식당, 사내도서관, 휴게실, 카페테리아, 여성전용휴게실
	
[교육·연수]
• 신입사원 교육(OJT), 직무능력향상교육, 리더십 강화 교육, 사이버 연수원 운영, 자격증 취득 지원
	
[보상·지원]
• 자녀 학자금, 출산축하금, 주택자금대출,계열사 제품 할인, 생일자 상품권, 교육비, 도서구입비, 명절선물, 퇴직금, 각종 경조금, 장기근속자 포상, 우수사원 표창/포상, 인센티브제, 휴일수당, 직책수당, 야간교통비 
	
[휴무·휴가·행사]
• 주5일근무, 연차, 반차, 경조휴가, 포상휴가, 산전 후 휴가, 육아휴직, 출산휴가, 보건휴가, 창립일 휴무, 노동절 휴무, 워크샵",경기 성남시 분당구 판교로 286
(주)인텔리안테크놀로지스,"인텔리안은 전 세계 1위 위성 안테나 및 터미널을 제공하는 기업으로 보다 다양한 분야에서 세상과 사람을 이어주어 더욱 살기 좋은 세상을 만들겠다는 사명을 가지고 있습니다.

해상용 위성 통신 분야 1위로 인정받고 있는 인텔리안은 최첨단 RF 안테나 기술을 바탕으로 VSAT 및 위성 TV 시스템용 글로벌 커넥티비티 솔루션을 제공하는 전세계가 신뢰하는 기업입니다. 인텔리안은 다양한 기능을 갖춘 미래 지향적인 기술 솔루션과 혁신적인 연구 개발을 통해 누구나 이용할 수 있는 빠르고 안정적인 위성 통신을 제공하고자 최선을 다하고 있습니다.","• 학력 : 대졸이상(통신공학, 전파공학 등 관련전공)
• HFSS/CST Studio EM tool을 이용한 안테나 설계 경력
• 위성통신 및 이동통신 관련 RF components 설계 경력",,"•교통비 지원
•기숙사 지원
•사내 운동시설
•기념일 지원
•휴가비 지원
•휴가/명절
•콘도 지원
•동호회 지원
•포상제도
•건강검진
•학자금제도
•기타 (복지포인트, 경조사 지원, 유류대 지원 등)",경기 평택시 진위면 청호리 348-5번지
