﻿날짜,직무,고용 현황,별점,요약,장점,단점,경영진에게 바라는 점
2022. 09,개발,현직원,4.0,"""개발자의 성장과 최적의 직무 환경을 위해 노력해주는 회사.  회사의 빠른 성장의 비례하게 나의 직무 능력도 늘어가는 회사.""","
연차 사용 및 출퇴근이 자유로움. 재택근무가 필요할 경우 전날 사내 공유만 한다면 자유롭게 재택근무가 가능함. 점심과 저녁 모두 지원해 줌. 개발자가 편하게 일할 수 있는 공간을 만들어 주려고 사 측에서 노력을 많이 함.
","
빠른 속도로 진행되는 프로젝트와 그로 인한 성과 피드백의 결여. 하지만 이 부분은 회사가 성하고 인재 증원이 돼서 리소스 분배가 잘되면 해결될 문제.
","
재능 있는 인재들을 앞으로 많이 채용해서 빛을 못 보고 있는 멋진 프로젝트들이 개발되어 더욱 멋진 서비스를 만들어 나갈 수 있으면 좋겠다.
"
2022. 09,개발,현직원,5.0,"""개발자가 대우 받으면서 미래에 대한 그림을 함께 그림을 그려가는 곳입니다.""","
연차를 윗사람에게 눈치를 보지 않고 사용할 수 있으며, 복지차원에서 헬스지원을 해줘 건강하게 업무를 할 수 있습니다. 회사가 성장해 가는 과정이라 많은 개발 테크닉을 배울 수 있는 좋은 기회입니다.
","
회사가 성장해 가는 과정이라 기획과 개발이 동시에 이루어지지만 미래를 기대할 수 있는 회사라고 생각합니다.
","
회사에서 와이파이를 사용하게 해주세요. LTE데이터가 부족합니다.
"
2022. 09,개발,현직원,4.0,"""""일다운 일""을 할 수 있는 곳. ""진짜 스타트업이란 이런 곳이다""라는 것을 일깨워주고 특히 사회초년생에게 책임감과 성장 가능성을 보게 하는 곳.""","
1. 업무 관점- CEO가 비전이 높고 열정이 있어 사업을 잘 모르는 직원 입장임에도 불구하고 ""이 기업을 앞으로 성장할 것 같다""라는 느낌을 줍니다. 더불어 소통도 수평적으로, 그리고 발전적인 조언으로 내 성장에 부스팅을 해주는 느낌도 줍니다. 생각보다 많은 기업에서 직원은 기업이 어떻게 돌아가는지 알 수 없는 경우가 잇는데, 일정 기간마다 일대일 식사도 직접 하면서 앞으로의 기업 미래에 대한 이야기를 들으며 회사가 전체적으로 어떻게 돌아가는지 큰 그림을 공유할 수 잇습니다. 즉,  이 회사의 미래를 함께 만들어나가는 느낌을 받을 수 있습니다.- CTO가 프론트엔드, 백엔드, DB, 서버 인프라 등 모든 면을 아우르면서, 개발자 뽑는 안목 또한 뛰어납니다. 웬만한 기업에는 인성 바닥이나 월급 루팡이 한명씩 있기 마련인데, 여기는 이상할 정도로 그런 사람이 없습니다. 아직 작은 규모라서 일수도 있지만, 이보다 적은 인원 내에서 이상한 직원만 뽑은 회사도 경험한 저로서는 여기는 정말 잘 뽑는 편입니다. 함께 일하고 싶은 사람만을 잘 골라주는 비범한 재주가 있으시네요.- 자세히는 이야기 못하는데, 백엔드 아키텍처가 매우 견고하고 복잡하게 구성되어있습니다. 이곳에서 직무를 경험한다면 정말 많은 도움이 될 것입니다. 그냥 본적있는 것과 이것을 실제 운용해보는 것은 많은 차이가 있다고 봅니다. 여기있는 모든 시스템을 이해할 수 있다면 정말 많은 성장이 있을 것입니다.- 그 외 장점을 포함하여 종합적으로 키워드를 정리하자면, 자율성, 책임감 고취, 성장 가능성, 활발한 소통, 융통성 정도입니다.2. 복지 관점- 중요한 것을 하나 꼽자면 희망자에 한해 도서나 인프런 인강을 회사에서 구매해줍니다. 성장하는 개인 입장에서는 이게 정말 중요한게 도서비가 오질라게 비쌉니다. 근데 이걸 회사에서 해준다면 부담없이 공부할 수 있죠. 너무 행복하고 감사한 점입니다.
","
- 핀테크라서 그런지 업무 장소 및 방법의 유동성이 낮습니다. 보안때문인데, 고객의 자산을 보호해야하므로 당연한 것 같으면서 동시에 업무를 하는 사람에게는 어느 정도 방해요소가 됩니다. 자율적으로 재택을 하긴 하지만 항상 상황이 맞진 않는 것 같습니다. 고객의 자산에 피해가 있으면 안되므로 어쩔 수 없이 어느정도 업무상 편의를 희생해야하는 불편함입니다.- 그리고... 출근 언덕 너무 힘듭니다ㅠ
","
예전에도 그랬고 앞으로도 초심처럼 같이 가면 좋을 것 같습니다.
"
2022. 09,개발,현직원,5.0,"""앞으로의 성장 가능성이 정말 크다고 생각하는 회사. 구성원들의 자율성을 보장하고 존중하는 회사. 구성원 모두가 함께 일하고 싶은 사람들밖에 없음. 경영진의 건강한 경영 철학과 열정, 투명함.""","
연차를 정말 편하게 사용할 수 있음. 식대, 간식도 제공해줄 뿐 아니라 다양한 복지 혜택이 정말 좋음. 개인의 업무 자율성을 보장해줌. 인간 관계에 있어서 단 한 번도 스트레스를 받지 않았을 정도로 좋은 분들과 일할 수 있는 회사. 개발자로서 끊임없이 도전할 수 있고, 그 도전을 존중해주는 기업 문화.
","
아직 회사의 크기가 크지 않기 때문에 개인이 맡아서 처리하는 일이 많음.
","
더 많은 개발자 채용을 통해서 더 다양하고 좋은 개발자분들과 일할 수 있으면 좋겠음.
"
2022. 08,마케팅/시장조사,현직원,5.0,"""다양한 경험을 해보고 본인의 커리어에 욕심이 있으신 분들에게 적극 추천드리는 기업입니다. 대기업을 7년 정도 다니다가 이직했는데, 현재 회사생활에 더 만족할 정도로 적극 추천드리고 싶습니다.""","
대표님을 포함한 모든 직원이 동일한 호칭을 사용하는 수평적인 분위기로, 자유롭게 의견을 낼 수 있는 분위기가 구성되어 있습니다. 어떤 의견이라도 제시할 수 있으며, 합당한 이유로 모두를 설득시킬 수 있으면 본인이 기획한 것을 직접 만들어나갈 수 있습니다. 꾸준히 성장하고 있기 때문에 회사가 성장해나갈수록 본인도 같이 성장할 수 있는 좋은 기회라과 생각합니다.
","
개인적으로 단점은 거의 없다고 생각하지만, 굳이 이야기한다면 회사 구성원 수가 상대적으로 적은 편이고, 아직 성장 중인 회사라는 점인 것 같습니다.
","
지금도 충분히 만족하고 있지만, 앞으로도 지금처럼 모두가 편하게 일할 수 있는 분위기를 만들어주시고 모든 구성원들의 목소리에 귀 기울여주셨으면 좋겠습니다.
"
2022. 08,데이터,현직원,5.0,"""암호화폐 금융업을 개척하면서 새로운 경험들을 기반으로 빠르게 성장할 수 있는 스타트업.""","
업무 자율성이 높고, 빠르게 실행하는 편이며, 구성원들이 투명하게 의사소통하는 문화가 있음. 구성원들이 열정적으로 자신의 일을 하면서도 서로 둥글게 단합함.
","
업무량이 꽤 많아서 누가 강요하지 않더라도 야근을 할 때가 자주 있음. 아직 스타트업이다 보니 명확한 체계나 업무 프로세스가 미비하고, 다방면에 업무가 걸쳐있을 때가 있음.
","
꾸준히 성장할 수 있게 경영 전략을 실행해주시고, 업무 체계와 프로세스 정비를 통해 동료와 효율적으로 일할 수 있게 해주시길.
"
2022. 08,개발,현직원,5.0,"""개발자가 재밌게 일하기 좋은 회사입니당""","
자율 출퇴근 보장, 눈치 없음, 회식도 거의 안함, 개인 성향을 잘 존중해주는 회사
","
아직까지 여러 체계가 잘 잡혀있지 않다는 게 흠. 앞으로 좀 더 노력이 필요할 듯
","
다양한 방식으로 소통 창구를 늘려주세요
"
2022. 08,기획/경영,현직원,5.0,"""좋은 회사를 만들고자하는 경영진 마인드가 좋고, 일은 많아도 조직원으로서의 스트레스는 받지 않는 회사""","
지속적으로 개선되는 조직문화. 개인 성장과 관련한 적극적 지원
","
언덕 가장 위에 있음.. 성장하는 스타트업이라 개인에게 주어진 일이 많을 수 밖에 없음
","
새로운 사업개발을 계속 적극적으로 추진해 주세요
"
2022. 08,기획/경영,현직원,4.0,"""개발자가 대우 받으며 일할 수 있고, 능력치에 따라 연봉 상승률이 높음""","
유연근무제라 원하는 시간 출퇴근이 가능함 연차 외에 추가적인 휴가가 있음식대나 원하는 군것질거리도 신청하면 다 사줘서 평일에는 돈 쓸 일이 많이 없음
","
먹거리가 다양해 살이 찔 수 있음스타트업 특성 상 개개인이 처리 해야하는 업무 양이 많은 편인 듯
","
이야기를 자주 들어주려 하는 점은 좋으나 사람에 따라 의견 수용이 낮은 경우가 있음속 얘기를 할 수 있게 경영진과 내부구성원이 모두 열린 마음을 가지고 있으면 좋겠음
"
2022. 08,마케팅/시장조사,현직원,5.0,"""오직 멋진 프로덕트를 만드는데만 총력을 기울이는 멋진 회사. 개발직군과 비개발직군 모두 어떻게 하면 고객들에게 최고의 서비스를 제공할 수 있을지 고민함. 게다가 블록체인과 암호화폐라는 미지의 영역에서 새로운 것을 만들다보니 매일매일이 도전임!""","
스타트업이라고 닥치는대로 일이 주어지는것이 아니라 확실하게 RnR을 정해서 업무를 분담하여 특정 분야의 전문가로 성장할 수 있음. 유연 출근제와 야근 식대 지원으로 가장 잘 집중할 수 있는 시간대에 편하게 일할 수 있고, 연차에 리프레시 휴가까지 주어져 일로 머리가 복잡할 때는 언제든 며칠씩 휴가내고 충전할 수 있음. 무엇보다 암호화폐 업계의 대형 금융회사가 되려는 야망을 가진 팀이라 분위기가 굉장히 열정적이고 도전적임.
","
암호화폐가 규제산업이다보니 대관업무에도 리소스가 많이 들어감. 가끔 정부 규제 때문에 전사적인 방향성이 바뀔때도 있음.
","
팀장급 인력 (특히 개발자)을 더 많이 충원해 줬으면. 동료들과 친밀감을 쌓을 수 있는 재미있고 가벼운 액티비티도 사내에서 많이 해줬으면. 팀원 개개인의 업무역량 성장을 위해 교육 등 더 많은 지원을 해줬으면!
"
