﻿회사명,주요 업무,자격 요건,채용 절차,복리후생,회사위치
(주)제노스,"Vision 1 최고의 제품과 서비스
매년 매출의 약 20%를 R&D에 투자, 우수한 국내외 연구진 확보와 신제품 개발로
세계 최고의 제품을 준비하고 있습니다.

Vision 2 인류의 건강 증진
‘좋은 제품이 널리 쓰이게’하여 더 많은 수의 사람들이 제노스를 통해
건강을 유지할 수 있도록 세상에 기여합니다.

Vision 3 세계 최고의 의료기기 회사
많은 사람들의 ‘건강한 삶’을 도우며 세계 최고의 의료기기 제조사로 성장하겠습니다.",ㆍ전공 : 고분자/화학 전공,서류전형-인성검사-실무면접-최종합격,"ㆍ건강검진, 경조사 지원
ㆍ장기근속포상, 명절선물 및 상여,   월인센티브, 반기/연말성과급 지급
ㆍ新사옥, 주차장, 구내식당 및   카페테리아, 피트니스센터, 탁구장,
   풋살장, 사내도서관, 근무복 지급
ㆍ경조휴가, 배우자출산휴가,   연차 외 유급 하계휴가
ㆍ영업직 식대지원 및 차량 유류대   법인카드 지급
",경기도 수원시 영통구 창룡대로 256번길76(이의동)  덴티움 지식산업센터 12층(16229) 
