﻿날짜,직무,고용 현황,별점,요약,장점,단점,경영진에게 바라는 점
2023. 09,전문직,전직원,3.0,"""적은 임금에 높은 강도의 업무들.. 단 성장하기는 좋았습니다!""","
성장 속도가 빨랐고 다양한 업무들을 경험할 수 있었어요
","
임금이 작고 승진 후에 대해도 사실 임금 변함이 없었네요 그리고 업무 강도들이 높았습니다.
","
사업 확장도 좋지만 직원들 업무 강도를 개선하든 아니면 보상 체계를 조금 더 탄탄하게 만들어 가시면 좋을 것 같습니다!
"
2023. 09,서비스/고객지원,전직원,4.0,"""한줄평 할 수가 없음. 아직도 파악을 하지 못했습니다""","
장점이란 트렌디한 회사에서 바뀌는 트렌드에 대해 빠릿빠릿하게 느껴볼 수 있는 것
","
소통이 별로 안되는 느낌..월급체계가 너무 아쉬워요..
","
직원들 많이 뽑아주시면 감사하겠습니다.매장은 계속 오픈하는데 직원이 없어요
"
2023. 08,서비스/고객지원,전직원,1.0,"""갖추어져 있지 않은 진급체계 주먹구구식 운영""","
연차 급여날짜 잘 맞춰줌 그외에 기본적인것들 관리자가 아닌 직원에게만 좋은 회사
","
대표이사 말이 법 피라미드형 조직체계가 잘 이루어지지 않음
","
퇴사자 비율을 보고 반성하시길 사람 갈아서 운영하는 주먹구구식 운영은 롱런하지 못합니다
"
2023. 07,디자인,현직원,3.0,"""배울수 있는 점들은 많은거 같아요 하지만 오래 다닐 회사는 아닌거 같아요""","
도면을 그리거나 디자인부분에서는 배울점이 많은거 같아요 대표님이 능력있어요
","
밑에 일하는 사람들끼리 소통의 문제가 너무 커서 일이 제대로 안될때가 많음
","
서로서로 소통이 잘되고 문제가 있을때 확실한 해결책을 제시해주면 좋을거 같아요
"
2023. 07,서비스/고객지원,전직원,3.0,"""기업 성장률은 어마 무시, 하지만 내실을 본다면..?""","
굉장히 핫하며 트렌디한 기업방향성과 그걸 받쳐주는 여러 부서에서의 재능과 노력이 합쳐져서 최상의 결과를 창출해내는 기업. 시대에 맞는 니즈파악이 아주 탁월함.
","
목표지향적인 기업이라 그 목표까지 나아가는데에 드는 노력들은 평가 절하되는 부분이 많음.결과가 좋으면 됐다.. 이런 느낌 ? 반대로 말하면 결과가 별로면 담당자들은 피눈물 죽죽 흘린다. 지금까지의 노력은 헛된 것이였나, 난 무엇인가 자괴감에 빠지기 쉬움.
","
방대한 사업에 지금 당장 무엇을 멈추고 케어하기에는 이미 너무 빠른 속도로 달리고 있는 기업이라,당장에 사소한 디테일은 놓치는게 어떻게 보면 맞을 수 있지만,,  점점 더 높아지는 퇴사율을 본다면 내실을 어느정도 따져야 한다고 본다.뭐가 됐든 절이 싫으면 중이 떠나야지..
"
2023. 06,서비스/고객지원,전직원,2.0,"""ceo 및 간부들 다 능력있는것은 인정하나 정말 중요한부서에서의 실장들이 실장의 능력이 있는건지 의구심이 듦""","
자유로운 토론, 자유로운 연차/반차, 몇몇사람들만 정말 바보같이착함
","
편애가 심하고 실장이라는 직책이 공평하지못함, 히스테리가 심함 일을 잘하는 사람에게 질투함
","
f&b에서 운영팀이 중요한데 그 운영팀의 관리자가 대체 어떤일을 하는건지 모르겠음. 권력을 이용해 부하들 괴롭히기만함
"
2023. 06,인사/총무,현직원,4.0,"""한 마디로 성장 가능성이 무한한 곳. 공간 인테리어부터 F&B 메뉴 개발까지 다양한 부서의 업무를 직/간접적으로 보고 듣고 경험할 수 있다.""","
연차를 눈치 안 보고 쓸 수 있고, 확실히 젊은 사람들이 대다수 인지라 의견 개진이 비교적 자유로운 편이다. (복장부터 확실히 타 회사에 비해 자유로운 느낌)
","
복지 제도가 현저히 부족하다. (현재는 자율 복장이나 경조비 등의 기본적인 것들만 제공 되고 있음)
","
복리후생 관련 된 부분을 확실히 보완해주면 좋을 것 같습니다.
"
2023. 06,기획/경영,현직원,5.0,"""미래가 기대되는 흥미롭고 특별한 스타트업""","
장점만 있는 완벽한 회사는 아니지만 단점보다는 장점이 더 많은 회사가 아닐까 싶네요 - 전문성과 인성이 뛰어난 경영진과 리더들- 수익성과 재무적 건정성이 뛰어남 (요즘 스타트업은 다 경영악화 되는 상황이죠)- 서로 협력하고 도우려는 동료들과 기분 좋은 문화- 다양한 공간 프로젝트와 F&B 브랜드를 만들어 볼 수 있는 열린 기회- 열정만 있다면 뭐든 해 볼 수 있는 기회 제공
","
그래도 장점만 있는 회사는 아니니 단점을 꼽자면 다음과 같습니다.  - 아직 업력이 많지 않아 다소 체계화되지 않은 업무 프로세스 및 R&R    (이 부분은 대부분의 스타트업이 겪는 부분이라는 점 알아 주세요) - 직원들, 특히 주니어들이 아직은 경험이 다소 부족해 코칭이 필요함
","
어려운 시기 서로 격려하고 응원하면서 이겨낼 수 있도록 해 주셨으면 좋겠고, 혼란스러울 때도 있지만 중심 잘 잡고 회사를 좋은 리더들과 함께 이끌어 나가주셨으면 좋겠습니다.
"
2023. 05,서비스/고객지원,전직원,3.0,"""성장중인 회사라서 체계없고 정신없긴하지만 스타트업 경험하고싶으시면 입사하세요.""","
연차사용자유로움 매장할인가능 신규매장들이 많이 생겨나고 있어 원하는 매장으로 이동가능
","
단순 보고를 위해 실제 업무에 집중하기 어려움 서비스업을 제대로 경험하는 것 어려움
","
복지 전혀 없고, 장기근속에 대한 혜택이 없어, 굳이 오래다닐 필요를 못느낌. 경력쌓아 이직하기에는 요식업쪽에서 네임벨류가 있어 좋음
"
2023. 05,금융/재무,전직원,1.0,"""신규입사자에 대한 배려가 전혀 없음 인수인계도 없음 던져놓고 알아서 해오라는 식. 면접 때 인턴 기간 언급없이 입사 후 계약서로 인턴3개월 통보 전직원이 그렇게 들어왔으니 따라야한다고 함 인턴 시켜놓고 바라는건 많음 맘에안들면 인턴기간내에 연봉 낮추자고 함 인턴기간을 악용해서 관두게 함 수법임""","
터치가 없음 식대 8천원이지만 나옴 사원들은 친절함 직영매장 직원 할인 있음
","
터치가 없는게 장점이자 단점 인수인계도 없이 던져져서 알아서 해야함 스타트업이라는데 스타트업의 단점만 있고 장점 없음 복지가 하나도 없음 하다하다 업무에 필요한 계산기도 안줌 회사 비품 품의서 올라오는거 일단 거를려고 함
","
팀장급 직위에 맞게 책임감 있게 팀원들을 챙길줄 알았으면 좋겠고 정말 회사의 기본적인 소모품들은 챙겨주세요. 인턴기간 악용하고 연봉갖고 장난질하는 경우없는 짓 그만하시구요.
"
2023. 04,디자인,현직원,3.0,"""회사의 발전을 위해서 직원들과 함께 대화하는 모습은 좋으나 인원이 200명 가까이 되는 회사에서 대표가 조종하는 느낌이 강한 회사 ...""","
일하는데 매우 프리하며 자유롭다, 간섭이 따로 없고 진짜 일 안하려면 안할 수 있으나 열심히 하려는 주위 직장동료들을 둘러보고 같이 일을 해주는 직원이 되자
","
뭘 해야되는지 A부터 Z까지 본인이 찾아서 해야되는 회사. 신입이라고 봐주는거 없이 그냥 스스로가 일을 찾아서 해야되므로 개인의 역량에는 발전이 있을 수 있으나 .... 단점은 그러다보니 일은 몰리고 일의 분배가 엉망임
","
회사가 성장하는 가운데 어쩔 수 없지만 그럼에도 직원들을 하나하나 잊지 말고 챙겨주며 다같이 으샤으샤 하는 분위기로 갔으면 좋겠습니다.
"
2023. 04,서비스/고객지원,전직원,2.0,"""중소기업 특유의 인맥 경영.대표와의 친분만 있으면 실력없이도 한자리 하는 분위기.매장 조경에 중점을 두지만 조경팀이 따로 없어 사원들이 고생.""","
식대 제공, 명절 상품권 제공, 연차 사용 가능.성소수자들이 편하게 일할 수 있음.
","
연봉이 높아보이지만 시급으로 따지면 최저수준.노동 강도가 너무 강함.공간 디자인은 화려하지만 내구성 제로.
","
체계적인 인사 시스템 구축이 필요해보임.회사의 발전을 위한다면 인맥 승진은 그만.조경 관리팀 필요.
"
2023. 03,전문직,전직원,5.0,"""어려운 시기에 빠르게 성장하며 좋은 공간과 브랜드를 계속 만들어 내는 도전적인 기업""","
연차 자유롭게 사용 가능, 다들 최대한 야근은 하지 말자는 분위기, 배우고 싶은게 있으면 인터넷 강의 교육지원, 중식대 별도 제공, 수평적인 분위기
","
포괄연봉제 (야근해도 수당이나 대체 휴무 없음) : 그래서 야근 하지말자는 분위기인듯. 대표 중심적인 업무 보고 체계로 인해 비효율적
","
회사의 직원들이 점점 더 많아지는 단계에서 직원들 복지에 대한 부분도 같이 체계를 갖추어 나간다면 직원들의 만족도 와 충성도 업무 효율 또한 올라갈것.
"
2023. 02,디자인,현직원,1.0,"""많은 경험을 할 수 있지만 그만큼 직원을 갈아넣는 회사. 근데 직원 소중함을 모르는듯""","
장점이라면 많은 일을 할수 있다. 정말 많은 일을.. 같이 일하는 동료들이 좋다. 동료들이 아니면 버티기 힘든 회사.
","
토끼가 호랑이인줄 안다는 말, 직원을 갈아넣은 회사라는말,대표가 뒷말이 많다는 말, 웬수의 친구가와도 말리고 싶다는 말을 왜 그땐 알지 못했을까
","
변하지 않을걸 알기 때문에 말하지 않는것이다
"
2023. 02,서비스/고객지원,전직원,2.0,"""점점 커지는 회사이지만 대표 말한마디에 모든것이 바뀜체계가 없는 회사""","
익선동이라는 곳에서 매장을 넓혀 몇몇 매장들이 사람들 인식에 박히고있다.언론이나 매체에도 자주 노출시킴대표가 욕심이 많음
","
체계가 없어 노동의 강도가 높고 급여도 높지 않고대표한테 잘보이면 초고속 승진, 본사로도 갈수 있다.복리후생이 없다고 보면 된다.
","
체계를 확고히 하고 대표가 너무 간섭하지 않았으면 좋겠다.복리후생도 좀 만들어주시길
"
2023. 02,디자인,현직원,2.0,"""상당한 멘탈관리와 변화무쌍한 상황변화에 적응해야하는 회사""","
나름 수평적인 구조로 직원들이 화기애애하며 일을한다윗사람만 없으면
","
윗사람이 제일 문제다 가스라이팅을 하고 의견을 주고 받는데 의건 나눌 시간있냐며 나무란다
","
클라이언트, 투자자한테 해주는거에 반만큼이라도 우리 챙겨달라.사옥 새로 짓는데 직원들은 개미처럼 다닥다닥 붙어있고 못 앉는 직원들도 있고 공유공간은 엄청 넓고 대표실도 엄청 넓고 이게 회사냐
"
2022. 12,생산/제조,전직원,2.0,"""매장에서 동료들과 자유롭게 의사소통하며 일할 수 있는 곳""","
신입의 경우 다른 매장보단 덜힘들게?? 일할 수 있는 곳 연차사용은 다른 직장동료들과 상의하에 자유롭게 사용 가능하며 2~3개월 주기로 회식비 제공
","
근무시간이 너무 길다 , 일반사원 제외하고 매니저분들이 너무 힘들게 일하는 구조... 매니저 대우를 좀 더 잘해줬으면 함 그리고 할인 행사가 너무 너무많아서 직원들이 헷갈릴 때가 많고 매장직원들과 상의하지도 않고 일방적 통보식임
","
직원들 대우 좀 잘해주세요.... 이러니 다들 퇴사하는듯 매출신경쓰는건 당연한거라 생각하기는 하는데 그만큼 직원들 케어를 잘해야 모든일이 잘되는거라 생각함
"
2022. 10,전문직,현직원,1.0,"""대표의 일을 추진하는 방향과 성향은 뛰어나고 독특하나 직원들 복지가 너무 엉망이다""","
같이 일하는 동료들이 매우 좋은사람 들이고 같이 이겨 내는 스타일의 업무 방식을 채택 하여 힘들어도 이겨 낼수 있다
","
연장 근무를 못하게 하는것이 너무 짜증나고 화가 난다월급을 더 받기 위해 더 일을 할려고 해도 못하게 한다복지가 좋은거 처럼 얘기 하지만 실상은 아무것도 없다연차를 마음대로 못쓴다
","
직원들의 불만을 듣지만 말고 해결하는 척이라고 했으면 좋겠다눈 과 귀를 다 막고 경영하는거 같다
"
2022. 08,서비스/고객지원,현직원,5.0,"""회사의 성장이 빠른 만큼 인재 양성이 필요한 회사, 그래서 열정만 있다면 본인의 성장 기회가 열려있는 곳""","
연차를 눈치 안보고 사용 할 수 있음, 복장이 자유로움, 새로운 프로젝트들이 지속적으로 생겨 직접,간접적인 다양한 경험 들을 할 수 있음, 회사 성장이 빠른 만큼 진급의 기회도 빨리 오고 급여나 복지 등의 변화가 빠른 편.
","
회사 자체의 시스템을 잡아가는 단계라 불안정하고 어수선한 느낌이 있음. 업무의 변수가 많아 업무 동선이 효율적이지 못한 느낌이 있음,
","
합리적인 복지 및 보상 체계 마련, 의사 결정과 보고를 위한 소통 채널이 좀 더 활성화 되었으면 좋겠고 회사가 준비하고 나아가는 방향을 모든 직원들이 좀 더 쉽게 보고 들을 수 있는 매체가 있으면 좋겠습니다.
"
2022. 07,서비스/고객지원,전직원,5.0,"""본인의 능력에 자신이 있다면 얼마든지 뽐낼 수 있는 회사.각각의 매장들 감성이 서로 다른 느낌으로 각 매장 자체의 자부심을 느낄 수 있음.""","
다양한 업무 능력을 기를 수 있다. 본인의 특기를 살리는 방향도 가능.본인이 눈에 띄는 성장력을 가지고 있다면 승진 에스컬레이터.열정과 노력을 무시하지 않음. 일반적인 회사와는 다른 자유로운 분위기.수평적인 관계에서 오는 안정감과 꼰대 문화가 없다.업무 적인 부분 제외하고 사생활 터치 일절 없음.연/월차 눈치 안보고 쓸 수 있음.
","
처음 해보는 업무에 대한 부담감이 있을 수 있음.관리할게 생각보다 매우 많다.본인 의지와 상관없는 원치 않는 이벤트가 생길 수 도.정신적으로, 육체적으로 단단해야 함.
","
지속적으로 성장하고 있는 기업인 만큼, 얼마 만큼의 성장통은 당연하겠지만, 슬기롭게, 보다 더 현명하게 대처해서 모든 사원들이 행복한 회사 생활을 유지하며 모두와 같이 성장하는 회사가 되기를 바라는 바이다.
"
2022. 07,서비스/고객지원,전직원,4.0,"""일은 빡세지만 성장 가능성이 큰 회사""","
연차를 눈치 안 보고 쓸 수 있음.복장이 매우 자유로워 탈색, 피어싱, 타투 모두 허용됨.수평적 조직관계로 자유로운 발언 가능.다양한 업무 분야 경험 가능. (조직이동 수월)중소기업이다보니 승진이 매우 빠름.부동산 개발회사라 예쁜 공간에서 근무 가능함.승진하면 해외 워크샵 감.
","
진급이 너무 빨라 과장이 너무 많음.회사가 커지는 중이라 일이 많음.본업이 부동산 개발업이라 전국구로 발령날 수 있음.
","
직원들의 불만들을 듣지만 말고 직접적인 해결책을 빠르게 해결해 주면 좋겠음. 제발 능력있는 인재들을 선발해서 경영진에 넣으면 좋겠음.
"
2022. 07,서비스/고객지원,전직원,5.0,"""사람들과의 관계에서 최대장점. 스트레스 받지 않고 일할수 있는 환경 . 강압적인 분위기 보다는 자유로운 분위기""","
직원들간의 서로 끈끈한 정으로 재밌게 웃으면서 일할수 있다. 능력만 되면 빨리 진급할수 있는 기회 많음
","
손님이 많은 매장의 경우 힘든 매장도 있음,  스타트업이여서 그런지 이제 시스템을 만들어가는 단계로 보임, 직원들의 승진이 너무 빨리 진행됨.
","
인력에 대한 구체적인 계획 및 회사 복지 추가 필요
"
2022. 07,서비스/고객지원,현직원,5.0,"""빠르게 발전하고 성장하는 기회가 많은 기업""","
수평적인 관계, 빠른 성장가능성, 다양한 분야를 경험할 수 있는 장점이 있다.
","
빠른 성장으로 인한건지 스타트업의 특성인지 아직까지 기업의 체계나 복지가 확실하게 잡혀있지 않다.
","
급여체계를 확실히 할 필요가 있어보입니다.
"
2022. 07,서비스/고객지원,현직원,5.0,"""안정적인 고용형태/동종업계 대비 연봉좋음/ 복지수준 높음""","
연/월차 사용의 대한 분위기 자유로움/ 다양한 브랜드/ 상식적인 사원간의 업무분위기
","
현 인원부족으로 인한 다소 타이트한 업무스케줄/외부업무가 다소 많은점
","
다양하고 특색있는 프로젝트와 그에 따른 다양한 브랜드들이 있지만 비슷한 업종이 다소많은것에 대하여 조금 아쉽습니다. 좀더 기존 레퍼런스와 다른 형태가 있다면 좋을것같습니다
"
2022. 06,서비스/고객지원,현직원,4.0,"""대규모 투자를 받는것 같은 얘기를 들은것 같아, 직원복지가 많이 좋아질 것 같은 기업.""","
우선 제일 좋은 장점은 일반 타 매장보다 인테리어 쪽 으로 너무나도 이쁜 곳에서 일할수 있다는 장점이 제일크며, 외식업 쪽에서 일하다보면 그 매장에서 파는 음식 위주로 점심식사를 하곤 했었는데, 식대가 별도로 나와서 내가 먹고싶은것을 먹을수 있는걸 먹을수 있어서 좋다.
","
아무래도 인테리어 적으로 화려하고 이쁘다 보니 조경관리도 같이 해야 한다는 단점도 있지만, 어떻게 보면 이러한 조경같은걸 만져보는것도 내 커리어 적으로나, 이력서 같은데 한줄 남길수 있는 메리트가 있어서 단점이자 장점인것 같습니다.
","
중간관리자급 직원들에게 확실한 어드바이스, 미션을 정확하게 주시고그에따른 확실한 피드백을 주었으면 좋겠습니다.
"
2022. 06,서비스/고객지원,전직원,4.0,"""기회가 굉장히 많은 곳. 자신의 의견을 피력할 수 있는 곳. 자유로운회사분위기.""","
연차 아무때나 쓸 수 있음. 눈치 안봐도 됨. 자유스러운 분위기 무지개염색을 하든, 문신을 하든 깔끔하면 됨. 이야기 잘 들어줌. 승진 기회가 많음. 누구에게나 평등한 기회. 임원분들이 엄청 뛰어다님.
","
장점이자 단점인데 홀 서빙하러 왔는데 문서작업이 좀 있어서 놀랐음. 그래도 배울 수 있어서 괜찮았음.
","
지금처럼만 리더로서 솔선수범하시면 믿고 따라가는 직원들이 많지 않을까 싶다
"
2022. 06,서비스/고객지원,현직원,4.0,"""중소기업 특유 진급률이 매우 높은편 단 워라벨은 매우 높음""","
연차 소진 자유로움, 단 매장 스케쥴에 따라 다름, 점심 식대가 나옴
","
워라벨이 너무 적음, 그에비해 좀 부족한 연봉, 아직까지 직원복지가 좀 부족함
","
직원복지에 조금만 신경써주고, 워라벨이나 연봉 개선이 된다면 좋은 기업이 될거라고 생각함.
"
2022. 06,서비스/고객지원,현직원,2.0,"""온갖 트렌디한척은 하지만 사실상 꼰대기업""","
온천집,청수당 하면 아~ 거기~ 하면서 알아주긴 함적당히 연봉높고(엄청 높은건 아님) 명성 필요하면 괜찮은 기업임원진들이 회사에 대한 프라이드가 강한듯
","
쓸데없는 보고가 많음 쉬는 날 구분이 없음,쉬는날에도 보고해야함생긴지 얼마 안되어서 그런가 체계가 아직까지도 안잡힌거같음 그래서 부서간 소통이 원할하지 않음굉장히 트렌디한척 하지만 사실상 꼰대기업
","
직원들이 왜 불만을 갖는지 파악했으면 좋겠음본인들은 일을 굉장히 잘한다고 생각하는데 착각하지 마시길
"
2022. 06,서비스/고객지원,현직원,5.0,"""젊은 세대의 기업으로 많은 발전가능성과 밝은 미래전망이보임""","
연차사용 편안하고 주어진 업무 잘수행하면 진급과 그만큼 복지가 따라옴
","
주말근무가 생길수있고 직급이올라갈수록 업무량이 많아진다
","
명절 보너스나 직원들에 대한 복지가 더 많이 활성화 되면좋겠다
"
2022. 06,생산/제조,전직원,3.0,"""벤처기업과 요식업의 장단점을 섞어놓은 묘한곳. 취향이 좀 갈릴듯 합니다.""","
신생기업이라 이런저런 기회가 많습니다. 부서이동이나 도전에 대해서 비교적 열려있습니다.
","
중간에 필요없는 관리직들이 너무 많음.뭐 하나 하려고 하면 어디서 계속 나와서사람 피곤하게 함.업무에만 온전히 집중할 수 있는 환경은 아닙니다.
","
전문성 없는 대표가 메뉴에 참견을 너무 많이합니다.그럴거면 매뉴개발팀은 왜 있는지도 모르겠고...기업 운영에만 신경쓰면 더 좋지않을까요?
"
2022. 06,서비스/고객지원,전직원,4.0,"""다양한 경험을 하고 싶은 분들이 이 회사와 함께 하신다면 좋을 것 같다는 생각이 드네요.""","
제가 느낀 바로는 분위기도 좋고 갈굼 또는 태움은 전혀 느끼지 못했음 분위기는 너무 좋다는 말.
","
담당업무 또는 근무조건에 있어 명확하게 어떠할 것 이다 라는 답변을 해주지 않아 나중에 아차 싶을 때가 있음 그리고 식대지원 너무 감사한데.. 작고 소중해요..
","
총 근무시간 조절과 인테리어도 중요하겠지만 그 전에 근무자들이 주로 일하는 구역 내에서는 편한 구조로 설계해주셨으면 좋겠음
"
2022. 05,서비스/고객지원,전직원,3.0,"""매장 각각 내부적인 분위기는 베스트, 업무 강도 높음, 인력 지원 없이 야근""","
주4.5일 근무가 최대 장점, 이쁜 인테리어로 치장되어 있어 자부심이 생길 수 있음
","
관리자급 급여가 업계 평균에 비해 매우 낮음, 직원들의 잦은 퇴사가 있어도 추가 인력 구인이 없어 업무 강도가 쌤
","
경영진들이 현장에 더 관심을 갖고 움직여 줬으면 좋겠다.
"
2022. 05,전문직,현직원,5.0,"""다양한 기회가 많은곳, 여러분야의 조리경험을 쌓기 좋다.""","
진급의 조건이 까다롭지 않음, 자유도가 높으며, 수평적인 관계로써 숨막히는 상황은 없음.
","
업무시간 외 잔업이 있는 편, 전문적인 고위간부들이 생긴지 얼마되지 않아 방향이 뚜렷해보이지 않음.
","
직원들의 불만을 들어주시는건 좋으나, 들어주는만큼 그 직책이나 인원의 위치에서 고려해봐주셨음 한다.
"
2022. 05,서비스/고객지원,전직원,4.0,"""직원분들이 다 재미있어서 좋았다. 돌아보면 재미는 있는데 힘들었던 것 같다. 육체적 노동이 괜찮다면 추천 합니다.""","
팀원간의 관계가 좋아서 일하기 즐거웠습니다. 다른 매장에서 할인이 된다는 점? 일하는 매장이 핫플이다보니 일할 맛이 나고 뿌뜻함을 느낄 수 있었습니다. 승진은 빠른 것 같아요.  1년 정도 일하면 승진 시켜주는 것 같습니다.
","
인테리어가 이쁜 만큼 관리를 자주 해줘야 합니다. 손이 자주 가요...어... 솔직히 저는 아르바이트생이여서 자세한건 모르지만 복지가 그렇게 좋아보이진 않았습니다. 연봉은 근무자분들이 일하는거에 비해 적다고 합니다.
","
직원들의 복지가 좀 더 좋아지면 좋겠고 당연히 경여진 입장에서 매출이 중요하겠지만 직원들도 살펴주시면 감사하겠습니다.
"
2022. 04,생산/제조,전직원,1.0,"""장점도 확실히 있지만 단점이 너무 큰 기업""","
매장이 점점 늘어나고 인테리어도 화려해서 파견의 형태로든 다양한 매장에서 일 할 기회가 있어 차후 포트폴리오를 만들기도 좋고 이직 시 흥미롭게 보는 기업이 많음.
","
평균 연봉이 적다고 할 수는 없지만. 다른 부서는 모르겠지만 매장에서 일하는 직원 경우 근무시간이 길고, 일의 강도도 쌔서 일상 생활이 없어짐. 위에 말한대로 매장은 늘고 있는데 바이저는 턱 없이 부족하고, 본사와 가까운 매장일 수록 본사 관계자들이 많이 찾아오고 간섭이 심함.
","
직원들 복지나 근무환경에 더 신경 써주셨으면 좋겠습니다. 중간관리자들 중 힘들어도 열심히 일하는 직원분이 힘든이유를 말하니깐 앞에서는 소모품 취급하고 뒤에서도 그 직원 욕하는 분 보고 퇴사를 결심했습니다.
"
2022. 02,전문직,전직원,2.0,"""잦은 근무지 이동과 업무량, 식대카드 이용에 눈치를 줌""","
쉬는시간이 정해져 눈치없이 휴식가능한점이 장점인것 같다
","
스케줄이 짜여진 형태로 원하는 날 휴무 어려움 근무시간에 비해 급여가 적는 편
","
이상한 새로운 상품 구성은 그만하고 지금 있는 것 잘 구성했으면
"
2022. 02,전문직,현직원,1.0,"""직원들의 의견이 묵살되는 곳. 경영진들에게 직원들은 가게 돌리는 수단일 뿐 상황이 어떠한지 알려고 하지 않음 자기들의 명성만 중요하게 여기고 직원들의 고통은 철저히 무시""","
유니폼 지급, 자유로운 업장 분위기, 인테리어가 좋은 업장
","
연차를 사용하고 싶지만 인원이 없어 사용하기 어려운 곳. 레시피가 대량으로 하는 실무에 적용하기 어려움. 너무나도 수직적인 운영 구조로 사원들의 의견이 묵살되기 다반사. 의견 내기 조차 어렵고 말해도 위에서 안된다고 해서 어쩔 수 없다는 무책임한 발언이 일상적임에 일할 의욕도 안남. 사원들이 그만둔다는 것에 인건비를 줄일 수 있음에 더 좋아하는 회사. 남은 직원들만 더욱 더 힘들어짐. 쉬는 시간이 보장 안되는 날이 많음. 보장이 안되는 것은 일이 많다는 것인데 못 쉬는것을 사원의 능력 탓으로 돌림. 추가 수당을 준다고는 하지만 보장받기 어려움. 너무 일하는 사원들을 노동 착취하는 수준까지 돌리지만 이를 외면하고 방치함 노동 착취를 당연시 함. 허우대만 멀쩡하고 속은 썩어문들어진 회사.
","
직원들의 불만을 들으려고 하지도 않으니 퇴사자가 많은 것이다 귀를 열고 무엇이 잘못됐는지 속부터 들여다 보는 것이 좋을 것이다.
"
2022. 02,생산/제조,현직원,1.0,"""사업을 크게 해보지않은 대표가 갑자기 규모만 커져서 토끼가 호랑이인줄 아는 기업""","
업계보다 아주 약간 높은 연봉계열사 직원할인 가능유니폼 지급
","
당장 단기간에 떨어진 매출에 급급하여 인원 감축을 논함. 인건비 절감을 위해 최소 인원 근무를 권하고 그것을 위해 연차 사용도 종용. 본사 아닌 현장에서 일하는 사람들을 단지 인건비로 밖에 보지 않음. 인테리어를 위해 많은 것을 버리고 그 뒤처리나 관리 역시 직원들 책임으로 여김. 직원들의 희망 사항을 들어주기는 하나 듣기만 하고 이런저런 이유로 실행되지는 않음. 짧은 기업 연혁에 비해 수직적 구조를 쫓음. 탁상공론이 현실이 되도록 직원들을 갈아 넣음. 현장 감각 없는 사람들이 진급하여 자신들의 무용담을 전설처럼 여기며 다른 사람들이 그러지 못하는 것이 열정이 없다고 여김. 기업 분위기가 알랑방귀를 좋아하여 직설적으로 말을 전달하는 사람을 적응 못한다 생각함. 본사는 책임을 회피하고 결국은 시킨 대로 한 직원만 책임을 져야 함. 퇴사율이 굉장히 높은 것만 보아도 얼마나 기업의 내실이 없고 겉치장에 몰입하는지 보임. 다 같이 열심히 하자는 분위기는 이미 사라진지 오래되었고 당장 작은 것이라도 잘못된 것의 책임자를 찾아 문책하려고 안달이 나있음. 기업 규모에 비해 융통성이 전혀 없는 운영방식. 융통성이랍시고 주먹구구식으로 겨우 넘기는 경우가 다반사.직원을 대하는 태도가 무례하기 짝이 없음. 어느 곳에서도 기본적인 직원 복지가 대단히 좋은 줄 착각하고 있음. 본사직원이 부족하여 다른 기업에선 본사 담당인 업무가 현장직에서 이루어짐. 책임져야 하는 업무량에 비해선 월급이 월등히 짠 편. 다른 기업에서 직원들에게 과중업무를 지시하지 않는 것이 노조의 적당한 합의점이기 때문이라는 것을 전혀 인지하지 못하고 간부들 생각에 업무량이 적어 보이면 계속해서 업무를 늘림. 바쁠 땐 말로만 공감해 주며 느슨할 땐 채찍질하는 기업. 오래 버티지 못할 운영방식. 모든 일이 다 벌어지고 나서야 해결책을 찾으려 하는 기업. 같은 이유로 직원들이 퇴사를 해야만 조금 노동자의 목소리를 들으려고 시도만 하는 기업. 직원들을 존중하지 않는다고 단언할 수 있는 운영방식.
","
대표님은 백종원보다 나으시니까 늘 했던대로 소신을 가지고 운영하시길 바랍니다.
"
2022. 02,서비스/고객지원,전직원,3.0,"""F&B 회사 치고는 성장하고 있는 회사라고 생각합니다.""","
자유로운 분위기속에 사람들이 열정이 가득하고, 열심히 할수있는 환경이 좋았습니다. 성장 가능성이 좋았습니다
","
식대 7000원으로 먹을수 있는것은 많지 않습니다.직원들이 부품처럼 활용되어버리는것이 안타갑습니다.
","
중견기업이라고는 하지만, 아직은 소기업으로 체계가 잡히지않아보입니다.
"
2021. 12,서비스/고객지원,현직원,2.0,"""대표 마음대로 굴러가는 회사. 낙하산 회사""","
초고속 승진, 회사와 매장과의 거리 가까움.연차 사용..
","
매니저는 밖에서도 일, 집에서도 일.밤늦게까지 카톡으로 쉬는게 쉬는게 아니다.업무량 과다로 쉴수가 없다 특히 월초, 월말에 특히.매장직은 탄력근무제라 쉬는 날에 회의가 잡히면 출근해야함 요즘 같은 날 원격회의하면 안되나.등등 너무나도 많다
","
직원들의 불만이 생기면 초기 대응을 잘 못하는 듯.매장이 힘들어 인력보충 제안을 하면 조금만 참아달라, 인건비율이 높아 직원을 구해줄 수 없다 홀 티오가 부족하면 주방 직원이 나와 홀 서빙을 해라. 대표 마음대로 할꺼면 우리 의견을 듣지마라
"
2021. 11,서비스/고객지원,전직원,3.0,"""경력이 부족해도 다양한 프로젝트와 넓은 폭의 업무를 경험해볼 수 있음""","
연차를 비교적 자유롭게 신청 및 사용 가능점심 식비 7000원 지원캡슐커피정수기
","
모든 곳이 그렇겠지만 일을 하지 않는 자는 하지 않는다
","
직원들이 더 열심히 일할 수 있도록 비품이나 기기에 지원 및 투자
"
2021. 11,생산/제조,현직원,3.0,"""스타트업 회사라 자유롭게 일할 수 있는 회사이며 빠르게 승진할수있는 기회를 주는 회사""","
직원들과 직접 소통하며 조금씩 단점들을 보완해나가고 수용하는 분위기
","
근무시간이 다른 곳에 비해 너무 김 그리고 직원들끼리 알아서 잘일해보라는 느낌?
","
직원 복지가 좀 더 많아지고 좋아졌으면... 로테이션근무가 확실하게 돌아가면 좋겠다
"
2021. 11,디자인,전직원,1.0,"""모든 개인이 회사를 위해 열심히 노력하는 데에 불구하고, 대표 본인만 해냈다고 생각하여 안타깝다""","
기본적인 식비 지원만.. 일을 잘하는 직원들에게 많이 배울 수 있다.
","
많아서 최소 30자가 모자라다. 중소기업과 스타트업의 사이를 유리할 때마다 바꿔치기해서 아무도 회사의 정체를 알 수 없다. 꼰대의 단점+스타트업의 단점+중소기업의 단점을 모두 합치면 이 회사가 되지 않을까? 대표와 임직원이 단점이다.
","
대표는 직원들의 불만을 들어주는 척 하면서 이간질하기 바쁘다. 직원들은 그런 대표를 안 믿는데 스스로가 직원들의 말을 잘 들어주고 선한 대표라고 생각해서 안타깝다. 그러기엔 직원들이 서로 대표님이 한 말 다 알고 있어요 사실.. 근무시간에 주무시지 않으면 좋을 것 같아요.. 다른사람들 다 일 할 시간에 같이 일하고 같이 퇴근하면 퇴근 후 연락은 필요 없을텐데 이 점도 아쉽다. 직원들이 더 좋은 결과물을 위해 야근 등 근무에 성실함에 비해, 대표팀은 본인 기분따라서 이상한 패널티를 자꾸 만들어서 이젠 하고싶지도 않게 만든다..  말과 행동을 그래도 조심해야하지 않을까 싶어요.. 아직도 기억나네요 디자이너가 한 디자인 맘에 안든다고 하시면서 예의에 어긋난 면박주시던 그 모습ㅎ 본인 기분 안좋으면 소리를 지른다거나.. 대표님의 그런 모습을 볼 때마다 여기가 회사인지 모임인지 잘 모르겠습니다. 엠비티아이 보단 인성을 되돌아봐야할 때 아닐까요?
"
2021. 11,서비스/고객지원,현직원,5.0,"""성장속도가 빠르며 미래가 기대되는 기업. 향후 몇 년 안에 대기업으로 전환 가능성이 높은기업""","
기업의 성장 속도가 빠르기 때문에 직원의 승진의 기회도 많다. 가족 같은 분위기로 사무실 분위기가 좋음.
","
기업의 빠른 속도로 성장을 하다 보니 직원들의 업무량이 지속적 이진 않지만 가끔 몰릴때가 있음
","
직원들의 복지가 조금은 늘었으면 합니다. 대기업처럼 복지 포인트나 선택할수 있는 복지 혜택이 많으면 좋을것 같습니다.
"
2021. 07,디자인,전직원,3.0,"""다양한 일을 경험할 수 있고 현장 경험도 할 수 있습니다""","
음 연차 눈치 안보고 사용가능합니다 식대도 지원이 되고요
","
의사결정과정이 조금 애매합니다 적응하는 게 쉽진 않은 것 같아요
","
나쁘지않았던 것 같습니다 여러 ㅇ경험을 할 수 있다는 것 만으로
"
2021. 07,서비스/고객지원,전직원,2.0,"""복지 제로. 창고와 겸용해서 쓰는 직원 휴게 공간. 살인적인 업무 강도. 중간 관리자에게 모든 업무가 쏠려 있는 기이한 직급 구조. 직원을 소모품처럼 대하는 임원. 낙하산은 낙하산을 타고 하늘로 올라가지만 대표의 눈에 띄지 못하면 결국 그들의 눈에 보이지 않는 디테일한 매장 관리는 전부 중간 관리자의 몫이며 책임이 따른다.""","
회사가 제법 커진 덕에 이름 들으면 알만한 유우명한 매장에서 근무할 수 있음. 디자인/건설 팀의 감각은 꽤나 걸출해서 신규 매장은 회사가 탐탁치 않은 입장에서 보아도 잘 만들었고, 잘 될만 할 이유가 있음.
","
회사의 초기 구조부터 직원들의 유혈을 빨아먹으며 성장한지라 말도 안 되는 근무형태가 현실에서 벌어짐. 시간 외 근무는 기본이며 카톡, 전화 등 직장인이 시달릴 수 있는 업무적 스트레스는 전부 겪게 될 것. 현장에서 근무하는 인원은 대체 인력이 쉽게 구해지기 때문에 똘똘하고 일 잘하는 사원들은 이미 질려서 나가버림. 그들을 키워서 회사 편으로 만들기까지의 인풋은 그들이 감당할 수 없기 때문에, 오갈데 없어 회사에 충성하는 '척' 할 수 밖에 직원들이 임원들의 눈에 띄는 낙하산이 됨. 그렇기 때문에, 회사를 아무리 아름답게 나갔더라도 나가는 순간 퇴사자는 회사의 적이 됨.
","
돈을 부르는 건 더 큰 돈이라고 했던가요. 학벌도 능력도 없는 인간들 직급으로 유지시키는 일도 곧 끝날테고, 벌어놓은 돈으로 더 짱짱한 인력들 사무직으로 올려놓고 하청회사처럼 매장 직원만 죽어라 굴리는 게 결국 이 회사의 미래겠지요. 무엇이 이 회사를 이렇게 만들었는지 참 안타까울 뿐
"
2021. 07,기획/경영,전직원,2.0,"""딱 중소기업 그자체. 윗사람들이 업무능력은 있어 발전은 있을지언정 업무체계가 바뀌지 않는 이상 딱 중소 그 정도에서만 머무를것임.""","
코로나 터지니까 강제로 연차를 쓰게 해서 연차를 빠르게 돈으로 만나볼 수 있음. 학벌이 딸리는 사람들도 회사에 헌신하고 노력만 한다면 사무직으로 일하게 될 수 있음. 사람을 다루는 방법을 아주 잘 아는 회사! 가스라이팅의 달인들이 모여있는걸까? 물론 그 대장은 본부장임.
","
체계가 기이함. 저 사무직이라는 당근을 매달고 매장의 매니저들에게 모든걸 떠맡기기때문에 대리~선임까지가 영혼까지 갈려나가는 시스템. 당연하게 매장에 맡기는게 많은데 그럼 운영팀이랑 회계팀은 대체 무엇을 하나요? 이게 과연 상식적인지 되묻고싶을 정도. 자기들이 하기 귀찮은 일을 떠넘기는데 이미 당근에 노예화된 매니저들이 그걸 또 하고있음. 보고있으면 아주 기이함.
","
매장복지 아주 형편없으며 인사받고싶으면 본인들이 먼저 하고 다니시길. 코를 들고다닌다고 누가 대접을 해주나요? 턱없이 부족한 복지에 자기들을 엄청 좋은 회사인양 포장하지만 당신들은 중소일 뿐입니다. 체계와 형태를 바꾸지 않는 이상 영원히요.
"
2021. 06,서비스/고객지원,전직원,2.0,"""똑똑하고 센스있는 사람이 간다면 금방 자리잡을수 있는 회사""","
유도리있는 근무환경 썩 나쁘진 않은것 처럼 들리는 급여 임기응변을 키워주는 회사
","
회사 가치관 자체가 뚜렷하지않아 임원들간 의견 합일이 어렵고 바른말 하면 쳐내고 듣기좋은 말만 해주는 사람만 데리고 가는 조선말기 같은 사내분위기 바닷가 모래성 같은 회사
","
어디 유명인의 책에서 나온듯한 말들로 일순간 직원들 현혹되는것에 만족하지 말고 진심으로 사원들의 마음을 움직이는 회사가 되었으면
"
2021. 05,디자인,전직원,3.0,"""대표가 일의 모든 전부를 하려고 하나 능력이 못 따라 줌 그러나 그걸 모든 직원 문제로 생각함""","
장점이라고는 성장 중인 회사에 경력을 쌓을수 있다는 정도있으나 분야마다 커리어를 쌓는 것은 너무 제한됨 공간디자인 쪽은 좋은 커리어가 될 수 있으나 다른 분야는 아무 경력도 없이 퇴직 하는 일이 생길 수 있음식비 지원됨 7천원
","
식비 말곤 복지가 없음 상여금 보너스 같은 거 없음야근수당 없음대표가 지 멋대로라 뭘 할수가 없음
","
대표가 사람 쓸 줄 모른다 특히 회의한다고 하고 사람다 모아놓고건 쓸대없는 얘기를 너무 많이합니다. 2~3시간동안 계속 그많은 사람들 붙잡아 두고 별얘기 안하고 끝나는 거 보면 진짜 최악임
"
2021. 05,전문직,전직원,4.0,"""평등한 관계 유지가 있기에 큰 문제 없이 회사에 다닐 수 있었다""","
워라벨이 지켜지면서 자기개발이 가능한 환경을 조성해줬다
","
직장 내에 젠틀하지 못한 직원들이 좀 있어서 불화가 가끔씩 있었다
","
조금 더 체계적인 분위기와 안정화된 시스템이 있었으면 좋겠다.
"
2021. 05,디자인,전직원,3.0,"""인테리어 회사라기 보단 도시환경공간디자인 같은 느낌의 회사""","
수평적인 분위기와 자유로운 분위기, 다양한 프로젝트로 인해 포폴이 다양해짐
","
PM은 따로 있으나 한 프로젝트를 한사람이 담당하는데 대리급 이상이 아닌 사원들은 체계적인게 없으니 벅찬느낌이다.
","
스타트업기업이지만 빠른 성장을 한 만큼 체계도 갖추었으면 좋겠다
"
2021. 04,서비스/고객지원,전직원,3.0,"""승진 기회 많음. 낙하산도 많음. 누군가에게는 편할수도""","
스케줄근무지만 유연하게 조정가능해서 근무로 인한 스트레스는 적음
","
낙하산 진짜 많음. 실 근무지에서 일 하는 사람 배려하지 않는 듯한 태도가 느껴짐
","
직원 복지에 신경을 써주셨으면... 퇴사율이 높은 건 서비스직이라서가 아님
"
2021. 03,서비스/고객지원,전직원,2.0,"""수평적인 기업임을 자부하지만 누구보다 보수적이며 능력있는 직원을 우대하기 보다 자신들에게 잘 맞춰줄 수 있는 사람을 필요로 하며 인력을 갈아 넣어 서비스를 만드는 곳.""","
사람 만나는거 좋아하고 서비스직 좋아하시면 선택하셔도 나쁘지 않습니다. 점장부터 직원, 알바까지 크게 구분 없이 일 하고 있어 편한 분위기에서 일 할 수 있습니다.
","
위에서 말한 편한 분위기를 느끼시려면 우선 이미 자리를 잡고있는 사람들에게 잘보여야한다는게 문제입니다. 텃세가 공공연하게 존재하고 무능력한 관리자는 일을 더 힘들게 만들며 핫플이라는 말로 무자비한 손님러쉬를 그저 견뎌야 합니다. 시간 외 수당은 따로 없고 노력하라는 말만 있을 뿐입니다.
","
새로운 매장을 늘리시는 것보다 지금 있는 매장들을 더 돌아보시는걸 추천드립니다. 충분히 잘 할 수 있는 가능성이 있는 아이템으로 회사 운영으로 인한 마이너스가 너무 커 직원 손실만으로 이어지니 안타까울 따름입니다.
"
2021. 03,서비스/고객지원,전직원,3.0,"""직원들은 좋은나 위에 상사들과 회사가 안좋은 기업이다.""","
직원들은 착하고 일하는 분위기는 좋다.점심은 시켜먹거나 만들어주는데 맛있다.다니는 재미는 있다.
","
회사가 별로다. 직원들 복지 좀 신경 써주면 좋겠다고 생각한다.
","
매장보다 직원을 아껴준다면 더 열심히들 일할텐데 안타깝다.
"
2021. 02,디자인,현직원,4.0,"""새로운 프로젝트를 배우면서 경험쌓기 좋은 곳. 다른 곳에서 할 수 없는 프로젝트들이 많음. 식음료 사업에서 공간 기획 사업의 비중이 점점 커지면서 회사의 위상이 달라지고 있는 느낌임.""","
위에서 가져오는 일들이 많아서 매번 새로운 일을 경험할 수 있음. 외부 클라이언트들 중 대기업이 많아서 포트폴리오 경력 쌓기 좋음.
","
주로 프로젝트 베이스이다 보니 마감일정 때문에 근무시간이 길어질 때가 많음.
","
코로나 영향은 이해하지만 고생한 직원들에게 좀더 보상 수준을 높여줬으면 좋겠음.
"
2021. 01,서비스/고객지원,전직원,4.0,"""근무환경이 비교적 자유로우나 이제 막 크고 있는 단계인것 같아 시스템 체계를 잡아가는 느낌""","
외식업일을 주로 하는 기업이라 점심시간에 팀원들과 같이 맛집을 갈 수 있고 보수적인 분위기가 아닌 열려있는 환경이라 제안할 수 있다.
","
연봉테이블이 시스템이 없어서 그런지 대우가 없고, 바쁘면 퇴근 시간과 관계없이 책상 지키고 일을 계속 해야하는 분위기이다. 외식업에 관심이 많고 시간적 투자가 가능하다면 경험해보시길
","
합리적인 복지 및 연봉테이블의 기준을 만들고 보상체계도 확실히 하셔야할 것 같습니다. 밝은 에너지 문화는 좋았습니다.
"
2020. 09,디자인,전직원,1.0,"""커리어를 쌓고 성장하고 싶다면 이 회사에 지원하지말 것""","
체계가 없어서 이 업무 저 업무에 다 투입되는 경우가 잦다대표에게 아부 잘하면 진급하기 유리하다
","
쉬는 날 일 안 하면 각종 불이익이 있다대표가 직원 뒷담화를 많이 한다
","
회사가 직원들 뒷바라지 해주는 거 아니에요. 직원들 돈 받고 받은 만큼 일하는 겁니다. 직원들 희생 강요 말고 정정당당하게 경영하세요.
"
2020. 08,서비스/고객지원,전직원,3.0,"""적은 월급과 월 200시간에 달하는 무리한 근로시간만큼 일은 많이줌""","
수평적 구조인듯 하지만 암묵적으로 굉장히 수직적이며 월급도 적도 쉬는날에도 업무를 강요하는거만큼 일을 많이 줌
","
월급이 적고 쉬는날에 업무를 강요하며 쉬는날 업무를 안할시 진급에서 제외됨
","
직원의 쉬는날은 좀 보장해주면서 일을 시키면 어떨까 생각함
"
2020. 07,서비스/고객지원,현직원,3.0,"""나쁘지않음 사람들이 직원들이 다 젊어서 소통은 원활하게 할수있음""","
빨리 승진할수일음 직원들이 나이가 다 비슷함 휴무가 많음
","
연봉이 그리 높지않다 연차가 쌓여도 차이는 별로....바쁜데 사람은 부족해서 연차를 못씀
","
근무환경개선해서 워라밸을 좀더 신경써줬으면 좋겠다...
"
